Function,Hardware Event Count:INST_RETIRED.ANY,Hardware Event Count:CPU_CLK_UNHALTED.THREAD,Hardware Event Count:CPU_CLK_UNHALTED.REF_TSC,Hardware Event Count:TOPDOWN.SLOTS,Hardware Event Count:MEM_INST_RETIRED.ALL_LOADS,Hardware Event Count:MEM_INST_RETIRED.ALL_STORES,Hardware Event Count:OCR.READS_TO_CORE.LOCAL_DRAM,Hardware Event Count:OCR.READS_TO_CORE.REMOTE_DRAM,Hardware Event Count:CPU_CLK_UNHALTED.DISTRIBUTED,Hardware Event Count:MEM_TRANS_RETIRED.LOAD_LATENCY_GT_4,Hardware Event Count:CPU_CLK_UNHALTED.THREAD_P,Hardware Event Count:CYCLE_ACTIVITY.CYCLES_MEM_ANY,Hardware Event Count:OCR.READS_TO_CORE.LOCAL_PMM,Hardware Event Count:OCR.READS_TO_CORE.REMOTE_PMM,Hardware Event Count:CYCLE_ACTIVITY.CYCLES_L1D_MISS,Hardware Event Count:CYCLE_ACTIVITY.STALLS_L1D_MISS,Hardware Event Count:CYCLE_ACTIVITY.STALLS_MEM_ANY,Hardware Event Count:CYCLE_ACTIVITY.STALLS_TOTAL,Hardware Event Count:EXE_ACTIVITY.1_PORTS_UTIL,Hardware Event Count:EXE_ACTIVITY.2_PORTS_UTIL,Hardware Event Count:CYCLE_ACTIVITY.STALLS_L2_MISS,Hardware Event Count:CYCLE_ACTIVITY.STALLS_L3_MISS,Hardware Event Count:DTLB_LOAD_MISSES.STLB_HIT:cmask=1,Hardware Event Count:DTLB_LOAD_MISSES.WALK_ACTIVE,Hardware Event Count:EXE_ACTIVITY.BOUND_ON_STORES,Hardware Event Count:FRONTEND_RETIRED.LATENCY_GE_4,Hardware Event Count:IDQ_UOPS_NOT_DELIVERED.CORE,Hardware Event Count:INT_MISC.RECOVERY_CYCLES:cmask=1:e=yes,Hardware Event Count:DTLB_STORE_MISSES.STLB_HIT:cmask=1,Hardware Event Count:DTLB_STORE_MISSES.WALK_ACTIVE,Hardware Event Count:L1D_PEND_MISS.FB_FULL,Hardware Event Count:L1D_PEND_MISS.FB_FULL_PERIODS,Hardware Event Count:INT_MISC.UOP_DROPPING,Hardware Event Count:TOPDOWN.BACKEND_BOUND_SLOTS,Hardware Event Count:UOPS_RETIRED.SLOTS,Hardware Event Count:L1D_PEND_MISS.L2_STALL,Hardware Event Count:L1D_PEND_MISS.PENDING,Hardware Event Count:L2_RQSTS.ALL_RFO,Hardware Event Count:L2_RQSTS.RFO_HIT,Hardware Event Count:LD_BLOCKS.NO_SR,Hardware Event Count:LD_BLOCKS.STORE_FORWARD,Hardware Event Count:LD_BLOCKS_PARTIAL.ADDRESS_ALIAS,Hardware Event Count:MEM_INST_RETIRED.LOCK_LOADS,Hardware Event Count:MEM_INST_RETIRED.SPLIT_LOADS,Hardware Event Count:MEM_INST_RETIRED.SPLIT_STORES,Hardware Event Count:MEM_INST_RETIRED.STLB_MISS_LOADS,Hardware Event Count:MEM_INST_RETIRED.STLB_MISS_STORES,Hardware Event Count:MEM_LOAD_L3_HIT_RETIRED.XSNP_HIT,Hardware Event Count:MEM_LOAD_L3_HIT_RETIRED.XSNP_HITM,Hardware Event Count:MEM_LOAD_L3_HIT_RETIRED.XSNP_MISS,Hardware Event Count:MEM_LOAD_L3_MISS_RETIRED.LOCAL_DRAM,Hardware Event Count:MEM_LOAD_L3_MISS_RETIRED.REMOTE_DRAM,Hardware Event Count:MEM_LOAD_L3_MISS_RETIRED.REMOTE_FWD,Hardware Event Count:MEM_LOAD_L3_MISS_RETIRED.REMOTE_HITM,Hardware Event Count:MEM_LOAD_L3_MISS_RETIRED.REMOTE_PMM,Hardware Event Count:MEM_LOAD_RETIRED.FB_HIT,Hardware Event Count:MEM_LOAD_RETIRED.L1_HIT,Hardware Event Count:MEM_LOAD_RETIRED.L1_MISS,Hardware Event Count:MEM_LOAD_RETIRED.L2_HIT,Hardware Event Count:MEM_LOAD_RETIRED.L3_HIT,Hardware Event Count:MEM_LOAD_RETIRED.L3_MISS,Hardware Event Count:MEM_LOAD_RETIRED.LOCAL_PMM,Hardware Event Count:OFFCORE_REQUESTS_OUTSTANDING.ALL_DATA_RD:cmask=4,Hardware Event Count:OFFCORE_REQUESTS_OUTSTANDING.CYCLES_WITH_DATA_RD,Hardware Event Count:OFFCORE_REQUESTS_OUTSTANDING.CYCLES_WITH_DEMAND_RFO,Hardware Event Count:OCR.DEMAND_RFO.L3_HIT.SNOOP_HITM,Hardware Event Count:OCR.DEMAND_DATA_RD.L3_HIT.SNOOP_HIT_WITH_FWD,Hardware Event Count:OCR.STREAMING_WR.ANY_RESPONSE,Hardware Event Count:OCR.DEMAND_DATA_RD.L3_HIT.SNOOP_HITM,Hardware Event Count:Total_Latency_MEM_TRANS_RETIRED.LOAD_LATENCY_GT_4,Hardware Event Count:Total_Latency_CYCLE_ACTIVITY.CYCLES_MEM_ANY,Hardware Event Count:Total_Latency_TOPDOWN.SLOTS,Hardware Event Count:Total_Latency_CPU_CLK_UNHALTED.DISTRIBUTED,Hardware Event Count:Total_Latency_CPU_CLK_UNHALTED.THREAD_P,Hardware Event Count:Total_Latency_MEM_LOAD_RETIRED.L1_HIT,Hardware Event Count:Total_Latency_MEM_LOAD_RETIRED.L1_MISS,Hardware Event Count:Total_Latency_MEM_INST_RETIRED.ALL_LOADS,Hardware Event Count:Total_Latency_CYCLE_ACTIVITY.CYCLES_L1D_MISS,Hardware Event Count:Total_Latency_MEM_LOAD_RETIRED.FB_HIT,Hardware Event Count:Total_Latency_MEM_INST_RETIRED.LOCK_LOADS,Hardware Event Count:Total_Latency_MEM_LOAD_RETIRED.L2_HIT,Hardware Event Count:Total_Latency_CPU_CLK_UNHALTED.THREAD,Hardware Event Count:Total_Latency_MEM_LOAD_RETIRED.L3_MISS,Hardware Event Count:Total_Latency_MEM_INST_RETIRED.ALL_STORES,Hardware Event Count:Total_Latency_INST_RETIRED.ANY,Hardware Event Count:Total_Latency_MEM_LOAD_L3_MISS_RETIRED.LOCAL_DRAM,Hardware Event Count:Total_Latency_MEM_INST_RETIRED.SPLIT_LOADS,Hardware Event Count:Total_Latency_MEM_INST_RETIRED.STLB_MISS_LOADS,Hardware Event Count:Total_Latency_CYCLE_ACTIVITY.STALLS_L1D_MISS,Hardware Event Count:Total_Latency_MEM_LOAD_RETIRED.L3_HIT,Module,Function (Full),Source File,Start Address
"mdLib::LJFunctorAVX<mdLib::MoleculeLJ, (bool)1, (bool)1, (autopas::FunctorN3Modes)2, (bool)0, (bool)0, (bool)1>::SoAFunctorVerletImpl<(bool)0>",45850500000,16962500000,0,24500007840,5153662552,4755803504,32383876,0,9788889792,146692067,19152204489,16422808715,0,0,4256051836,3145777444,8789672270,8650887971,3700909080,2590636356,2174287351,1942980186,157293112,314586224,231307165,0,1989241619,0,4626268,0,46261433,0,138784299,59677088610,25998886287,277568598,5135019063,0,0,0,69394020,300707420,0,0,0,0,0,0,0,0,9252906,0,0,0,0,305345898,6569123486,434862659,444115056,0,11570180,0,1572888722,6245293455,0,0,0,0,0,1665903600,13554599869,4150001328,43411598208,2590636356,368148483814,42024387174,292666966216,11519096817,21013349526,0,27405599914,6612500000,439666840,4233035220,12650000000,74023248,0,0,0,0,md-flexible,"mdLib::LJFunctorAVX<mdLib::MoleculeLJ, (bool)1, (bool)1, (autopas::FunctorN3Modes)2, (bool)0, (bool)0, (bool)1>::SoAFunctorVerletImpl<(bool)0>(autopas::SoAView<std::tuple<std::vector<mdLib::MoleculeLJ*, autopas::AlignedAllocator<mdLib::MoleculeLJ*, (unsigned long)64>>, std::vector<unsigned long, autopas::AlignedAllocator<unsigned long, (unsigned long)64>>, std::vector<double, autopas::AlignedAllocator<double, (unsigned long)64>>, std::vector<double, autopas::AlignedAllocator<double, (unsigned long)64>>, std::vector<double, autopas::AlignedAllocator<double, (unsigned long)64>>, std::vector<double, autopas::AlignedAllocator<double, (unsigned long)64>>, std::vector<double, autopas::AlignedAllocator<double, (unsigned long)64>>, std::vector<double, autopas::AlignedAllocator<double, (unsigned long)64>>, std::vector<double, autopas::AlignedAllocator<double, (unsigned long)64>>, std::vector<double, autopas::AlignedAllocator<double, (unsigned long)64>>, std::vector<double, autopas::AlignedAllocator<double, (unsigned long)64>>, std::vector<double, autopas::AlignedAllocator<double, (unsigned long)64>>, std::vector<double, autopas::AlignedAllocator<double, (unsigned long)64>>, std::vector<double, autopas::AlignedAllocator<double, (unsigned long)64>>, std::vector<unsigned long, autopas::AlignedAllocator<unsigned long, (unsigned long)64>>, std::vector<autopas::OwnershipState, autopas::AlignedAllocator<autopas::OwnershipState, (unsigned long)64>>>>, unsigned long, std::vector<unsigned long, autopas::AlignedAllocator<unsigned long, (unsigned long)64>> const&)",LJFunctorAVX.h,0x555630
autopas::VerletListHelpers<mdLib::MoleculeLJ>::VerletListGeneratorFunctor::SoAFunctorPair,31625000000,14697000000,0,27250008720,4681783216,27757608,46262680,0,7660870272,107820983,12212999964,11565358250,0,0,2313071650,1850457320,2821947413,3747176073,1202795451,1665409086,1942980186,1989241619,32383876,157293112,46261433,4626453,3284561743,69393189,23131340,87899092,185045732,0,231307165,12490553430,35806295349,0,3006993145,46261985,9252397,0,0,55515216,0,0,0,4626268,0,0,0,0,9252906,0,0,0,0,32385171,6522862053,27757191,18504794,0,6942108,0,185045732,2128025918,1110274392,0,0,0,0,925502000,4302313269,0,2340821472,8049477249,194159234301,878977715,97882578344,323830031,1267648122,0,129533558,437000000,196693060,0,1196000000,74023248,0,300707420,0,0,md-flexible,"autopas::VerletListHelpers<mdLib::MoleculeLJ>::VerletListGeneratorFunctor::SoAFunctorPair(autopas::SoAView<std::tuple<std::vector<mdLib::MoleculeLJ*, autopas::AlignedAllocator<mdLib::MoleculeLJ*, (unsigned long)64>>, std::vector<unsigned long, autopas::AlignedAllocator<unsigned long, (unsigned long)64>>, std::vector<double, autopas::AlignedAllocator<double, (unsigned long)64>>, std::vector<double, autopas::AlignedAllocator<double, (unsigned long)64>>, std::vector<double, autopas::AlignedAllocator<double, (unsigned long)64>>, std::vector<double, autopas::AlignedAllocator<double, (unsigned long)64>>, std::vector<double, autopas::AlignedAllocator<double, (unsigned long)64>>, std::vector<double, autopas::AlignedAllocator<double, (unsigned long)64>>, std::vector<double, autopas::AlignedAllocator<double, (unsigned long)64>>, std::vector<double, autopas::AlignedAllocator<double, (unsigned long)64>>, std::vector<double, autopas::AlignedAllocator<double, (unsigned long)64>>, std::vector<double, autopas::AlignedAllocator<double, (unsigned long)64>>, std::vector<double, autopas::AlignedAllocator<double, (unsigned long)64>>, std::vector<double, autopas::AlignedAllocator<double, (unsigned long)64>>, std::vector<unsigned long, autopas::AlignedAllocator<unsigned long, (unsigned long)64>>, std::vector<autopas::OwnershipState, autopas::AlignedAllocator<autopas::OwnershipState, (unsigned long)64>>>>, autopas::SoAView<std::tuple<std::vector<mdLib::MoleculeLJ*, autopas::AlignedAllocator<mdLib::MoleculeLJ*, (unsigned long)64>>, std::vector<unsigned long, autopas::AlignedAllocator<unsigned long, (unsigned long)64>>, std::vector<double, autopas::AlignedAllocator<double, (unsigned long)64>>, std::vector<double, autopas::AlignedAllocator<double, (unsigned long)64>>, std::vector<double, autopas::AlignedAllocator<double, (unsigned long)64>>, std::vector<double, autopas::AlignedAllocator<double, (unsigned long)64>>, std::vector<double, autopas::AlignedAllocator<double, (unsigned long)64>>, std::vector<double, autopas::AlignedAllocator<double, (unsigned long)64>>, std::vector<double, autopas::AlignedAllocator<double, (unsigned long)64>>, std::vector<double, autopas::AlignedAllocator<double, (unsigned long)64>>, std::vector<double, autopas::AlignedAllocator<double, (unsigned long)64>>, std::vector<double, autopas::AlignedAllocator<double, (unsigned long)64>>, std::vector<double, autopas::AlignedAllocator<double, (unsigned long)64>>, std::vector<double, autopas::AlignedAllocator<double, (unsigned long)64>>, std::vector<unsigned long, autopas::AlignedAllocator<unsigned long, (unsigned long)64>>, std::vector<autopas::OwnershipState, autopas::AlignedAllocator<autopas::OwnershipState, (unsigned long)64>>>>, bool)",VerletListHelpers.h,0x509900
"std::__unguarded_partition<__gnu_cxx::__normal_iterator<unsigned long*, std::vector<unsigned long, autopas::AlignedAllocator<unsigned long, (unsigned long)64>>>, __gnu_cxx::__ops::_Iter_less_iter>",6348000000,2518500000,0,2050000656,0,0,9252536,0,957608784,0,3145772718,2081764485,0,0,138784299,0,462614330,416352897,185045454,462613635,0,46261433,0,0,0,0,2868208846,69393189,0,0,0,0,0,925226180,4903704531,0,370091464,0,0,0,0,0,0,0,0,0,0,0,0,0,0,0,0,0,0,0,0,0,0,0,0,0,46261433,92522866,0,0,0,0,0,0,2035503052,350000112,1276811712,1942977267,0,0,0,0,0,0,0,80500000,0,0,80500000,0,0,0,0,0,md-flexible,"std::__unguarded_partition<__gnu_cxx::__normal_iterator<unsigned long*, std::vector<unsigned long, autopas::AlignedAllocator<unsigned long, (unsigned long)64>>>, __gnu_cxx::__ops::_Iter_less_iter>(__gnu_cxx::__normal_iterator<unsigned long*, std::vector<unsigned long, autopas::AlignedAllocator<unsigned long, (unsigned long)64>>>, __gnu_cxx::__normal_iterator<unsigned long*, std::vector<unsigned long, autopas::AlignedAllocator<unsigned long, (unsigned long)64>>>, __gnu_cxx::__normal_iterator<unsigned long*, std::vector<unsigned long, autopas::AlignedAllocator<unsigned long, (unsigned long)64>>>, __gnu_cxx::__ops::_Iter_less_iter)",stl_algo.h,0x4fd5b7
autopas::VerletListsLinkedReferencesBase<mdLib::MoleculeLJ>::getParticleCoordinateForPosition,5945500000,1897500000,0,4200001344,596788572,508889480,9252536,0,1064009760,8329518,1757931813,2035503052,0,0,323830031,138784299,185045732,277568598,185045454,462613635,46261433,46261433,0,0,0,0,786444361,0,0,0,0,0,0,462613090,4256045442,0,370091464,0,0,0,0,27757608,0,0,0,0,0,0,0,0,0,0,0,0,0,23132265,786444361,18504794,9252397,0,0,0,231307165,462614330,0,0,0,0,0,63396887,370091464,2050000656,0,647659089,37101669266,730939363,18926062388,0,1258395216,0,656920187,80500000,0,226687132,80500000,0,0,0,0,0,md-flexible,"autopas::VerletListsLinkedReferencesBase<mdLib::MoleculeLJ>::getParticleCoordinateForPosition(std::array<double, (unsigned long)3> const&) const",VerletListsLinkedReferencesBase.h,0x537b80
"std::_Hashtable<mdLib::MoleculeLJ const*, std::pair<mdLib::MoleculeLJ const* const, unsigned long>, std::allocator<std::pair<mdLib::MoleculeLJ const* const, unsigned long>>, std::__detail::_Select1st, std::equal_to<mdLib::MoleculeLJ const*>, std::hash<mdLib::MoleculeLJ const*>, std::__detail::_Mod_range_hashing, std::__detail::_Default_ranged_hash, std::__detail::_Prime_rehash_policy, std::__detail::_Hashtable_traits<(bool)0, (bool)0, (bool)1>>::find",4887500000,3703000000,0,5800001856,1064041640,0,41636412,0,1808816592,20823795,3700909080,3747176073,0,0,1804195887,786444361,1387842990,1156535825,555136362,647659089,1064012959,878967227,314586224,194303256,0,0,1202797258,0,0,4626268,0,0,0,7864422530,5828931801,46261433,2683163114,0,27757191,0,0,18505072,0,0,0,0,0,0,0,0,0,0,0,0,0,32385171,1387842990,55514382,64766779,4627100,4628072,0,647660062,1804195887,323830031,0,0,0,0,255901303,1665411588,900000288,0,1480363632,50748792001,4302364605,32393128536,0,2095783209,0,2331604044,0,37024576,0,172500000,0,0,0,1850457320,32389700,md-flexible,"std::_Hashtable<mdLib::MoleculeLJ const*, std::pair<mdLib::MoleculeLJ const* const, unsigned long>, std::allocator<std::pair<mdLib::MoleculeLJ const* const, unsigned long>>, std::__detail::_Select1st, std::equal_to<mdLib::MoleculeLJ const*>, std::hash<mdLib::MoleculeLJ const*>, std::__detail::_Mod_range_hashing, std::__detail::_Default_ranged_hash, std::__detail::_Prime_rehash_policy, std::__detail::_Hashtable_traits<(bool)0, (bool)0, (bool)1>>::find(mdLib::MoleculeLJ const* const&)",hashtable.h,0x4fb810
"std::vector<ParticlePropertiesLibrary<double, unsigned long>::PackedLJMixingData, autopas::AlignedAllocator<ParticlePropertiesLibrary<double, unsigned long>::PackedLJMixingData, (unsigned long)64>>::operator[]",4025000000,1357000000,0,1650000528,0,0,0,0,851207808,0,1480363632,1156535825,0,0,0,0,508875763,370091464,462613635,370090908,0,0,0,0,0,0,92522866,0,0,0,0,0,0,3238291630,647659089,0,92522866,0,0,0,4626268,4626268,0,0,0,0,0,0,0,0,0,0,0,0,0,0,0,0,0,0,0,0,92522866,277568598,0,0,0,0,0,0,370091464,0,0,0,0,0,0,0,0,0,0,172500000,0,0,138000000,0,0,0,0,0,md-flexible,"std::vector<ParticlePropertiesLibrary<double, unsigned long>::PackedLJMixingData, autopas::AlignedAllocator<ParticlePropertiesLibrary<double, unsigned long>::PackedLJMixingData, (unsigned long)64>>::operator[](unsigned long) const",stl_vector.h,0x5557f8
_ZN5mdLib12LJFunctorAVXINS_10MoleculeLJELb1ELb1ELN7autopas14FunctorN3ModesE2ELb0ELb0ELb1EE9SoAKernelILb0ELb0EEEvmDv4_xPKlRKDv4_dSB_SB_PKdSD_SD_PdSE_SE_PKmSG_RS9_SH_SH_PS9_SI_SI_SI_j,3530500000,21689000000,0,31000009920,4089620912,0,13878804,0,12661716144,3702008,20354999940,20817644850,0,0,1665411588,555137196,6800430651,7586875012,4533613623,5828931801,138784299,0,74020288,0,462614330,0,3700914640,0,13878804,0,0,0,323830031,42560404280,25073659017,0,2636901681,0,0,0,1013152692,189676988,0,0,0,0,0,0,0,0,0,0,0,0,0,0,5366326228,0,0,0,0,0,1619150155,6106509156,0,0,0,0,0,621937344,55745026765,1150000368,1596014640,1942977267,410986570772,0,220150215316,0,0,0,0,7026500000,0,0,2622000000,0,0,0,0,0,md-flexible,_ZN5mdLib12LJFunctorAVXINS_10MoleculeLJELb1ELb1ELN7autopas14FunctorN3ModesE2ELb0ELb0ELb1EE9SoAKernelILb0ELb0EEEvmDv4_xPKlRKDv4_dSB_SB_PKdSD_SD_PdSE_SE_PKmSG_RS9_SH_SH_PS9_SI_SI_SI_j,LJFunctorAVX.h,0x555730
[Outside any known module],3289000000,3841000000,0,8650002768,296081152,356222636,37010144,0,2553623424,20361044,5366318166,3377084609,0,0,1110274392,647660062,1249058691,3145777444,277568181,0,462614330,277568598,18505072,83272824,786444361,18505812,3562130341,23131063,27757608,115656700,416352897,0,46261433,5088743990,2868204537,92522866,370091464,27757191,0,0,9252536,46262680,4626453,0,0,0,0,0,0,0,0,0,0,0,0,4626453,508875763,9252397,18504794,0,2314036,0,185045732,555137196,601398629,0,0,0,0,314207929,647660062,1150000368,7873672224,2128022721,27386768336,64766779,8919444704,323830031,32385171,1003940301,1878236591,1897500000,164296556,32383876,0,0,0,0,370091464,0,[Unknown],[Outside any known module],[Unknown],0x0
autopas::VerletListsLinkedReferencesBase<mdLib::MoleculeLJ>::sortingKeyForParticle,3070500000,747500000,0,1650000528,263697276,27757608,4626268,0,638405856,11568775,1017749997,555137196,0,0,0,0,92522866,92522866,185045454,0,0,0,0,0,0,0,231307165,0,0,0,0,0,0,462613090,1757931813,0,46261433,0,0,0,0,0,0,0,0,0,0,0,0,0,0,0,0,0,0,0,740182928,0,0,0,0,0,92522866,138784299,0,0,0,0,0,184637649,0,0,0,0,39183433751,0,8725141448,0,0,0,0,0,0,0,0,0,0,0,0,0,md-flexible,autopas::VerletListsLinkedReferencesBase<mdLib::MoleculeLJ>::sortingKeyForParticle(mdLib::MoleculeLJ const&) const,VerletListsLinkedReferencesBase.h,0x537b00
"autopas::VerletLists<mdLib::MoleculeLJ, autopas::VerletListsLinkedReferencesBase>::generateSoAListFromAoSVerletLists",2955500000,1886000000,0,1700000544,439495460,707819004,9252536,0,1702415616,7404016,1665409086,1480365856,0,0,231307165,185045732,231307165,555137196,277568181,462613635,46261433,0,97151628,23131340,46261433,0,1387842990,23131063,0,9252536,0,0,92522866,0,3238295445,0,370091464,18504794,0,0,0,13878804,0,0,0,0,0,0,0,0,0,0,0,0,0,4626453,601398629,18504794,9252397,0,0,0,138784299,277568598,0,0,0,0,0,72189156,1295320124,0,0,1757931813,23963422294,148038352,9705910264,0,32385171,0,370095880,80500000,0,161919380,172500000,0,0,0,0,0,md-flexible,"autopas::VerletLists<mdLib::MoleculeLJ, autopas::VerletListsLinkedReferencesBase>::generateSoAListFromAoSVerletLists(void)",VerletLists.h,0x5402c0
"std::sort<__gnu_cxx::__normal_iterator<unsigned long*, std::vector<unsigned long, autopas::AlignedAllocator<unsigned long, (unsigned long)64>>>>",2668000000,1207500000,0,800000256,152666844,161919380,0,0,1064009760,8329518,1387840905,1017751526,0,0,46261433,46261433,185045732,740182928,277568181,92522727,0,0,0,4626268,0,0,1156535825,46262126,0,0,0,0,138784299,0,1572886359,0,0,0,0,0,0,0,0,0,0,0,0,0,0,0,0,0,0,0,0,0,185045732,0,0,0,0,0,0,92522866,0,0,0,0,0,61083132,0,0,0,0,14479828529,0,6337987160,0,0,0,0,0,0,0,80500000,0,0,0,0,0,md-flexible,"std::sort<__gnu_cxx::__normal_iterator<unsigned long*, std::vector<unsigned long, autopas::AlignedAllocator<unsigned long, (unsigned long)64>>>>(__gnu_cxx::__normal_iterator<unsigned long*, std::vector<unsigned long, autopas::AlignedAllocator<unsigned long, (unsigned long)64>>>, __gnu_cxx::__normal_iterator<unsigned long*, std::vector<unsigned long, autopas::AlignedAllocator<unsigned long, (unsigned long)64>>>)",stl_algo.h,0x540581
"ParticlePropertiesLibrary<double, unsigned long>::getMixing24Epsilon",2645000000,724500000,0,750000240,962263744,9252536,4626268,0,744806832,5090261,647659089,647660062,0,0,138784299,46261433,46261433,138784299,277568181,0,46261433,0,0,13878804,0,0,185045732,0,0,0,0,0,0,3700904720,185045454,0,138784299,0,0,0,0,4626268,0,0,0,0,0,0,0,0,0,0,0,0,0,0,1156535825,0,0,0,0,0,0,185045732,0,0,0,0,0,46275100,693921495,0,0,647659089,148915552827,0,38356387988,0,0,0,0,0,0,0,0,0,0,0,0,0,md-flexible,"ParticlePropertiesLibrary<double, unsigned long>::getMixing24Epsilon(unsigned long, unsigned long) const",ParticlePropertiesLibrary.h,0x555737
"__gnu_cxx::__ops::_Val_less_iter::operator()<unsigned long, __gnu_cxx::__normal_iterator<unsigned long*, std::vector<unsigned long, autopas::AlignedAllocator<unsigned long, (unsigned long)64>>>>",2208000000,644000000,0,650000208,383980244,0,0,0,425603904,17584538,370090908,786444361,0,0,0,0,92522866,138784299,185045454,185045454,0,0,0,9252536,0,0,601398629,0,0,0,0,0,0,0,1572886359,0,0,0,0,0,0,0,0,0,0,0,0,0,0,0,0,0,0,0,0,0,185045732,0,0,0,0,0,0,0,0,0,0,0,0,140676304,323830031,0,744806832,832704543,10963959621,0,13670621940,0,0,0,0,80500000,0,0,161000000,0,0,0,0,0,md-flexible,"__gnu_cxx::__ops::_Val_less_iter::operator()<unsigned long, __gnu_cxx::__normal_iterator<unsigned long*, std::vector<unsigned long, autopas::AlignedAllocator<unsigned long, (unsigned long)64>>>>(unsigned long&, __gnu_cxx::__normal_iterator<unsigned long*, std::vector<unsigned long, autopas::AlignedAllocator<unsigned long, (unsigned long)64>>>) const",predefined_ops.h,0x54068b
"ParticlePropertiesLibrary<double, unsigned long>::getMixing24Epsilon",2185000000,621000000,0,900000288,4626268,0,0,0,532004880,6941265,647659089,832705794,0,0,0,46261433,277568598,370091464,185045454,92522727,0,0,4626268,0,0,0,46261433,0,0,0,0,0,0,925226180,832704543,0,0,0,0,0,0,0,0,0,0,0,0,0,0,0,0,0,0,0,0,0,46261433,0,0,0,0,0,46261433,138784299,0,0,0,0,0,55067369,323830031,0,0,0,323830031,0,37010144,0,0,0,0,0,0,0,80500000,0,0,0,0,0,md-flexible,"ParticlePropertiesLibrary<double, unsigned long>::getMixing24Epsilon(unsigned long, unsigned long) const",ParticlePropertiesLibrary.h,0x5557f8
"std::vector<ParticlePropertiesLibrary<double, unsigned long>::PackedLJMixingData, autopas::AlignedAllocator<ParticlePropertiesLibrary<double, unsigned long>::PackedLJMixingData, (unsigned long)64>>::operator[]",2185000000,701500000,0,550000176,9252536,18505072,4626268,0,106400976,3239257,647659089,693921495,0,0,46261433,46261433,508875763,277568598,185045454,0,0,0,4626268,4626268,0,4626453,46261433,0,0,0,0,0,46261433,1850452360,185045454,46261433,46261433,0,0,0,0,9252536,0,0,0,0,0,0,0,0,0,0,0,0,0,0,0,0,0,0,0,0,0,231307165,0,0,0,0,0,24063052,0,0,0,0,0,0,434869192,0,0,0,0,0,0,0,0,0,0,0,0,0,md-flexible,"std::vector<ParticlePropertiesLibrary<double, unsigned long>::PackedLJMixingData, autopas::AlignedAllocator<ParticlePropertiesLibrary<double, unsigned long>::PackedLJMixingData, (unsigned long)64>>::operator[](unsigned long) const",stl_vector.h,0x555760
_mm256_set_pd,2162000000,805000000,0,1000000320,55515216,0,4626268,0,212801952,17121787,740181816,555137196,0,0,46261433,0,46261433,0,277568181,92522727,0,0,4626268,4626268,46261433,0,138784299,0,0,0,0,0,0,2313065450,1017749997,0,46261433,0,0,0,0,9252536,0,0,0,0,0,0,0,0,0,0,0,0,0,0,46261433,0,0,0,0,0,0,138784299,0,0,0,0,0,131421284,323830031,0,0,0,323830031,0,7290998368,0,0,0,0,0,0,0,356500000,0,0,0,0,0,md-flexible,_mm256_set_pd,avxintrin.h,0x5557f8
_mm256_set_pd,2139000000,609500000,0,1050000336,3108852096,0,9252536,0,532004880,7404016,740181816,508875763,0,0,46261433,0,555137196,508875763,92522727,92522727,0,0,0,0,0,0,0,0,0,0,0,0,0,1387839270,92522727,0,46261433,0,0,0,0,4626268,0,0,0,0,0,0,0,0,0,0,0,0,0,0,4117267537,0,0,0,0,0,92522866,138784299,0,0,0,0,0,64322389,0,0,0,0,210304474418,0,155826585044,0,0,0,0,0,0,0,0,0,0,0,0,0,md-flexible,_mm256_set_pd,avxintrin.h,0x5557f8
"std::unordered_map<mdLib::MoleculeLJ const*, unsigned long, std::hash<mdLib::MoleculeLJ const*>, std::equal_to<mdLib::MoleculeLJ const*>, std::allocator<std::pair<mdLib::MoleculeLJ const* const, unsigned long>>>::find",2035500000,1092500000,0,1900000608,231313400,4626268,4626268,0,1170410736,5553012,925227270,1156535825,0,0,740182928,647660062,601398629,740182928,92522727,185045454,323830031,277568598,46262680,74020288,0,0,370091464,0,0,18505072,0,0,0,4626130900,647659089,0,971490093,0,0,0,0,4626268,0,0,0,4626268,0,0,0,0,0,0,0,0,0,13879359,185045732,9252397,0,0,4628072,0,231307165,601398629,185045732,0,0,0,0,74502911,416352897,0,0,0,2821947413,64766779,6828371568,370091464,1124228079,0,0,264500000,32396504,0,161000000,0,0,32383876,0,0,md-flexible,"std::unordered_map<mdLib::MoleculeLJ const*, unsigned long, std::hash<mdLib::MoleculeLJ const*>, std::equal_to<mdLib::MoleculeLJ const*>, std::allocator<std::pair<mdLib::MoleculeLJ const* const, unsigned long>>>::find(mdLib::MoleculeLJ const* const&)",unordered_map.h,0x54050b
_int_malloc,1955000000,1644500000,0,4450001424,189676988,212808328,23131340,0,2128019520,6015763,3053249991,2266810217,0,0,786444361,508875763,555137196,740182928,0,92522727,231307165,185045732,32383876,50888948,92522866,9252906,1295320124,23131063,23131340,157293112,0,0,46261433,3238291630,2405590902,0,1017751526,0,9252397,0,0,18505072,0,0,0,0,0,0,0,0,0,0,0,0,0,4626453,231307165,0,9252397,0,2314036,0,46261433,832705794,46261433,0,0,0,0,284129114,647660062,0,1596014640,0,10455083858,0,6037279740,3839698939,277587180,0,83271573,80500000,20826324,32383876,80500000,0,0,0,0,0,libc.so.6,_int_malloc,[Unknown],0xb697e
_mm256_div_pd,1805500000,575000000,0,700000224,138788040,0,4626268,0,319202928,4627510,1480363632,740182928,0,0,0,0,185045732,277568598,370090908,185045454,0,0,0,0,0,0,0,0,0,0,0,0,0,1387839270,277568181,0,46261433,0,0,0,0,9252536,0,0,0,0,0,0,0,0,0,0,0,0,0,0,138784299,0,0,0,0,0,46261433,138784299,0,0,0,0,0,36094578,0,0,0,0,13184508405,0,6805240228,0,0,0,0,0,0,0,333500000,0,0,0,0,0,md-flexible,_mm256_div_pd,avxintrin.h,0x5558a6
"std::vector<mdLib::MoleculeLJ*, std::allocator<mdLib::MoleculeLJ*>>::push_back",1656000000,770500000,0,900000288,157293112,69394020,0,0,212801952,10180522,647659089,508875763,0,0,92522866,46261433,138784299,92522866,92522727,92522727,0,46261433,0,0,138784299,0,323830031,0,13878804,4626268,0,0,0,925226180,1757931813,0,0,18504794,0,0,0,9252536,0,0,0,0,0,0,0,0,0,0,0,0,0,0,416352897,0,0,0,0,0,0,46261433,46261433,0,0,0,0,101805220,1619150155,0,0,0,6939214950,0,3608489040,0,0,0,0,0,0,0,80500000,0,0,0,0,0,md-flexible,"std::vector<mdLib::MoleculeLJ*, std::allocator<mdLib::MoleculeLJ*>>::push_back(mdLib::MoleculeLJ* const&)",stl_vector.h,0x509979
_mm256_add_pd,1472000000,2760000000,0,3650001168,0,0,0,0,2021618544,0,1757931813,3700914640,0,0,416352897,0,138784299,46261433,832704543,925227270,0,0,4626268,4626268,0,0,0,0,0,0,0,0,0,10640101070,0,0,370091464,0,0,0,83272824,27757608,0,0,0,0,0,0,0,0,0,0,0,0,0,0,0,0,0,0,0,0,231307165,832705794,0,0,0,0,0,0,11056482487,0,0,24240954474,0,0,0,323830031,0,0,0,0,0,0,0,0,0,0,0,0,md-flexible,_mm256_add_pd,avxintrin.h,0x55580d
_mm256_mul_pd,1472000000,2047000000,0,2800000896,0,0,0,0,1064009760,0,1480363632,1665411588,0,0,185045732,46261433,323830031,277568598,555136362,462613635,0,0,4626268,0,0,0,46261433,0,0,0,0,0,0,11102714160,0,0,231307165,0,0,0,55515216,9252536,0,0,0,0,0,0,0,0,0,0,0,0,0,0,0,0,0,0,0,0,92522866,740182928,0,0,0,0,0,0,323830031,0,0,0,0,0,0,0,0,0,0,80500000,0,0,0,0,0,0,0,0,md-flexible,_mm256_mul_pd,avxintrin.h,0x55580d
autopas::VerletListHelpers<mdLib::MoleculeLJ>::VerletListGeneratorFunctor::SoAFunctorSingle,1472000000,690000000,0,1100000352,254444740,23131340,4626268,0,532004880,5553012,740181816,740182928,0,0,277568598,231307165,370091464,370091464,185045454,277568181,46261433,138784299,0,18505072,46261433,0,323830031,0,46262680,4626268,0,0,0,2313065450,1480363632,0,416352897,9252397,0,0,0,23131340,0,0,0,0,0,0,0,0,0,0,0,0,0,0,508875763,0,9252397,0,0,0,0,231307165,231307165,0,0,0,0,41184839,0,0,0,17486795403,4348574702,0,4371823260,647660062,0,0,83271573,0,0,0,0,0,0,0,0,0,md-flexible,"autopas::VerletListHelpers<mdLib::MoleculeLJ>::VerletListGeneratorFunctor::SoAFunctorSingle(autopas::SoAView<std::tuple<std::vector<mdLib::MoleculeLJ*, autopas::AlignedAllocator<mdLib::MoleculeLJ*, (unsigned long)64>>, std::vector<unsigned long, autopas::AlignedAllocator<unsigned long, (unsigned long)64>>, std::vector<double, autopas::AlignedAllocator<double, (unsigned long)64>>, std::vector<double, autopas::AlignedAllocator<double, (unsigned long)64>>, std::vector<double, autopas::AlignedAllocator<double, (unsigned long)64>>, std::vector<double, autopas::AlignedAllocator<double, (unsigned long)64>>, std::vector<double, autopas::AlignedAllocator<double, (unsigned long)64>>, std::vector<double, autopas::AlignedAllocator<double, (unsigned long)64>>, std::vector<double, autopas::AlignedAllocator<double, (unsigned long)64>>, std::vector<double, autopas::AlignedAllocator<double, (unsigned long)64>>, std::vector<double, autopas::AlignedAllocator<double, (unsigned long)64>>, std::vector<double, autopas::AlignedAllocator<double, (unsigned long)64>>, std::vector<double, autopas::AlignedAllocator<double, (unsigned long)64>>, std::vector<double, autopas::AlignedAllocator<double, (unsigned long)64>>, std::vector<unsigned long, autopas::AlignedAllocator<unsigned long, (unsigned long)64>>, std::vector<autopas::OwnershipState, autopas::AlignedAllocator<autopas::OwnershipState, (unsigned long)64>>>>, bool)",VerletListHelpers.h,0x509e00
autopas::internal::CellBlock3D<autopas::ReferenceParticleCell<mdLib::MoleculeLJ>>::getCellBoundingBox,1299500000,391000000,0,500000160,120282968,134161772,9252536,0,106400976,2313755,277568181,508875763,0,0,92522866,0,138784299,0,92522727,0,0,0,0,0,0,0,92522866,0,0,0,0,0,0,0,1017749997,0,92522866,0,0,0,13878804,23131340,0,0,0,0,0,0,0,0,0,0,0,0,0,0,323830031,0,0,0,0,0,0,185045732,0,0,0,0,0,25451305,647660062,0,0,0,12166756879,0,6634068312,0,0,0,0,0,0,0,0,0,0,0,0,0,md-flexible,"autopas::internal::CellBlock3D<autopas::ReferenceParticleCell<mdLib::MoleculeLJ>>::getCellBoundingBox(std::array<unsigned long, (unsigned long)3> const&) const",CellBlock3D.h,0x5390bd
TimeDiscretization::calculatePositionsAndResetForces._omp_fn.0,1288000000,494500000,0,950000304,124909236,101777896,9252536,0,319202928,3239257,370090908,462614330,0,0,46261433,0,46261433,92522866,0,92522727,0,0,4626268,0,46261433,0,138784299,0,0,0,0,0,0,925226180,2313068175,0,92522866,0,0,0,0,0,0,0,4626268,0,0,0,0,0,0,0,0,0,0,4626453,138784299,0,0,0,0,0,277568598,416352897,0,0,0,0,0,100879718,0,0,0,0,13091985539,0,2586083812,0,217443291,0,0,0,0,0,0,0,0,0,0,0,md-flexible,TimeDiscretization::calculatePositionsAndResetForces._omp_fn.0,TimeDiscretization.cpp,0x4591c0
_mm256_sub_pd,1207500000,713000000,0,950000304,0,0,0,0,425603904,7866767,185045454,508875763,0,0,92522866,0,92522866,185045732,0,185045454,0,0,0,0,0,0,0,0,0,0,0,0,0,2313065450,0,0,0,0,0,0,4626268,4626268,0,0,0,0,0,0,0,0,0,0,0,0,0,0,0,0,0,0,0,0,46261433,185045732,0,0,0,0,0,1541886332,971490093,0,0,0,0,0,0,0,0,0,0,0,0,0,0,0,0,0,0,0,md-flexible,_mm256_sub_pd,avxintrin.h,0x555804
_mm256_mul_pd,1173000000,667000000,0,1150000368,0,0,0,0,744806832,0,832704543,508875763,0,0,46261433,46261433,92522866,92522866,92522727,0,0,0,0,4626268,0,0,0,0,0,0,0,0,0,2313065450,647659089,0,0,0,0,0,4626268,4626268,0,0,0,0,0,0,0,0,0,0,0,0,0,0,0,0,0,0,0,0,0,185045732,0,0,0,0,0,0,323830031,0,0,0,0,0,0,0,0,0,0,299000000,0,0,0,0,0,0,0,0,md-flexible,_mm256_mul_pd,avxintrin.h,0x5558c1
"__gnu_cxx::__ops::_Iter_less_iter::operator()<__gnu_cxx::__normal_iterator<unsigned long*, std::vector<unsigned long, autopas::AlignedAllocator<unsigned long, (unsigned long)64>>>, __gnu_cxx::__normal_iterator<unsigned long*, std::vector<unsigned long, autopas::AlignedAllocator<unsigned long, (unsigned long)64>>>>",1161500000,540500000,0,500000160,448747996,0,4626268,0,851207808,14345281,647659089,647660062,0,0,323830031,231307165,138784299,370091464,92522727,92522727,46261433,46261433,0,0,0,0,323830031,0,0,0,0,0,0,925226180,832704543,0,462614330,0,0,0,0,0,0,0,0,0,0,0,0,0,0,0,0,0,0,32385171,740182928,0,0,0,0,0,92522866,46261433,0,0,0,0,0,157798091,370091464,0,75970296864,647659089,36500270637,0,13758521032,0,2109662568,0,0,5600500000,0,0,5715500000,0,0,0,0,0,md-flexible,"__gnu_cxx::__ops::_Iter_less_iter::operator()<__gnu_cxx::__normal_iterator<unsigned long*, std::vector<unsigned long, autopas::AlignedAllocator<unsigned long, (unsigned long)64>>>, __gnu_cxx::__normal_iterator<unsigned long*, std::vector<unsigned long, autopas::AlignedAllocator<unsigned long, (unsigned long)64>>>>(__gnu_cxx::__normal_iterator<unsigned long*, std::vector<unsigned long, autopas::AlignedAllocator<unsigned long, (unsigned long)64>>>, __gnu_cxx::__normal_iterator<unsigned long*, std::vector<unsigned long, autopas::AlignedAllocator<unsigned long, (unsigned long)64>>>) const",predefined_ops.h,0x4fd5b7
_int_free,1127000000,345000000,0,800000256,55515216,41636412,0,0,212801952,925502,185045454,370091464,0,0,92522866,0,0,92522866,0,0,0,0,0,9252536,0,0,231307165,0,9252536,0,0,0,0,462613090,1202795451,0,46261433,9252397,18504794,0,0,0,0,0,0,0,0,0,0,0,0,0,0,0,0,0,46261433,0,0,0,0,0,0,138784299,92522866,0,0,0,0,12494277,0,0,0,0,323830031,0,3011700468,0,0,0,0,0,0,0,92000000,0,0,0,0,0,libc.so.6,_int_free,[Unknown],0xb5d1e
_mm256_sub_pd,1012000000,2518500000,0,3900001248,0,0,4626268,0,2234420496,0,1850454540,2498117382,0,0,323830031,277568598,1665411588,1387842990,740181816,92522727,46261433,0,9252536,0,0,0,786444361,0,0,0,0,0,0,2313065450,1572886359,46261433,138784299,0,0,0,0,13878804,0,0,0,0,0,0,0,0,0,0,0,0,0,0,0,0,0,0,0,0,138784299,601398629,0,0,0,0,0,0,323830031,0,744806832,0,0,0,0,0,0,0,0,0,0,0,0,0,0,0,0,0,md-flexible,_mm256_sub_pd,avxintrin.h,0x5558ec
autopas::LinkedCellsReferences<mdLib::MoleculeLJ>::getParticle,908500000,322000000,0,650000208,92525360,32383876,9252536,0,106400976,1388253,277568181,231307165,0,0,0,0,0,92522866,92522727,92522727,0,0,0,0,0,0,46261433,23131063,0,0,0,0,0,925226180,1110272724,0,0,0,0,0,0,0,0,0,0,0,0,0,0,0,0,0,0,0,0,0,0,0,0,0,0,0,92522866,231307165,0,0,0,0,0,10180522,0,400000128,0,0,0,0,1429516812,0,0,0,0,0,0,0,184000000,0,0,0,0,0,md-flexible,"autopas::LinkedCellsReferences<mdLib::MoleculeLJ>::getParticle(unsigned long, unsigned long, autopas::options::IteratorBehavior) const",LinkedCellsReferences.h,0x50e300
autopas::LinkedCellsReferences<mdLib::MoleculeLJ>::getParticleImpl<(bool)0>,862500000,253000000,0,350000112,337717564,32383876,0,0,106400976,2313755,277568181,138784299,0,0,0,0,0,0,92522727,185045454,0,0,0,0,0,0,46261433,0,0,0,0,0,0,1387839270,1480363632,92522866,46261433,0,0,0,0,4626268,0,0,0,0,0,0,0,0,0,0,0,0,0,0,138784299,0,0,0,0,0,277568598,231307165,0,0,0,0,0,26376807,0,350000112,0,0,4672404733,0,6458270128,0,0,0,0,0,0,0,0,0,0,0,0,0,md-flexible,"autopas::LinkedCellsReferences<mdLib::MoleculeLJ>::getParticleImpl<(bool)0>(unsigned long, unsigned long, autopas::options::IteratorBehavior, std::array<double, (unsigned long)3> const&, std::array<double, (unsigned long)3> const&) const",LinkedCellsReferences.h,0x50e311
TimeDiscretization::calculateVelocities._omp_fn.0,805000000,402500000,0,900000288,60141484,64767752,13878804,0,0,1851004,277568181,185045732,0,0,46261433,0,0,0,0,0,0,0,0,0,0,0,185045732,0,0,0,0,0,0,1387839270,1387840905,0,92522866,0,0,0,0,0,0,4626268,0,0,0,0,0,0,0,0,0,0,0,4626453,92522866,0,0,0,0,0,323830031,231307165,0,0,0,0,0,21286546,323830031,0,0,0,5782679125,0,2401033092,0,545921454,0,0,103500000,0,0,0,0,222060864,0,0,0,md-flexible,TimeDiscretization::calculateVelocities._omp_fn.0,TimeDiscretization.cpp,0x459520
_mm256_add_pd,782000000,2311500000,0,4300001376,0,0,0,0,2234420496,0,1480363632,2914470279,0,0,370091464,92522866,370091464,323830031,647659089,647659089,0,46261433,32383876,4626268,0,0,138784299,0,0,0,0,0,0,8789648710,2775681810,0,555137196,0,0,0,32383876,46262680,0,0,0,0,0,0,0,0,0,0,0,0,0,0,0,0,0,0,0,0,277568598,693921495,0,0,0,0,0,0,1064012959,0,28302659616,0,0,0,0,323830031,0,0,0,172500000,0,0,0,0,0,0,0,0,md-flexible,_mm256_add_pd,avxintrin.h,0x555826
_mm256_movemask_pd,782000000,1541000000,0,2650000848,0,0,4626268,0,1170410736,0,1572886359,1850457320,0,0,277568598,46261433,693921495,508875763,370090908,92522727,0,0,9252536,9252536,46261433,0,508875763,0,4626268,0,0,0,0,2775678540,832704543,0,462614330,0,0,0,37010144,27757608,0,0,0,0,0,0,0,0,0,0,0,0,0,0,0,0,0,0,0,0,92522866,416352897,0,0,0,0,0,0,971490093,0,1489613664,0,0,0,0,0,0,0,0,0,0,0,0,0,0,0,0,0,md-flexible,_mm256_movemask_pd,avxintrin.h,0x555835
malloc,736000000,299000000,0,850000272,69394020,138788040,0,0,212801952,2776506,92522727,323830031,0,0,0,0,46261433,138784299,92522727,0,46261433,0,9252536,9252536,46261433,0,323830031,23131063,9252536,4626268,0,0,0,0,277568181,0,92522866,0,0,0,0,0,0,0,0,0,0,0,0,0,0,0,0,0,0,0,92522866,9252397,0,0,0,0,0,92522866,0,0,0,0,0,30078815,0,0,0,0,1387842990,64766779,1452648152,0,0,0,0,0,0,0,80500000,0,0,0,0,0,libc.so.6,malloc,[Unknown],0xb811e
_mm256_and_pd,678500000,713000000,0,1600000512,0,0,9252536,0,319202928,0,1017749997,508875763,0,0,92522866,46261433,92522866,231307165,370090908,0,0,0,27757608,0,0,0,138784299,0,0,0,0,0,0,2313065450,92522727,46261433,92522866,0,0,0,18505072,18505072,0,0,0,0,0,0,0,0,0,0,0,0,0,0,0,0,0,0,0,0,0,231307165,0,0,0,0,0,0,323830031,0,0,21927886299,0,0,0,0,0,0,0,195500000,0,0,0,0,0,0,0,0,md-flexible,_mm256_and_pd,avxintrin.h,0x555831
_mm256_cmp_pd,644000000,2633500000,0,3950001264,0,0,13878804,0,1808816592,0,2128022721,2498117382,0,0,138784299,0,1064012959,1017751526,740181816,1017749997,0,0,13878804,18505072,0,0,0,0,0,0,0,0,46261433,12953166520,1110272724,46261433,231307165,0,0,0,41636412,46262680,0,0,0,0,0,0,0,0,0,0,0,0,0,0,0,0,0,0,0,0,46261433,416352897,0,0,0,0,0,0,323830031,0,744806832,740181816,0,0,0,0,0,0,0,80500000,0,0,0,0,0,0,0,0,md-flexible,_mm256_cmp_pd,avxintrin.h,0x55582b
_ZSt12construct_atIPN5mdLib10MoleculeLJEJRKS2_EEDTgsnwcvPvLi0E_T_pispcl7declvalIT0_EEEEPS6_DpOS7_,632500000,632500000,0,1100000352,9252536,171171916,0,0,744806832,3239257,647659089,370091464,0,0,370091464,231307165,138784299,231307165,92522727,92522727,138784299,46261433,0,0,0,0,138784299,0,4626268,263697276,0,0,0,1387839270,462613635,0,92522866,0,0,0,0,0,0,0,0,0,0,0,0,0,0,0,0,0,0,0,46261433,0,0,0,0,0,0,138784299,46261433,0,0,0,0,22674799,0,0,0,0,323830031,0,64767752,0,0,0,0,80500000,0,0,0,0,0,0,0,0,md-flexible,_ZSt12construct_atIPN5mdLib10MoleculeLJEJRKS2_EEDTgsnwcvPvLi0E_T_pispcl7declvalIT0_EEEEPS6_DpOS7_,stl_construct.h,0x509ab7
_mm256_add_pd,621000000,310500000,0,500000160,0,0,0,0,425603904,0,462613635,416352897,0,0,0,0,46261433,46261433,185045454,370090908,0,0,9252536,0,46261433,0,0,0,0,0,0,0,0,1387839270,0,0,0,0,0,0,0,0,0,0,0,0,0,0,0,0,0,0,0,0,0,0,0,0,0,0,0,0,0,46261433,0,0,0,0,0,0,0,0,0,0,0,0,0,0,0,0,0,0,0,0,0,0,0,0,0,0,md-flexible,_mm256_add_pd,avxintrin.h,0x555926
"__gnu_cxx::__normal_iterator<unsigned long*, std::vector<unsigned long, autopas::AlignedAllocator<unsigned long, (unsigned long)64>>>::operator--",598000000,138000000,0,50000016,0,0,0,0,0,0,92522727,231307165,0,0,0,0,0,46261433,0,0,0,0,0,0,0,0,92522866,0,0,0,0,0,0,462613090,462613635,0,0,0,0,0,0,0,0,0,0,0,0,0,0,0,0,0,0,0,0,0,0,0,0,0,0,0,0,0,0,0,0,0,0,0,323830031,0,0,0,0,0,0,0,0,0,0,0,0,0,0,0,0,0,0,0,md-flexible,"__gnu_cxx::__normal_iterator<unsigned long*, std::vector<unsigned long, autopas::AlignedAllocator<unsigned long, (unsigned long)64>>>::operator--(void)",stl_iterator.h,0x5406a4
"std::__introsort_loop<__gnu_cxx::__normal_iterator<unsigned long*, std::vector<unsigned long, autopas::AlignedAllocator<unsigned long, (unsigned long)64>>>, long, __gnu_cxx::__ops::_Iter_less_iter>",586500000,529000000,0,450000144,0,64767752,0,0,212801952,925502,740181816,277568598,0,0,0,0,46261433,92522866,92522727,0,0,0,0,0,0,0,832705794,0,0,0,0,0,0,462613090,1017749997,0,0,0,0,0,0,0,0,0,0,0,0,0,0,0,0,0,0,0,0,0,46261433,0,0,0,0,0,46261433,0,0,0,0,0,0,6478514,0,0,0,0,370091464,0,0,0,0,0,0,0,0,0,0,0,0,0,0,0,md-flexible,"std::__introsort_loop<__gnu_cxx::__normal_iterator<unsigned long*, std::vector<unsigned long, autopas::AlignedAllocator<unsigned long, (unsigned long)64>>>, long, __gnu_cxx::__ops::_Iter_less_iter>(__gnu_cxx::__normal_iterator<unsigned long*, std::vector<unsigned long, autopas::AlignedAllocator<unsigned long, (unsigned long)64>>>, __gnu_cxx::__normal_iterator<unsigned long*, std::vector<unsigned long, autopas::AlignedAllocator<unsigned long, (unsigned long)64>>>, long, __gnu_cxx::__ops::_Iter_less_iter)",stl_algo.h,0x4fd530
_mm256_add_pd,563500000,2633500000,0,3350001072,0,0,0,0,1276811712,0,2683159083,2451855949,0,0,185045732,0,185045732,138784299,647659089,647659089,0,46261433,18505072,0,92522866,0,138784299,0,0,0,0,0,0,9252261800,2035499994,0,416352897,0,0,0,74020288,37010144,0,0,0,0,0,0,0,0,0,0,0,0,0,0,0,0,0,0,0,0,92522866,832705794,0,0,0,0,0,0,925228660,0,0,647659089,0,0,0,0,0,0,0,80500000,0,0,0,0,0,0,0,0,md-flexible,_mm256_add_pd,avxintrin.h,0x55591c
_mm256_mul_pd,552000000,2116000000,0,3300001056,0,0,0,0,1276811712,0,2868204537,2081764485,0,0,92522866,0,323830031,416352897,462613635,92522727,0,0,4626268,0,138784299,0,138784299,0,0,0,0,0,46261433,8789648710,1017749997,0,138784299,0,0,0,115656700,0,0,0,0,0,0,0,0,0,0,0,0,0,0,0,0,0,0,0,0,0,138784299,601398629,0,0,0,0,0,0,8142012208,0,0,647659089,0,0,0,0,0,0,0,184000000,0,0,0,0,0,0,0,0,md-flexible,_mm256_mul_pd,avxintrin.h,0x5558fa
autopas::internal::CellBlock3D<autopas::ReferenceParticleCell<mdLib::MoleculeLJ>>::cellCanContainHaloParticles,552000000,92000000,0,50000016,120282968,0,0,0,106400976,462751,0,138784299,0,0,46261433,0,46261433,0,0,92522727,0,0,0,0,0,0,46261433,0,0,0,0,0,0,0,740181816,0,0,0,0,0,13878804,0,0,0,0,0,0,0,0,0,0,0,0,0,0,0,138784299,0,0,0,0,0,0,0,0,0,0,0,0,5553012,0,0,0,0,2821947413,0,6564674292,0,0,0,0,0,0,0,0,0,0,0,0,0,md-flexible,autopas::internal::CellBlock3D<autopas::ReferenceParticleCell<mdLib::MoleculeLJ>>::cellCanContainHaloParticles(unsigned long) const,CellBlock3D.h,0x539008
"std::vector<double, autopas::AlignedAllocator<double, (unsigned long)64>>::size",552000000,172500000,0,150000048,87899092,0,0,0,0,4164759,92522727,138784299,0,0,92522866,185045732,46261433,46261433,0,0,92522866,46261433,0,13878804,0,0,92522866,0,0,0,0,0,0,0,370090908,0,92522866,0,0,0,0,0,0,0,0,0,0,0,0,0,0,0,0,0,0,18505812,46261433,9252397,0,0,0,0,0,46261433,0,0,0,0,0,56918373,0,0,0,0,323830031,64766779,4293176704,0,536668548,0,0,0,0,0,0,0,0,0,11287789652,0,md-flexible,"std::vector<double, autopas::AlignedAllocator<double, (unsigned long)64>>::size(void) const",stl_vector.h,0x54b45c
autopas::LogicHandler<mdLib::MoleculeLJ>::checkNeighborListsInvalidDoDynamicRebuild._omp_fn.0,529000000,276000000,0,400000128,92525360,23131340,9252536,0,0,1388253,277568181,138784299,0,0,0,0,0,46261433,0,0,0,46261433,0,0,0,0,92522866,0,0,0,0,0,0,0,1110272724,0,370091464,0,0,0,0,0,0,0,0,0,0,0,0,0,0,0,0,0,0,13879359,46261433,0,0,0,0,0,92522866,92522866,0,0,0,0,0,21286546,0,0,0,0,323830031,0,869738384,0,458018847,0,0,0,0,32383876,80500000,0,0,0,0,0,md-flexible,autopas::LogicHandler<mdLib::MoleculeLJ>::checkNeighborListsInvalidDoDynamicRebuild._omp_fn.0,LogicHandler.h,0x514820
cfree,517500000,529000000,0,700000224,60141484,78646556,0,0,0,1388253,185045454,231307165,0,0,0,46261433,0,46261433,0,0,0,0,0,9252536,0,0,92522866,0,0,4626268,0,0,0,462613090,370090908,0,462614330,0,0,0,0,9252536,0,0,0,0,0,0,0,0,0,0,0,0,0,0,92522866,9252397,0,0,0,0,46261433,231307165,92522866,0,0,0,0,15733534,1387842990,0,0,0,4441097568,64766779,4755803504,0,0,0,0,0,0,0,0,0,0,0,0,0,libc.so.6,cfree,[Unknown],0xb880e
__memcpy_evex_unaligned_erms,483000000,1391500000,0,1650000528,83272824,46262680,9252536,0,532004880,3239257,1387840905,1156535825,0,0,832705794,693921495,416352897,832705794,0,92522727,693921495,555137196,4626268,27757608,92522866,0,416352897,0,13878804,0,0,0,0,5088743990,1017749997,0,3515868908,0,9252397,0,4626268,37010144,0,9252536,18505072,0,0,0,0,0,4626453,0,0,0,0,23132265,92522866,9252397,9252397,0,6942108,0,323830031,416352897,231307165,0,0,0,0,51365361,323830031,0,0,17486795403,647660062,83271573,2285376392,0,194311026,0,83271573,0,57850900,0,0,300719445,536647088,0,0,0,libc.so.6,__memcpy_evex_unaligned_erms,[Unknown],0x18eb4e
_mm256_and_pd,483000000,770500000,0,850000272,0,0,13878804,0,106400976,0,925227270,878967227,0,0,138784299,0,92522866,46261433,277568181,185045454,0,46261433,0,0,0,0,46261433,0,0,0,0,0,46261433,925226180,277568181,0,0,0,0,0,13878804,0,0,0,0,0,0,0,0,0,0,0,0,0,0,0,0,0,0,0,0,0,46261433,277568598,0,0,0,0,0,0,0,0,0,0,0,0,0,0,0,0,0,0,0,0,0,0,0,0,0,0,md-flexible,_mm256_and_pd,avxintrin.h,0x5558fa
_mm256_mul_pd,471500000,1334000000,0,2100000672,0,0,0,0,532004880,0,2128022721,1850457320,0,0,46261433,92522866,647660062,601398629,370090908,370090908,0,0,0,0,0,0,0,0,0,0,0,0,46261433,4163517810,832704543,46261433,92522866,0,0,0,9252536,4626268,0,0,0,0,0,0,0,0,0,0,0,0,0,0,0,0,0,0,0,0,92522866,323830031,0,0,0,0,0,0,1064012959,0,0,0,0,0,0,0,0,0,0,0,0,0,80500000,0,0,0,0,0,md-flexible,_mm256_mul_pd,avxintrin.h,0x5558fa
_mm256_add_pd,402500000,1909000000,0,2850000912,0,0,9252536,0,1489613664,0,2498113629,1942980186,0,0,92522866,46261433,1480365856,1156535825,370090908,277568181,0,0,0,4626268,0,0,46261433,0,0,0,0,0,92522866,1387839270,832704543,0,138784299,0,0,0,0,0,0,0,0,0,0,0,0,0,0,0,0,0,0,0,0,0,0,0,0,0,46261433,647660062,0,0,0,0,0,0,11287789652,350000112,851207808,740181816,0,0,0,0,0,0,0,0,0,0,0,0,0,0,0,0,md-flexible,_mm256_add_pd,avxintrin.h,0x5558f5
"autopas::VLListIterationTraversal<autopas::ReferenceParticleCell<mdLib::MoleculeLJ>, mdLib::LJFunctorAVX<mdLib::MoleculeLJ, (bool)1, (bool)1, (autopas::FunctorN3Modes)2, (bool)0, (bool)0, (bool)1>>::traverseParticles._omp_fn.1",402500000,103500000,0,0,23131340,46262680,0,0,0,462751,277568181,138784299,0,0,138784299,0,0,185045732,92522727,0,46261433,0,4626268,4626268,0,0,46261433,0,4626268,0,0,0,0,0,555136362,0,46261433,0,0,0,4626268,0,0,0,0,0,0,0,0,0,0,0,0,0,0,13879359,0,27757191,0,0,0,0,138784299,46261433,0,0,0,0,0,8329518,0,0,0,0,0,342338689,416364120,0,1397188806,0,0,0,0,0,0,0,0,0,0,0,md-flexible,"autopas::VLListIterationTraversal<autopas::ReferenceParticleCell<mdLib::MoleculeLJ>, mdLib::LJFunctorAVX<mdLib::MoleculeLJ, (bool)1, (bool)1, (autopas::FunctorN3Modes)2, (bool)0, (bool)0, (bool)1>>::traverseParticles._omp_fn.1",VLListIterationTraversal.h,0x57f7f0
_mm256_mul_pd,391000000,1667500000,0,2800000896,0,0,9252536,0,1064009760,0,1480363632,1804195887,0,0,46261433,0,1017751526,1017751526,370090908,277568181,0,0,0,0,0,0,185045732,0,0,0,0,0,0,8789648710,7679386341,0,138784299,0,0,0,4626268,27757608,0,0,0,0,0,0,0,0,0,0,0,0,0,0,0,0,0,0,0,0,138784299,647660062,0,0,0,0,0,0,647660062,0,851207808,0,0,0,0,0,0,0,0,80500000,0,0,0,0,0,0,0,0,md-flexible,_mm256_mul_pd,avxintrin.h,0x5558e4
"std::vector<mdLib::MoleculeLJ*, std::allocator<mdLib::MoleculeLJ*>>::push_back",368000000,218500000,0,450000144,37010144,4626268,0,0,0,462751,277568181,231307165,0,0,0,46261433,0,185045732,92522727,0,0,46261433,4626268,0,46261433,0,46261433,23131063,4626268,0,0,0,0,462613090,462613635,0,0,0,9252397,0,0,0,0,0,0,0,0,0,0,0,0,0,0,0,0,0,46261433,0,0,0,0,0,0,46261433,92522866,0,0,0,0,3239257,0,0,0,0,3006993145,0,698566468,0,0,0,0,80500000,0,0,0,0,0,0,0,0,md-flexible,"std::vector<mdLib::MoleculeLJ*, std::allocator<mdLib::MoleculeLJ*>>::push_back(mdLib::MoleculeLJ* const&)",stl_vector.h,0x509fe3
autopas::internal::CellBlock3D<autopas::ReferenceParticleCell<mdLib::MoleculeLJ>>::get3DIndexOfPosition,356500000,103500000,0,350000112,0,0,0,0,0,0,0,0,0,0,0,0,0,0,0,0,0,0,0,0,0,0,0,0,0,0,0,0,0,0,740181816,0,46261433,0,0,0,0,0,0,0,0,0,0,0,0,0,0,0,0,0,0,0,138784299,0,0,0,0,0,46261433,0,0,0,0,0,0,0,0,0,0,0,1757934454,0,0,0,0,0,0,0,0,0,0,0,0,0,0,0,md-flexible,"autopas::internal::CellBlock3D<autopas::ReferenceParticleCell<mdLib::MoleculeLJ>>::get3DIndexOfPosition(std::array<double, (unsigned long)3> const&) const",CellBlock3D.h,0x500e36
std::max<unsigned long>,356500000,80500000,0,200000064,0,0,4626268,0,0,0,185045454,231307165,0,0,46261433,46261433,46261433,46261433,0,0,0,92522866,0,0,0,0,0,0,0,0,0,0,0,462613090,92522727,0,231307165,0,0,0,0,0,0,0,0,0,0,0,0,0,0,0,0,0,0,0,0,0,0,0,0,0,0,0,0,0,0,0,0,0,0,0,0,0,0,0,0,0,0,0,0,0,0,0,0,0,0,0,0,0,md-flexible,"std::max<unsigned long>(unsigned long const&, unsigned long const&)",stl_algobase.h,0x54b45c
"std::vector<autopas::ReferenceParticleCell<mdLib::MoleculeLJ>, std::allocator<autopas::ReferenceParticleCell<mdLib::MoleculeLJ>>>::size",356500000,69000000,0,0,41636412,0,0,0,0,1388253,0,46261433,0,0,0,0,0,0,0,92522727,0,0,0,0,0,0,0,0,0,0,0,0,0,0,370090908,0,92522866,0,0,0,0,0,0,0,0,0,0,0,0,0,0,0,0,0,0,0,46261433,0,0,0,0,0,0,46261433,0,0,0,0,0,10643273,0,0,0,0,323830031,0,407111584,0,0,0,0,0,0,0,0,0,0,0,0,0,md-flexible,"std::vector<autopas::ReferenceParticleCell<mdLib::MoleculeLJ>, std::allocator<autopas::ReferenceParticleCell<mdLib::MoleculeLJ>>>::size(void) const",stl_vector.h,0x50e375
"std::tuple<mdLib::MoleculeLJ const*, unsigned long, unsigned long>::tuple<mdLib::MoleculeLJ const*&, unsigned long&, unsigned long&>",333500000,57500000,0,250000080,0,337717564,4626268,0,0,0,92522727,0,0,0,0,0,0,0,0,0,0,0,0,0,0,0,0,0,0,0,0,0,0,462613090,277568181,0,0,0,0,0,0,4626268,0,0,0,0,0,0,0,0,0,0,0,0,0,0,0,0,0,0,0,0,46261433,46261433,0,0,0,0,0,0,0,0,0,0,0,0,0,0,0,0,0,0,0,32383876,80500000,0,0,0,0,0,md-flexible,"std::tuple<mdLib::MoleculeLJ const*, unsigned long, unsigned long>::tuple<mdLib::MoleculeLJ const*&, unsigned long&, unsigned long&>(mdLib::MoleculeLJ const*&&&)",tuple,0x50e40f
"__gnu_cxx::__ops::_Iter_less_iter::operator()<__gnu_cxx::__normal_iterator<unsigned long*, std::vector<unsigned long, autopas::AlignedAllocator<unsigned long, (unsigned long)64>>>, __gnu_cxx::__normal_iterator<unsigned long*, std::vector<unsigned long, autopas::AlignedAllocator<unsigned long, (unsigned long)64>>>>",322000000,402500000,0,500000160,249818472,0,9252536,0,532004880,14808032,462613635,46261433,0,0,231307165,46261433,46261433,185045732,0,185045454,46261433,92522866,0,0,0,0,462614330,0,0,0,0,0,0,0,0,0,601398629,0,0,0,0,0,0,0,0,0,0,0,0,0,0,0,0,0,0,27758718,92522866,0,0,0,0,0,92522866,138784299,0,0,0,0,0,190653412,0,0,0,1295318178,1572888722,0,7480675356,0,897531882,0,0,0,0,0,0,0,0,0,0,0,md-flexible,"__gnu_cxx::__ops::_Iter_less_iter::operator()<__gnu_cxx::__normal_iterator<unsigned long*, std::vector<unsigned long, autopas::AlignedAllocator<unsigned long, (unsigned long)64>>>, __gnu_cxx::__normal_iterator<unsigned long*, std::vector<unsigned long, autopas::AlignedAllocator<unsigned long, (unsigned long)64>>>>(__gnu_cxx::__normal_iterator<unsigned long*, std::vector<unsigned long, autopas::AlignedAllocator<unsigned long, (unsigned long)64>>>, __gnu_cxx::__normal_iterator<unsigned long*, std::vector<unsigned long, autopas::AlignedAllocator<unsigned long, (unsigned long)64>>>) const",predefined_ops.h,0x4fd5be
_int_free_merge_chunk,322000000,218500000,0,600000192,13878804,27757608,4626268,0,106400976,925502,92522727,138784299,0,0,138784299,92522866,0,0,92522727,92522727,46261433,0,0,4626268,92522866,0,185045732,0,0,9252536,0,0,0,0,277568181,0,138784299,0,0,0,0,0,0,0,0,0,0,0,0,0,4626453,0,0,0,0,0,46261433,0,0,0,0,0,138784299,92522866,0,0,0,0,0,8792269,0,0,0,0,3284561743,0,106404164,0,0,0,0,0,0,0,0,32385171,0,0,0,0,libc.so.6,_int_free_merge_chunk,[Unknown],0xb5bce
_ZN5mdLib12LJFunctorAVXINS_10MoleculeLJELb1ELb1ELN7autopas14FunctorN3ModesE2ELb0ELb0ELb1EE9SoAKernelILb0ELb1EEEvmDv4_xPKlRKDv4_dSB_SB_PKdSD_SD_PdSE_SE_PKmSG_RS9_SH_SH_PS9_SI_SI_SI_j,310500000,253000000,0,700000224,175798184,0,0,0,319202928,1851004,277568181,231307165,0,0,231307165,46261433,46261433,92522866,0,185045454,0,138784299,13878804,37010144,0,0,323830031,0,0,9252536,0,0,0,0,925227270,0,185045732,0,0,0,0,4626268,0,0,0,0,0,0,0,0,0,0,0,0,0,0,138784299,9252397,9252397,0,0,0,46261433,185045732,0,0,0,0,0,12957028,0,0,0,0,2914470279,64766779,7166089132,0,0,0,64766779,0,0,0,0,0,0,0,0,0,md-flexible,_ZN5mdLib12LJFunctorAVXINS_10MoleculeLJELb1ELb1ELN7autopas14FunctorN3ModesE2ELb0ELb0ELb1EE9SoAKernelILb0ELb1EEEvmDv4_xPKlRKDv4_dSB_SB_PKdSD_SD_PdSE_SE_PKmSG_RS9_SH_SH_PS9_SI_SI_SI_j,LJFunctorAVX.h,0x5559dd
autopas::utils::ThreeDimensionalMapping::oneToThreeD<unsigned long>,299000000,92000000,0,150000048,0,27757608,0,0,0,462751,0,46261433,0,0,46261433,0,46261433,92522866,185045454,185045454,0,0,0,0,0,0,0,0,0,0,0,0,0,0,370090908,0,0,0,0,0,0,0,0,0,0,0,0,0,0,0,0,0,0,0,0,0,0,0,0,0,0,0,0,46261433,0,0,0,0,0,3239257,0,0,0,0,0,0,0,0,0,0,0,0,0,32383876,0,0,0,0,0,0,md-flexible,"autopas::utils::ThreeDimensionalMapping::oneToThreeD<unsigned long>(unsigned long, std::array<unsigned long, (unsigned long)3> const&)",ThreeDimensionalMapping.h,0x539024
"std::vector<autopas::ReferenceParticleCell<mdLib::MoleculeLJ>, std::allocator<autopas::ReferenceParticleCell<mdLib::MoleculeLJ>>>::operator[]",299000000,46000000,0,50000016,0,0,0,0,212801952,925502,0,92522866,0,0,0,0,46261433,0,0,0,0,0,0,0,0,0,46261433,0,0,0,0,0,0,0,277568181,0,0,0,0,0,0,0,0,0,0,0,0,0,0,0,0,0,0,0,0,0,0,0,0,0,0,0,46261433,0,0,0,0,0,0,7866767,0,0,0,0,0,0,0,0,0,0,0,0,0,0,0,0,0,0,0,0,md-flexible,"std::vector<autopas::ReferenceParticleCell<mdLib::MoleculeLJ>, std::allocator<autopas::ReferenceParticleCell<mdLib::MoleculeLJ>>>::operator[](unsigned long) const",stl_vector.h,0x50e3d2
_int_free_create_chunk,287500000,391000000,0,1100000352,4626268,4626268,0,0,106400976,462751,185045454,508875763,0,0,138784299,92522866,138784299,231307165,0,0,46261433,92522866,0,27757608,0,0,46261433,0,9252536,0,46261433,0,0,0,277568181,0,323830031,0,0,0,0,13878804,0,0,0,0,0,0,0,0,0,0,0,0,0,0,46261433,18504794,9252397,0,2314036,0,46261433,185045732,92522866,0,0,0,0,3239257,601398629,0,0,647659089,323830031,740191760,906748528,0,0,0,111028764,0,16198252,0,0,0,0,0,0,0,libc.so.6,_int_free_create_chunk,[Unknown],0xb47de
operator new,287500000,46000000,0,450000144,18505072,23131340,0,0,106400976,0,92522727,0,0,0,0,46261433,0,0,0,0,0,0,0,0,46261433,0,138784299,0,0,0,0,0,0,462613090,185045454,0,92522866,0,0,0,0,0,0,0,0,0,0,0,0,0,0,0,0,0,0,0,46261433,0,0,0,0,0,0,0,46261433,0,0,0,0,0,0,0,0,0,2775685980,0,370101440,0,0,0,0,0,0,0,0,0,0,0,0,0,libstdc++.so.6.0.33,operator new(unsigned long),new_op.cc,0xa87ab
"std::vector<mdLib::MoleculeLJ*, std::allocator<mdLib::MoleculeLJ*>>::push_back",276000000,115000000,0,250000080,27757608,4626268,0,0,0,1388253,277568181,138784299,0,0,0,0,0,138784299,0,0,0,0,0,9252536,92522866,0,0,0,0,0,0,0,0,925226180,370090908,0,0,9252397,0,0,0,0,0,0,0,0,0,0,0,0,0,0,0,0,0,0,138784299,0,0,0,0,0,0,0,0,0,0,0,0,12957028,0,0,0,0,10686391023,0,360848904,0,0,0,0,0,0,0,0,0,0,0,0,0,md-flexible,"std::vector<mdLib::MoleculeLJ*, std::allocator<mdLib::MoleculeLJ*>>::push_back(mdLib::MoleculeLJ* const&)",stl_vector.h,0x509f7e
"std::vector<autopas::ReferenceParticleCell<mdLib::MoleculeLJ>, std::allocator<autopas::ReferenceParticleCell<mdLib::MoleculeLJ>>>::operator[]",253000000,103500000,0,50000016,0,0,0,0,0,0,0,138784299,0,0,0,0,0,46261433,0,0,0,0,0,0,0,0,0,0,0,0,0,0,0,0,277568181,0,46261433,0,0,0,0,0,0,0,0,0,0,0,0,0,0,0,0,0,0,0,0,0,0,0,0,0,46261433,92522866,0,0,0,0,0,0,0,0,0,0,0,0,0,0,0,0,0,0,0,0,0,0,0,0,0,0,md-flexible,"std::vector<autopas::ReferenceParticleCell<mdLib::MoleculeLJ>, std::allocator<autopas::ReferenceParticleCell<mdLib::MoleculeLJ>>>::operator[](unsigned long) const",stl_vector.h,0x50e39b
_ZN7autopas7FunctorIN5mdLib10MoleculeLJENS1_12LJFunctorAVXIS2_Lb1ELb1ELNS_14FunctorN3ModesE2ELb0ELb0ELb1EEEE13SoALoaderImplIJLm0ELm1ELm2ELm3ELm4ELm5ELm6ELm7ELm8EEEEvRSt6vectorIPS2_SaIS9_EERNS_3SoAISt5tupleIJS8_IS9_NS_16AlignedAllocatorIS9_Lm64EEEES8_ImNSF_ImLm64EEEES8_IdNSF_IdLm64EEEESL_SL_SL_SL_SL_SL_SL_SL_SL_SL_SL_SJ_S8_INS_14OwnershipStateENSF_ISM_Lm64EEEEEEEESt16integer_sequenceImJXspT_EEE,241500000,126500000,0,100000032,9252536,46262680,9252536,0,0,1851004,185045454,231307165,0,0,46261433,0,92522866,46261433,0,92522727,0,46261433,0,0,46261433,0,0,0,0,9252536,0,0,0,462613090,185045454,46261433,92522866,0,0,0,0,0,0,0,0,0,0,0,0,0,0,0,0,0,0,0,0,0,0,0,0,0,92522866,46261433,0,0,0,0,0,16196285,0,0,0,0,0,0,1091799248,0,0,0,0,0,0,32383876,0,0,0,0,0,0,md-flexible,_ZN7autopas7FunctorIN5mdLib10MoleculeLJENS1_12LJFunctorAVXIS2_Lb1ELb1ELNS_14FunctorN3ModesE2ELb0ELb0ELb1EEEE13SoALoaderImplIJLm0ELm1ELm2ELm3ELm4ELm5ELm6ELm7ELm8EEEEvRSt6vectorIPS2_SaIS9_EERNS_3SoAISt5tupleIJS8_IS9_NS_16AlignedAllocatorIS9_Lm64EEEES8_ImNSF_ImLm64EEEES8_IdNSF_IdLm64EEEESL_SL_SL_SL_SL_SL_SL_SL_SL_SL_SL_SJ_S8_INS_14OwnershipStateENSF_ISM_Lm64EEEEEEEESt16integer_sequenceImJXspT_EEE,Functor.h,0x5889f0
"autopas::ParticleBase<double, unsigned long>::isDummy",241500000,414000000,0,650000208,32383876,0,0,0,212801952,462751,370090908,323830031,0,0,277568598,185045732,277568598,370091464,0,0,231307165,46261433,0,0,0,0,46261433,0,0,0,0,0,0,2775678540,462613635,0,1804195887,0,0,0,0,4626268,0,0,0,0,0,0,0,0,4626453,0,0,0,0,0,46261433,0,0,0,2314036,0,277568598,277568598,0,0,0,0,0,3702008,0,0,0,0,416352897,0,767960488,0,0,0,0,0,20826324,0,0,32385171,0,0,0,0,md-flexible,"autopas::ParticleBase<double, unsigned long>::isDummy(void) const",ParticleBase.h,0x50e3e8
autopas::internal::CellBlock3D<autopas::ReferenceParticleCell<mdLib::MoleculeLJ>>::getLastOwnedCellIndex,241500000,23000000,0,250000080,9252536,0,0,0,0,0,0,0,0,0,0,0,0,0,0,0,0,46261433,0,0,0,0,0,0,0,0,0,0,0,0,370090908,0,0,0,0,0,0,0,0,0,0,0,0,0,0,0,0,0,0,0,0,0,46261433,0,0,0,0,0,46261433,46261433,0,0,0,0,0,0,0,0,0,0,323830031,0,356222636,0,0,0,0,0,0,0,0,0,0,0,0,0,md-flexible,autopas::internal::CellBlock3D<autopas::ReferenceParticleCell<mdLib::MoleculeLJ>>::getLastOwnedCellIndex(void) const,CellBlock3D.h,0x50e353
autopas::utils::inBox<double>,241500000,402500000,0,900000288,83272824,0,9252536,0,319202928,462751,647659089,462614330,0,0,231307165,231307165,185045732,185045732,0,92522727,231307165,323830031,0,4626268,0,0,46261433,0,0,0,0,0,0,1387839270,185045454,0,971490093,0,0,0,0,4626268,0,0,0,0,0,0,0,0,4626453,0,0,0,0,13879359,92522866,0,9252397,0,0,0,92522866,185045732,0,0,0,0,0,6478514,0,0,0,0,3330823176,0,1670082748,0,333104616,0,64766779,1483500000,0,0,0,222069744,0,0,0,0,md-flexible,"autopas::utils::inBox<double>(std::array<double, (unsigned long)3> const&, std::array<double, (unsigned long)3> const&, std::array<double, (unsigned long)3> const&)",inBox.h,0x51cfe0
"std::unordered_map<mdLib::MoleculeLJ*, std::vector<mdLib::MoleculeLJ*, std::allocator<mdLib::MoleculeLJ*>>, std::hash<mdLib::MoleculeLJ*>, std::equal_to<mdLib::MoleculeLJ*>, std::allocator<std::pair<mdLib::MoleculeLJ* const, std::vector<mdLib::MoleculeLJ*, std::allocator<mdLib::MoleculeLJ*>>>>>::at",241500000,149500000,0,500000160,13878804,0,0,0,106400976,1388253,185045454,185045732,0,0,46261433,0,92522866,46261433,0,92522727,46261433,46261433,13878804,13878804,0,0,0,0,0,0,0,0,0,0,92522727,0,231307165,0,0,0,0,0,0,0,0,0,0,0,0,0,0,0,0,0,0,0,0,0,0,0,0,0,0,0,46261433,0,0,0,0,9717771,0,0,0,0,0,0,106404164,0,0,0,0,0,0,0,0,0,0,0,0,0,md-flexible,"std::unordered_map<mdLib::MoleculeLJ*, std::vector<mdLib::MoleculeLJ*, std::allocator<mdLib::MoleculeLJ*>>, std::hash<mdLib::MoleculeLJ*>, std::equal_to<mdLib::MoleculeLJ*>, std::allocator<std::pair<mdLib::MoleculeLJ* const, std::vector<mdLib::MoleculeLJ*, std::allocator<mdLib::MoleculeLJ*>>>>>::at(mdLib::MoleculeLJ* const&)",unordered_map.h,0x5099da
"std::vector<double, autopas::AlignedAllocator<double, (unsigned long)64>>::size",230000000,126500000,0,0,46262680,0,0,0,0,462751,0,92522866,0,0,92522866,92522866,46261433,46261433,0,0,46261433,0,0,0,0,0,0,0,0,0,0,0,0,925226180,185045454,0,0,0,0,0,0,0,0,0,0,0,0,0,0,0,0,0,0,0,0,4626453,0,0,0,0,0,0,0,0,0,0,0,0,0,6478514,0,0,0,0,0,0,684687664,0,41638077,0,0,0,0,0,0,0,0,0,0,0,md-flexible,"std::vector<double, autopas::AlignedAllocator<double, (unsigned long)64>>::size(void) const",stl_vector.h,0x54b45c
"std::pair<std::array<double, (unsigned long)3>, std::array<double, (unsigned long)3>>::pair<std::array<double, (unsigned long)3>&, std::array<double, (unsigned long)3>&>",218500000,103500000,0,350000112,60141484,32383876,0,0,319202928,462751,277568181,92522866,0,0,0,0,0,0,0,0,0,0,0,0,0,0,0,0,0,0,0,0,0,0,185045454,0,46261433,0,0,0,0,4626268,0,0,0,0,0,0,0,0,0,0,0,0,0,0,138784299,0,0,0,0,0,0,0,0,0,0,0,0,3239257,0,0,0,0,5690156259,0,2132709548,0,0,0,0,0,0,0,0,0,0,0,0,0,md-flexible,"std::pair<std::array<double, (unsigned long)3>, std::array<double, (unsigned long)3>>::pair<std::array<double, (unsigned long)3>&, std::array<double, (unsigned long)3>&>(std::array<double, (unsigned long)3>&&&, std::array<double, (unsigned long)3>&&&)",stl_pair.h,0x539188
std::swap<unsigned long>,218500000,184000000,0,150000048,0,277576080,0,0,212801952,0,370090908,185045732,0,0,0,0,46261433,92522866,0,0,0,0,0,0,0,0,185045732,0,0,0,0,0,0,0,92522727,0,0,0,0,0,0,0,0,0,0,0,0,0,0,0,0,0,0,0,0,0,0,0,0,0,0,0,0,0,0,0,0,0,0,0,0,0,0,647659089,0,0,0,0,0,0,0,0,0,32383876,80500000,0,0,0,0,0,md-flexible,"std::swap<unsigned long>(unsigned long&, unsigned long&)",move.h,0x4fd605
"std::vector<double, autopas::AlignedAllocator<double, (unsigned long)64>>::size",207000000,69000000,0,0,32383876,0,0,0,0,0,0,46261433,0,0,46261433,0,0,0,0,0,0,0,0,4626268,0,0,0,0,0,0,0,0,0,0,462613635,0,0,0,0,0,0,0,0,0,0,0,0,0,0,0,0,0,0,0,0,4626453,0,0,0,0,0,0,0,46261433,0,0,0,0,0,0,323830031,0,0,0,0,0,527394552,0,1073337096,0,0,0,0,0,0,0,0,0,0,0,md-flexible,"std::vector<double, autopas::AlignedAllocator<double, (unsigned long)64>>::size(void) const",stl_vector.h,0x54b438
"std::__move_median_to_first<__gnu_cxx::__normal_iterator<unsigned long*, std::vector<unsigned long, autopas::AlignedAllocator<unsigned long, (unsigned long)64>>>, __gnu_cxx::__ops::_Iter_less_iter>",195500000,241500000,0,200000064,0,0,0,0,106400976,0,0,92522866,0,0,0,0,0,46261433,0,0,0,0,0,0,0,0,231307165,0,0,0,0,0,0,0,185045454,0,0,0,0,0,0,0,0,0,0,0,0,0,0,0,0,0,0,0,0,0,0,0,0,0,0,0,0,0,0,0,0,0,0,0,0,0,0,0,0,0,0,0,0,0,0,80500000,0,0,0,0,0,0,0,0,md-flexible,"std::__move_median_to_first<__gnu_cxx::__normal_iterator<unsigned long*, std::vector<unsigned long, autopas::AlignedAllocator<unsigned long, (unsigned long)64>>>, __gnu_cxx::__ops::_Iter_less_iter>(__gnu_cxx::__normal_iterator<unsigned long*, std::vector<unsigned long, autopas::AlignedAllocator<unsigned long, (unsigned long)64>>>, __gnu_cxx::__normal_iterator<unsigned long*, std::vector<unsigned long, autopas::AlignedAllocator<unsigned long, (unsigned long)64>>>, __gnu_cxx::__normal_iterator<unsigned long*, std::vector<unsigned long, autopas::AlignedAllocator<unsigned long, (unsigned long)64>>>, __gnu_cxx::__normal_iterator<unsigned long*, std::vector<unsigned long, autopas::AlignedAllocator<unsigned long, (unsigned long)64>>>, __gnu_cxx::__ops::_Iter_less_iter)",stl_algo.h,0x4fd56f
"__gnu_cxx::__ops::_Val_less_iter::operator()<unsigned long, __gnu_cxx::__normal_iterator<unsigned long*, std::vector<unsigned long, autopas::AlignedAllocator<unsigned long, (unsigned long)64>>>>",184000000,34500000,0,0,27757608,0,0,0,0,462751,185045454,46261433,0,0,0,0,0,0,0,0,0,0,0,0,0,0,46261433,0,0,0,0,0,0,0,0,0,0,0,0,0,0,0,0,0,0,0,0,0,0,0,0,0,0,0,0,0,92522866,0,0,0,0,0,0,46261433,0,0,0,0,0,3239257,323830031,0,0,0,6846692084,0,855859580,0,0,0,0,0,0,0,0,0,0,0,0,0,md-flexible,"__gnu_cxx::__ops::_Val_less_iter::operator()<unsigned long, __gnu_cxx::__normal_iterator<unsigned long*, std::vector<unsigned long, autopas::AlignedAllocator<unsigned long, (unsigned long)64>>>>(unsigned long&, __gnu_cxx::__normal_iterator<unsigned long*, std::vector<unsigned long, autopas::AlignedAllocator<unsigned long, (unsigned long)64>>>) const",predefined_ops.h,0x540630
autopas::utils::ThreeDimensionalMapping::oneToThreeD<unsigned long>,184000000,0,0,0,0,0,0,0,0,0,0,0,0,0,0,0,0,0,0,0,46261433,0,0,0,0,0,0,0,0,0,0,0,0,0,0,0,0,0,0,0,0,0,0,0,0,0,0,0,0,0,0,0,0,0,0,0,0,0,0,0,0,0,46261433,0,0,0,0,0,0,0,0,0,0,0,0,0,0,0,0,0,0,0,0,0,0,0,0,0,0,0,md-flexible,"autopas::utils::ThreeDimensionalMapping::oneToThreeD<unsigned long>(unsigned long, std::array<unsigned long, (unsigned long)3> const&)",ThreeDimensionalMapping.h,0x5390b7
"std::__unguarded_partition<__gnu_cxx::__normal_iterator<mdLib::MoleculeLJ*, std::vector<mdLib::MoleculeLJ, std::allocator<mdLib::MoleculeLJ>>>, __gnu_cxx::__ops::_Iter_comp_iter<autopas::VerletListsLinkedReferencesBase<mdLib::MoleculeLJ>::sortParticlesByConfiguredKey(void)::{lambda(mdLib::MoleculeLJ const&mdLib::MoleculeLJ const&)#1}>>",172500000,23000000,0,100000032,0,0,0,0,0,0,0,0,0,0,0,0,0,0,0,0,0,0,0,0,0,0,0,0,0,0,0,0,0,0,185045454,0,0,0,0,0,0,0,0,0,0,0,0,0,0,0,0,0,0,0,0,0,0,0,0,0,0,0,0,46261433,0,0,0,0,0,0,0,0,0,0,0,0,0,0,0,0,0,0,0,0,0,0,0,0,0,0,md-flexible,"std::__unguarded_partition<__gnu_cxx::__normal_iterator<mdLib::MoleculeLJ*, std::vector<mdLib::MoleculeLJ, std::allocator<mdLib::MoleculeLJ>>>, __gnu_cxx::__ops::_Iter_comp_iter<autopas::VerletListsLinkedReferencesBase<mdLib::MoleculeLJ>::sortParticlesByConfiguredKey(void)::{lambda(mdLib::MoleculeLJ const&mdLib::MoleculeLJ const&)#1}>>(__gnu_cxx::__normal_iterator<mdLib::MoleculeLJ*, std::vector<mdLib::MoleculeLJ, std::allocator<mdLib::MoleculeLJ>>>, __gnu_cxx::__normal_iterator<mdLib::MoleculeLJ*, std::vector<mdLib::MoleculeLJ, std::allocator<mdLib::MoleculeLJ>>>, __gnu_cxx::__normal_iterator<mdLib::MoleculeLJ*, std::vector<mdLib::MoleculeLJ, std::allocator<mdLib::MoleculeLJ>>>, __gnu_cxx::__ops::_Iter_comp_iter<autopas::VerletListsLinkedReferencesBase<mdLib::MoleculeLJ>::sortParticlesByConfiguredKey(void)::{lambda(mdLib::MoleculeLJ const&mdLib::MoleculeLJ const&)#1}>)",stl_algo.h,0x5462bd
autopas::LinkedCellsReferences<mdLib::MoleculeLJ>::advanceIteratorIndices<(bool)1>,161000000,126500000,0,200000064,4626268,32383876,4626268,0,0,0,185045454,92522866,0,0,0,46261433,0,46261433,0,0,92522866,92522866,0,9252536,0,0,0,0,0,0,0,0,0,0,277568181,0,277568598,0,0,0,0,0,0,0,0,0,0,0,0,0,0,0,0,0,0,0,0,0,0,0,0,0,0,46261433,0,0,0,0,0,0,0,0,0,0,0,0,666182592,0,0,0,0,0,0,0,0,0,0,0,0,0,md-flexible,"autopas::LinkedCellsReferences<mdLib::MoleculeLJ>::advanceIteratorIndices<(bool)1>(unsigned long, unsigned long, autopas::options::IteratorBehavior, std::array<double, (unsigned long)3> const&, std::array<double, (unsigned long)3> const&, std::array<double, (unsigned long)3> const&, std::array<double, (unsigned long)3> const&, unsigned long) const",LinkedCellsReferences.h,0x538fb0
autopas::VerletListsLinkedReferencesBase<mdLib::MoleculeLJ>::sortParticlesByConfiguredKey(void)::{lambda(mdLib::MoleculeLJ const&mdLib::MoleculeLJ const&)#1}::operator(),161000000,57500000,0,300000096,0,55515216,0,0,106400976,0,0,138784299,0,0,0,0,0,46261433,0,0,0,0,0,0,0,0,0,0,0,0,0,0,0,0,0,0,0,0,0,0,0,0,0,0,0,0,0,0,0,0,0,0,0,0,0,0,0,0,0,0,0,0,0,0,0,0,0,0,0,0,0,0,0,0,0,0,0,0,0,0,0,0,0,0,0,0,0,0,0,0,md-flexible,"autopas::VerletListsLinkedReferencesBase<mdLib::MoleculeLJ>::sortParticlesByConfiguredKey(void)::{lambda(mdLib::MoleculeLJ const&mdLib::MoleculeLJ const&)#1}::operator()(mdLib::MoleculeLJ const&, mdLib::MoleculeLJ const&) const",VerletListsLinkedReferencesBase.h,0x546310
"__gnu_cxx::operator-<unsigned long*, std::vector<unsigned long, autopas::AlignedAllocator<unsigned long, (unsigned long)64>>>",149500000,69000000,0,0,0,0,0,0,0,462751,277568181,46261433,0,0,0,0,46261433,0,0,0,0,0,0,0,0,0,0,0,0,0,0,0,0,0,185045454,0,0,0,0,0,0,0,0,0,0,0,0,0,0,0,0,0,0,0,0,0,92522866,0,0,0,0,0,0,0,0,0,0,0,0,3239257,0,0,0,0,3469607475,0,0,0,0,0,0,0,0,0,0,0,0,0,0,0,md-flexible,"__gnu_cxx::operator-<unsigned long*, std::vector<unsigned long, autopas::AlignedAllocator<unsigned long, (unsigned long)64>>>(__gnu_cxx::__normal_iterator<unsigned long*, std::vector<unsigned long, autopas::AlignedAllocator<unsigned long, (unsigned long)64>>> const&, __gnu_cxx::__normal_iterator<unsigned long*, std::vector<unsigned long, autopas::AlignedAllocator<unsigned long, (unsigned long)64>>> const&)",stl_iterator.h,0x4fd533
"autopas::utils::boxesOverlap<double>(std::array<double, (unsigned long)3> const&, std::array<double, (unsigned long)3> const&, std::array<double, (unsigned long)3> const&, std::array<double, (unsigned long)3> const&)::{lambda(unsigned long)#1}::operator()",149500000,103500000,0,250000080,27757608,0,0,0,106400976,462751,0,0,0,0,46261433,0,0,46261433,0,0,0,0,0,0,0,0,46261433,0,0,0,0,0,0,0,92522727,0,92522866,0,0,0,4626268,0,0,0,0,0,0,0,0,0,0,0,0,0,0,0,92522866,0,0,0,0,0,46261433,0,0,0,0,0,0,4164759,0,0,0,0,4256051836,0,1512789636,0,0,0,0,0,0,0,0,0,0,0,0,0,md-flexible,"autopas::utils::boxesOverlap<double>(std::array<double, (unsigned long)3> const&, std::array<double, (unsigned long)3> const&, std::array<double, (unsigned long)3> const&, std::array<double, (unsigned long)3> const&)::{lambda(unsigned long)#1}::operator()(unsigned long) const",inBox.h,0x5391c5
unlink_chunk.isra.0,149500000,931500000,0,2350000752,18505072,0,4626268,0,212801952,462751,925227270,832705794,0,0,462614330,323830031,601398629,323830031,185045454,92522727,647660062,323830031,4626268,180424452,0,0,277568598,0,23131340,78646556,0,0,0,1850452360,92522727,0,1387842990,0,0,0,0,9252536,0,0,0,4626268,0,0,0,0,4626453,0,0,0,0,4626453,46261433,9252397,0,0,2314036,0,138784299,416352897,46261433,0,0,0,0,110134738,555137196,0,0,0,323830031,83271573,138788040,0,32385171,0,0,0,16198252,0,0,263707821,0,328465028,0,0,libc.so.6,unlink_chunk.isra.0,[Unknown],0xb452e
_ZSt12construct_atIPN5mdLib10MoleculeLJEJRKS2_EEDTgsnwcvPvLi0E_T_pispcl7declvalIT0_EEEEPS6_DpOS7_,138000000,34500000,0,50000016,0,27757608,0,0,106400976,462751,92522727,46261433,0,0,0,0,0,46261433,0,0,0,0,9252536,0,0,0,0,0,0,0,0,0,0,0,0,0,0,0,0,0,0,0,0,0,0,0,0,0,0,0,0,0,0,0,0,0,0,0,0,0,0,0,0,0,0,0,0,0,0,3239257,0,0,0,0,0,0,0,0,0,0,0,0,0,0,0,0,0,0,0,0,md-flexible,_ZSt12construct_atIPN5mdLib10MoleculeLJEJRKS2_EEDTgsnwcvPvLi0E_T_pispcl7declvalIT0_EEEEPS6_DpOS7_,stl_construct.h,0x509f8c
"__gnu_cxx::__normal_iterator<unsigned long*, std::vector<unsigned long, autopas::AlignedAllocator<unsigned long, (unsigned long)64>>>::operator++",138000000,299000000,0,250000080,0,0,0,0,212801952,0,92522727,185045732,0,0,0,0,0,46261433,0,185045454,0,0,0,0,0,0,416352897,0,0,0,0,0,0,462613090,555136362,0,0,0,0,0,0,0,0,0,0,0,0,0,0,0,0,0,0,0,0,0,0,0,0,0,0,0,0,0,0,0,0,0,0,0,0,350000112,0,647659089,0,0,0,0,0,0,0,0,0,0,0,0,0,0,0,0,md-flexible,"__gnu_cxx::__normal_iterator<unsigned long*, std::vector<unsigned long, autopas::AlignedAllocator<unsigned long, (unsigned long)64>>>::operator++(void)",stl_iterator.h,0x5406b3
autopas::ReferenceParticleCell<mdLib::MoleculeLJ>::operator[],138000000,34500000,0,0,37010144,0,0,0,0,462751,0,92522866,0,0,0,0,0,0,0,0,0,0,0,0,0,0,0,0,0,0,0,0,0,0,277568181,0,0,0,0,0,0,9252536,0,0,0,0,0,0,0,0,0,0,0,0,0,0,92522866,0,0,0,0,0,46261433,46261433,0,0,0,0,0,3239257,0,0,0,0,693921495,0,615293644,0,0,0,0,0,0,0,0,0,0,0,0,0,md-flexible,autopas::ReferenceParticleCell<mdLib::MoleculeLJ>::operator[](unsigned long) const,ReferenceParticleCell.h,0x50e408
"std::unordered_map<mdLib::MoleculeLJ*, std::vector<mdLib::MoleculeLJ*, std::allocator<mdLib::MoleculeLJ*>>, std::hash<mdLib::MoleculeLJ*>, std::equal_to<mdLib::MoleculeLJ*>, std::allocator<std::pair<mdLib::MoleculeLJ* const, std::vector<mdLib::MoleculeLJ*, std::allocator<mdLib::MoleculeLJ*>>>>>::at",138000000,92000000,0,100000032,0,0,0,0,106400976,925502,0,0,0,0,0,0,0,0,0,0,0,0,0,0,0,0,0,0,0,0,0,0,0,0,0,0,0,0,0,0,0,0,0,0,0,0,0,0,0,0,0,0,0,0,0,0,0,0,0,0,0,0,0,0,46261433,0,0,0,0,6478514,0,0,0,0,0,0,0,0,0,0,0,0,0,0,0,0,0,0,0,0,md-flexible,"std::unordered_map<mdLib::MoleculeLJ*, std::vector<mdLib::MoleculeLJ*, std::allocator<mdLib::MoleculeLJ*>>, std::hash<mdLib::MoleculeLJ*>, std::equal_to<mdLib::MoleculeLJ*>, std::allocator<std::pair<mdLib::MoleculeLJ* const, std::vector<mdLib::MoleculeLJ*, std::allocator<mdLib::MoleculeLJ*>>>>>::at(mdLib::MoleculeLJ* const&)",unordered_map.h,0x509fab
"std::vector<unsigned long, autopas::AlignedAllocator<unsigned long, (unsigned long)64>>::size",138000000,80500000,0,0,0,27757608,0,0,0,0,0,92522866,0,0,0,0,92522866,0,0,0,46261433,0,0,4626268,0,0,0,0,0,0,0,0,0,0,277568181,0,0,0,0,0,0,0,0,0,0,0,0,0,0,0,0,0,0,0,0,0,0,0,0,0,0,0,0,46261433,0,0,0,0,0,0,0,0,0,0,0,0,0,0,0,0,0,0,0,0,0,0,0,0,0,0,md-flexible,"std::vector<unsigned long, autopas::AlignedAllocator<unsigned long, (unsigned long)64>>::size(void) const",stl_vector.h,0x5556c8
"__gnu_cxx::__ops::_Iter_less_iter::operator()<__gnu_cxx::__normal_iterator<unsigned long*, std::vector<unsigned long, autopas::AlignedAllocator<unsigned long, (unsigned long)64>>>, __gnu_cxx::__normal_iterator<unsigned long*, std::vector<unsigned long, autopas::AlignedAllocator<unsigned long, (unsigned long)64>>>>",126500000,483000000,0,550000176,83272824,0,0,0,319202928,462751,647659089,693921495,0,0,231307165,277568598,138784299,185045732,92522727,0,277568598,185045732,4626268,18505072,0,0,92522866,0,0,0,0,0,0,462613090,462613635,0,1480365856,0,0,0,0,0,0,9252536,0,0,0,0,0,0,0,0,0,0,0,4626453,46261433,0,0,0,0,0,92522866,277568598,0,0,0,0,0,3239257,0,0,0,0,323830031,0,1355496524,22066703541,124914231,0,0,80500000,0,0,0,0,370101440,0,0,0,md-flexible,"__gnu_cxx::__ops::_Iter_less_iter::operator()<__gnu_cxx::__normal_iterator<unsigned long*, std::vector<unsigned long, autopas::AlignedAllocator<unsigned long, (unsigned long)64>>>, __gnu_cxx::__normal_iterator<unsigned long*, std::vector<unsigned long, autopas::AlignedAllocator<unsigned long, (unsigned long)64>>>>(__gnu_cxx::__normal_iterator<unsigned long*, std::vector<unsigned long, autopas::AlignedAllocator<unsigned long, (unsigned long)64>>>, __gnu_cxx::__normal_iterator<unsigned long*, std::vector<unsigned long, autopas::AlignedAllocator<unsigned long, (unsigned long)64>>>) const",predefined_ops.h,0x4fd56f
autopas::VerletListsLinkedReferencesBase<mdLib::MoleculeLJ>::sortParticlesByConfiguredKey(void)::{lambda(mdLib::MoleculeLJ const&mdLib::MoleculeLJ const&)#1}::operator(),126500000,80500000,0,200000064,0,9252536,0,0,106400976,0,185045454,46261433,0,0,0,0,0,0,0,0,0,0,0,0,0,0,46261433,0,0,0,0,0,0,0,185045454,0,46261433,0,0,0,0,0,0,0,0,0,0,0,0,0,0,0,0,0,0,0,0,0,0,0,0,0,0,0,0,0,0,0,0,0,0,0,0,0,0,0,0,0,0,0,0,0,0,0,0,0,0,0,0,0,md-flexible,"autopas::VerletListsLinkedReferencesBase<mdLib::MoleculeLJ>::sortParticlesByConfiguredKey(void)::{lambda(mdLib::MoleculeLJ const&mdLib::MoleculeLJ const&)#1}::operator()(mdLib::MoleculeLJ const&, mdLib::MoleculeLJ const&) const",VerletListsLinkedReferencesBase.h,0x5462c8
malloc_consolidate,126500000,253000000,0,450000144,4626268,9252536,4626268,0,212801952,462751,277568181,277568598,0,0,138784299,46261433,138784299,185045732,92522727,0,46261433,46261433,0,23131340,0,0,92522866,0,4626268,0,0,0,0,1850452360,185045454,0,601398629,0,0,0,0,0,4626453,0,0,0,0,0,0,0,4626453,0,0,0,0,4626453,92522866,9252397,0,0,0,0,0,92522866,0,0,0,0,0,345212246,0,0,5958454656,0,1526627289,64766779,263697276,0,32385171,120287778,0,0,0,0,0,277587180,0,0,0,0,libc.so.6,malloc_consolidate,[Unknown],0xb461e
mdLib::MoleculeLJ::getTypeId,126500000,207000000,0,100000032,138788040,0,0,0,0,0,92522727,185045732,0,0,185045732,138784299,231307165,92522866,0,92522727,46261433,46261433,0,0,0,0,0,0,0,9252536,46261433,0,0,462613090,0,0,370091464,0,0,0,0,0,0,0,0,0,0,0,0,0,0,0,0,0,0,0,46261433,0,0,0,0,0,46261433,185045732,0,0,0,0,0,0,0,0,0,0,5458849094,0,3890691388,0,0,0,0,80500000,0,0,0,0,0,0,0,0,md-flexible,mdLib::MoleculeLJ::getTypeId(void) const,MoleculeLJ.cpp,0x690e30
_ZSt12construct_atIPN5mdLib10MoleculeLJEJRKS2_EEDTgsnwcvPvLi0E_T_pispcl7declvalIT0_EEEEPS6_DpOS7_,115000000,207000000,0,400000128,0,13878804,0,0,106400976,0,185045454,46261433,0,0,46261433,0,92522866,0,0,0,0,0,4626268,9252536,0,0,0,0,0,55515216,0,0,0,0,462613635,0,370091464,0,0,0,0,4626268,0,0,0,0,0,0,0,0,0,0,0,0,0,0,0,0,0,0,0,0,0,46261433,46261433,0,0,0,0,0,0,0,0,0,0,0,0,0,0,0,0,0,0,0,0,0,0,0,0,0,md-flexible,_ZSt12construct_atIPN5mdLib10MoleculeLJEJRKS2_EEDTgsnwcvPvLi0E_T_pispcl7declvalIT0_EEEEPS6_DpOS7_,stl_construct.h,0x509ff1
"autopas::utils::boxesOverlap<double>(std::array<double, (unsigned long)3> const&, std::array<double, (unsigned long)3> const&, std::array<double, (unsigned long)3> const&, std::array<double, (unsigned long)3> const&)::{lambda(unsigned long)#1}::operator()",115000000,34500000,0,0,27757608,0,0,0,106400976,925502,92522727,0,0,0,0,0,0,0,0,0,0,0,0,0,0,0,0,0,0,0,0,0,0,0,0,0,0,0,0,0,0,4626268,0,0,0,0,0,0,0,0,0,0,0,0,0,0,0,0,0,0,0,0,0,46261433,0,0,0,0,0,8329518,0,0,0,0,0,0,6916270660,0,0,0,0,0,0,0,0,0,0,0,0,0,md-flexible,"autopas::utils::boxesOverlap<double>(std::array<double, (unsigned long)3> const&, std::array<double, (unsigned long)3> const&, std::array<double, (unsigned long)3> const&, std::array<double, (unsigned long)3> const&)::{lambda(unsigned long)#1}::operator()(unsigned long) const",inBox.h,0x5391f3
"__gnu_cxx::__normal_iterator<unsigned long*, std::vector<unsigned long, autopas::AlignedAllocator<unsigned long, (unsigned long)64>>>::operator--",103500000,46000000,0,0,0,0,4626268,0,0,0,92522727,46261433,0,0,0,0,0,46261433,0,0,0,0,0,0,0,0,46261433,0,0,0,0,0,0,0,0,0,0,0,0,0,0,0,0,0,0,0,0,0,0,0,0,0,0,0,0,0,0,0,0,0,0,0,0,0,0,0,0,0,0,0,0,0,0,0,0,0,0,0,0,0,0,0,0,0,0,0,0,0,0,0,md-flexible,"__gnu_cxx::__normal_iterator<unsigned long*, std::vector<unsigned long, autopas::AlignedAllocator<unsigned long, (unsigned long)64>>>::operator--(void)",stl_iterator.h,0x4fd5e0
autopas::LinkedCellsReferences<mdLib::MoleculeLJ>::advanceIteratorIndices<(bool)0>,103500000,149500000,0,150000048,9252536,0,0,0,0,0,92522727,138784299,0,0,0,138784299,46261433,46261433,0,0,92522866,138784299,0,0,0,0,0,0,0,0,0,0,0,462613090,92522727,0,323830031,0,0,0,0,0,0,0,0,0,0,0,0,0,0,0,0,0,0,0,0,0,0,0,0,0,138784299,92522866,0,0,0,0,0,0,0,0,0,647659089,0,0,115656700,0,0,0,0,0,0,0,0,0,0,0,0,0,md-flexible,"autopas::LinkedCellsReferences<mdLib::MoleculeLJ>::advanceIteratorIndices<(bool)0>(unsigned long, unsigned long, autopas::options::IteratorBehavior, std::array<double, (unsigned long)3> const&, std::array<double, (unsigned long)3> const&, std::array<double, (unsigned long)3> const&, std::array<double, (unsigned long)3> const&, unsigned long) const",LinkedCellsReferences.h,0x4fdc40
"autopas::containerIteratorUtils::particleFulfillsIteratorRequirements<(bool)0, mdLib::MoleculeLJ, std::array<double, (unsigned long)3>>",103500000,34500000,0,200000064,0,0,18505072,0,0,0,0,0,0,0,92522866,0,0,0,0,0,46261433,0,0,0,0,0,0,0,0,0,0,0,0,0,277568181,0,0,0,0,0,0,0,0,0,0,0,0,0,0,0,0,0,0,0,0,0,0,0,0,0,0,0,0,92522866,0,0,0,0,0,0,0,0,0,0,0,0,0,0,0,0,0,0,0,0,0,0,0,0,0,0,md-flexible,"autopas::containerIteratorUtils::particleFulfillsIteratorRequirements<(bool)0, mdLib::MoleculeLJ, std::array<double, (unsigned long)3>>(mdLib::MoleculeLJ const&, autopas::options::IteratorBehavior, std::array<double, (unsigned long)3> const&, std::array<double, (unsigned long)3> const&)",ContainerIterator.h,0x50e3df
"std::vector<mdLib::MoleculeLJ*, autopas::AlignedAllocator<mdLib::MoleculeLJ*, (unsigned long)64>>::size",103500000,57500000,0,100000032,0,0,0,0,0,0,0,0,0,0,0,0,0,46261433,0,0,0,0,0,0,0,0,46261433,0,0,0,0,0,0,462613090,0,0,0,0,0,0,0,4626268,0,0,0,0,0,0,0,0,0,0,0,0,0,0,0,0,0,0,0,0,0,46261433,0,0,0,0,0,0,0,0,0,0,0,0,0,0,0,0,0,0,0,0,0,0,0,0,0,0,md-flexible,"std::vector<mdLib::MoleculeLJ*, autopas::AlignedAllocator<mdLib::MoleculeLJ*, (unsigned long)64>>::size(void) const",stl_vector.h,0x54b417
"ParticlePropertiesLibrary<double, unsigned long>::getMixing24Epsilon",92000000,46000000,0,0,13878804,0,0,0,106400976,462751,92522727,46261433,0,0,0,46261433,0,0,0,92522727,0,0,0,0,0,0,0,0,0,0,0,0,0,462613090,185045454,0,0,0,0,0,0,4626268,0,0,0,0,0,0,0,0,0,0,0,0,0,0,46261433,0,0,0,0,0,0,0,0,0,0,0,0,10643273,0,0,0,0,416352897,0,1161193268,0,0,0,0,0,0,0,0,0,0,0,0,0,md-flexible,"ParticlePropertiesLibrary<double, unsigned long>::getMixing24Epsilon(unsigned long, unsigned long) const",ParticlePropertiesLibrary.h,0x5559f3
_mm256_add_pd,92000000,103500000,0,0,0,0,0,0,0,0,92522727,138784299,0,0,0,0,0,0,0,0,0,0,0,0,0,0,0,0,0,0,0,0,0,462613090,0,0,0,0,0,0,0,4626268,0,0,0,0,0,0,0,0,0,0,0,0,0,0,0,0,0,0,0,0,0,0,0,0,0,0,0,0,0,0,0,0,0,0,0,0,0,0,0,80500000,0,0,0,0,0,0,0,0,md-flexible,_mm256_add_pd,avxintrin.h,0x555921
_mm256_hadd_pd,92000000,57500000,0,50000016,4626268,0,0,0,0,0,0,185045732,0,0,46261433,0,0,0,0,0,0,46261433,0,4626268,0,0,0,0,0,0,0,0,0,462613090,0,0,46261433,0,0,0,4626268,0,0,0,0,0,0,0,0,0,0,0,0,0,0,0,46261433,0,0,0,0,0,0,0,0,0,0,0,0,0,0,0,0,0,416352897,0,217434596,0,0,0,0,0,0,0,0,0,0,0,0,0,md-flexible,_mm256_hadd_pd,avxintrin.h,0x555b3a
"autopas::ParticleBase<double, unsigned long>::operator=",92000000,11500000,0,0,0,0,0,0,0,0,0,0,0,0,0,0,0,0,0,0,0,0,0,0,0,0,0,0,0,0,0,0,0,0,185045454,0,0,0,0,0,0,0,0,0,0,0,0,0,0,0,0,0,0,0,0,0,0,0,0,0,0,0,0,0,0,0,0,0,0,0,0,0,0,0,0,0,0,0,0,0,0,0,0,0,0,0,0,0,0,0,md-flexible,"autopas::ParticleBase<double, unsigned long>::operator=(autopas::ParticleBase<double, unsigned long> const&)",ParticleBase.h,0x54694e
"autopas::utils::boxesOverlap<double>(std::array<double, (unsigned long)3> const&, std::array<double, (unsigned long)3> const&, std::array<double, (unsigned long)3> const&, std::array<double, (unsigned long)3> const&)::{lambda(unsigned long)#1}::operator()",92000000,34500000,0,50000016,0,0,0,0,0,1388253,0,0,0,0,0,0,0,0,0,0,0,0,0,0,0,0,0,0,0,0,0,0,0,0,0,0,0,0,0,0,0,0,0,0,0,0,0,0,0,0,0,0,0,0,0,0,0,0,0,0,0,0,0,0,0,0,0,0,0,12957028,0,0,0,0,0,0,0,0,0,0,0,0,0,0,0,0,0,0,0,0,md-flexible,"autopas::utils::boxesOverlap<double>(std::array<double, (unsigned long)3> const&, std::array<double, (unsigned long)3> const&, std::array<double, (unsigned long)3> const&, std::array<double, (unsigned long)3> const&)::{lambda(unsigned long)#1}::operator()(unsigned long) const",inBox.h,0x53921b
mdLib::MoleculeLJ::setOldF,92000000,80500000,0,50000016,27757608,4626268,0,0,106400976,462751,0,0,0,0,0,0,46261433,0,0,92522727,0,0,0,0,0,0,46261433,0,0,0,0,0,0,0,277568181,0,0,0,0,0,0,0,0,0,0,0,0,0,0,0,0,0,0,0,0,0,0,0,0,0,0,0,46261433,0,0,0,0,0,0,15733534,0,0,0,0,0,0,610667376,0,0,0,0,0,0,0,0,0,0,0,0,0,md-flexible,"mdLib::MoleculeLJ::setOldF(std::array<double, (unsigned long)3> const&)",MoleculeLJ.cpp,0x690e10
"std::vector<ParticlePropertiesLibrary<double, unsigned long>::PackedLJMixingData, autopas::AlignedAllocator<ParticlePropertiesLibrary<double, unsigned long>::PackedLJMixingData, (unsigned long)64>>::operator[]",92000000,11500000,0,0,0,0,0,0,0,0,0,46261433,0,0,0,0,0,46261433,0,0,0,0,0,0,0,0,0,0,0,0,0,0,0,0,92522727,0,0,0,0,0,0,0,0,0,0,0,0,0,0,0,0,0,0,0,0,0,0,0,0,0,0,0,0,0,0,0,0,0,0,0,0,0,0,0,0,0,0,0,0,0,0,0,0,0,0,0,0,0,0,0,md-flexible,"std::vector<ParticlePropertiesLibrary<double, unsigned long>::PackedLJMixingData, autopas::AlignedAllocator<ParticlePropertiesLibrary<double, unsigned long>::PackedLJMixingData, (unsigned long)64>>::operator[](unsigned long) const",stl_vector.h,0x5557f8
autopas::LinkedCellsReferences<mdLib::MoleculeLJ>::updateContainer._omp_fn.0,80500000,57500000,0,150000048,0,0,0,0,0,0,0,0,0,0,0,0,0,0,0,0,0,46261433,0,0,0,0,0,0,0,0,0,0,0,0,92522727,0,92522866,0,0,0,0,0,0,0,0,0,0,0,0,0,0,0,0,0,0,0,0,0,0,0,0,0,92522866,92522866,0,0,0,0,0,0,0,0,0,0,0,0,0,0,0,0,0,0,0,0,0,0,0,0,0,0,md-flexible,autopas::LinkedCellsReferences<mdLib::MoleculeLJ>::updateContainer._omp_fn.0,LinkedCellsReferences.h,0x5010f0
"std::vector<mdLib::MoleculeLJ*, std::allocator<mdLib::MoleculeLJ*>>::size",80500000,34500000,0,0,0,0,0,0,0,925502,0,0,0,0,0,0,0,0,0,0,0,0,0,0,0,0,0,0,0,0,0,0,0,0,92522727,0,0,0,0,0,0,0,0,0,0,0,0,0,0,0,0,0,0,0,0,0,46261433,0,0,0,0,0,0,0,0,0,0,0,0,9717771,0,0,0,0,2220548784,0,0,0,0,0,0,0,0,0,0,0,0,0,0,0,md-flexible,"std::vector<mdLib::MoleculeLJ*, std::allocator<mdLib::MoleculeLJ*>>::size(void) const",stl_vector.h,0x588a18
"std::vector<unsigned long, autopas::AlignedAllocator<unsigned long, (unsigned long)64>>::size",80500000,11500000,0,100000032,23131340,0,0,0,0,462751,0,0,0,0,0,0,0,0,0,0,46261433,0,0,0,0,0,0,0,0,0,0,0,0,0,0,0,0,0,0,0,0,0,0,0,0,0,0,0,0,0,0,0,0,0,0,0,46261433,0,9252397,0,0,0,0,0,0,0,0,0,0,4164759,0,0,0,0,2636901681,0,615293644,0,0,0,83271573,0,0,0,0,0,0,0,0,0,md-flexible,"std::vector<unsigned long, autopas::AlignedAllocator<unsigned long, (unsigned long)64>>::size(void) const",stl_vector.h,0x54b45c
"ParticlePropertiesLibrary<double, unsigned long>::getMixingSigmaSquared",69000000,23000000,0,0,0,0,0,0,0,462751,0,0,0,0,0,46261433,0,0,0,0,0,0,0,0,0,0,0,0,0,0,0,0,0,0,0,0,0,0,0,0,0,0,0,0,0,0,0,0,0,0,0,0,0,0,0,0,0,0,0,0,0,0,0,0,0,0,0,0,0,3239257,0,0,0,0,0,0,0,0,0,0,0,0,0,0,0,0,0,0,0,0,md-flexible,"ParticlePropertiesLibrary<double, unsigned long>::getMixingSigmaSquared(unsigned long, unsigned long) const",ParticlePropertiesLibrary.h,0x555a3f
_ZN7autopas7FunctorIN5mdLib10MoleculeLJENS1_12LJFunctorAVXIS2_Lb1ELb1ELNS_14FunctorN3ModesE2ELb0ELb0ELb1EEEE16SoAExtractorImplIJLm0ELm1ELm2EEEEvRSt6vectorIPS2_SaIS9_EERNS_3SoAISt5tupleIJS8_IS9_NS_16AlignedAllocatorIS9_Lm64EEEES8_ImNSF_ImLm64EEEES8_IdNSF_IdLm64EEEESL_SL_SL_SL_SL_SL_SL_SL_SL_SL_SL_SJ_S8_INS_14OwnershipStateENSF_ISM_Lm64EEEEEEEESt16integer_sequenceImJXspT_EEE,69000000,690000000,0,1250000400,13878804,0,9252536,0,319202928,462751,462613635,693921495,0,0,138784299,46261433,693921495,462614330,0,0,0,0,0,0,185045732,0,46261433,0,0,0,1064012959,46261433,0,3238291630,0,0,46261433,9252397,0,0,0,4626268,0,0,0,0,0,0,0,0,0,0,0,0,0,13879359,46261433,9252397,0,0,0,0,185045732,277568598,416352897,0,0,0,0,173068874,0,0,0,0,416352897,1332345168,152666844,0,610691796,0,0,0,0,0,0,0,0,0,0,0,md-flexible,_ZN7autopas7FunctorIN5mdLib10MoleculeLJENS1_12LJFunctorAVXIS2_Lb1ELb1ELNS_14FunctorN3ModesE2ELb0ELb0ELb1EEEE16SoAExtractorImplIJLm0ELm1ELm2EEEEvRSt6vectorIPS2_SaIS9_EERNS_3SoAISt5tupleIJS8_IS9_NS_16AlignedAllocatorIS9_Lm64EEEES8_ImNSF_ImLm64EEEES8_IdNSF_IdLm64EEEESL_SL_SL_SL_SL_SL_SL_SL_SL_SL_SL_SJ_S8_INS_14OwnershipStateENSF_ISM_Lm64EEEEEEEESt16integer_sequenceImJXspT_EEE,Functor.h,0x568028
autopas::LogicHandler<mdLib::MoleculeLJ>::updateRebuildPositions._omp_fn.0,69000000,11500000,0,50000016,0,0,0,0,0,0,0,0,0,0,0,0,0,0,0,0,0,0,0,0,0,0,0,0,0,0,0,0,0,0,185045454,0,0,0,0,0,0,0,0,0,0,0,0,0,0,0,0,0,0,0,0,0,0,0,0,0,0,0,46261433,46261433,0,0,0,0,0,0,0,0,0,0,0,0,0,0,0,0,0,0,0,0,0,0,0,0,0,0,md-flexible,autopas::LogicHandler<mdLib::MoleculeLJ>::updateRebuildPositions._omp_fn.0,LogicHandler.h,0x572440
"autopas::SoAView<std::tuple<std::vector<mdLib::MoleculeLJ*, autopas::AlignedAllocator<mdLib::MoleculeLJ*, (unsigned long)64>>, std::vector<unsigned long, autopas::AlignedAllocator<unsigned long, (unsigned long)64>>, std::vector<double, autopas::AlignedAllocator<double, (unsigned long)64>>, std::vector<double, autopas::AlignedAllocator<double, (unsigned long)64>>, std::vector<double, autopas::AlignedAllocator<double, (unsigned long)64>>, std::vector<double, autopas::AlignedAllocator<double, (unsigned long)64>>, std::vector<double, autopas::AlignedAllocator<double, (unsigned long)64>>, std::vector<double, autopas::AlignedAllocator<double, (unsigned long)64>>, std::vector<double, autopas::AlignedAllocator<double, (unsigned long)64>>, std::vector<double, autopas::AlignedAllocator<double, (unsigned long)64>>, std::vector<double, autopas::AlignedAllocator<double, (unsigned long)64>>, std::vector<double, autopas::AlignedAllocator<double, (unsigned long)64>>, std::vector<double, autopas::AlignedAllocator<double, (unsigned long)64>>, std::vector<double, autopas::AlignedAllocator<double, (unsigned long)64>>, std::vector<unsigned long, autopas::AlignedAllocator<unsigned long, (unsigned long)64>>, std::vector<autopas::OwnershipState, autopas::AlignedAllocator<autopas::OwnershipState, (unsigned long)64>>>>::begin<(unsigned long)4>",69000000,34500000,0,0,13878804,0,0,0,0,0,0,0,0,0,0,0,0,0,0,0,0,46261433,0,4626268,0,0,0,0,0,0,0,0,0,0,0,0,0,0,0,0,0,0,0,0,0,0,0,0,0,0,0,0,0,0,0,0,0,0,0,0,0,0,0,0,0,0,0,0,0,0,0,0,0,0,0,0,296081152,0,0,0,0,0,0,0,0,0,0,0,0,0,md-flexible,"autopas::SoAView<std::tuple<std::vector<mdLib::MoleculeLJ*, autopas::AlignedAllocator<mdLib::MoleculeLJ*, (unsigned long)64>>, std::vector<unsigned long, autopas::AlignedAllocator<unsigned long, (unsigned long)64>>, std::vector<double, autopas::AlignedAllocator<double, (unsigned long)64>>, std::vector<double, autopas::AlignedAllocator<double, (unsigned long)64>>, std::vector<double, autopas::AlignedAllocator<double, (unsigned long)64>>, std::vector<double, autopas::AlignedAllocator<double, (unsigned long)64>>, std::vector<double, autopas::AlignedAllocator<double, (unsigned long)64>>, std::vector<double, autopas::AlignedAllocator<double, (unsigned long)64>>, std::vector<double, autopas::AlignedAllocator<double, (unsigned long)64>>, std::vector<double, autopas::AlignedAllocator<double, (unsigned long)64>>, std::vector<double, autopas::AlignedAllocator<double, (unsigned long)64>>, std::vector<double, autopas::AlignedAllocator<double, (unsigned long)64>>, std::vector<double, autopas::AlignedAllocator<double, (unsigned long)64>>, std::vector<double, autopas::AlignedAllocator<double, (unsigned long)64>>, std::vector<unsigned long, autopas::AlignedAllocator<unsigned long, (unsigned long)64>>, std::vector<autopas::OwnershipState, autopas::AlignedAllocator<autopas::OwnershipState, (unsigned long)64>>>>::begin<(unsigned long)4>(signed char, void)",SoAView.h,0x555696
"autopas::containerIteratorUtils::particleFulfillsIteratorRequirements<(bool)1, mdLib::MoleculeLJ, std::array<double, (unsigned long)3>>",69000000,34500000,0,0,32383876,0,0,0,0,0,0,0,0,0,0,0,0,0,0,0,0,0,0,0,0,0,0,0,0,0,0,0,0,0,0,0,0,0,0,0,0,0,0,0,0,0,0,0,0,0,0,0,0,0,0,0,46261433,0,0,0,0,0,0,0,0,0,0,0,0,0,0,0,0,0,323830031,0,328465028,0,0,0,0,0,0,0,0,0,0,0,0,0,md-flexible,"autopas::containerIteratorUtils::particleFulfillsIteratorRequirements<(bool)1, mdLib::MoleculeLJ, std::array<double, (unsigned long)3>>(mdLib::MoleculeLJ const&, autopas::options::IteratorBehavior, std::array<double, (unsigned long)3> const&, std::array<double, (unsigned long)3> const&)",ContainerIterator.h,0x51cfe0
autopas::utils::ThreeDimensionalMapping::oneToThreeD<unsigned long>,69000000,23000000,0,200000064,4626268,13878804,0,0,0,0,0,0,0,0,0,0,0,46261433,0,0,0,0,0,4626268,0,0,0,0,0,0,0,0,0,0,277568181,0,46261433,0,0,0,0,0,0,0,0,0,0,0,0,0,0,0,0,0,0,0,0,0,0,0,0,0,46261433,46261433,0,0,0,0,0,0,0,0,0,0,0,0,32383876,0,0,0,0,0,0,0,0,0,0,0,0,0,md-flexible,"autopas::utils::ThreeDimensionalMapping::oneToThreeD<unsigned long>(unsigned long, std::array<unsigned long, (unsigned long)3> const&)",ThreeDimensionalMapping.h,0x4fdcaa
operator delete,69000000,11500000,0,0,0,0,0,0,106400976,0,0,0,0,0,0,0,0,0,0,0,0,0,0,0,0,0,0,0,4626268,0,0,0,0,0,0,0,0,0,0,0,0,0,0,0,0,0,0,0,0,0,0,0,0,0,0,0,0,0,0,0,0,0,0,0,0,0,0,0,0,0,0,0,0,0,0,0,0,0,0,0,0,0,0,0,0,0,0,0,0,0,libstdc++.so.6.0.33,operator delete(void*),del_op.cc,0xb8aa0
operator delete,69000000,23000000,0,0,0,0,0,0,0,0,0,0,0,0,0,0,0,0,0,0,0,0,0,0,0,0,0,0,0,0,0,0,0,0,185045454,0,0,0,0,0,0,0,0,0,0,0,0,0,0,0,0,0,0,0,0,0,0,0,0,0,0,0,0,0,0,0,0,0,0,0,0,0,0,0,0,0,0,0,0,0,0,0,0,0,0,0,0,0,0,0,libstdc++.so.6.0.33,"operator delete(void*, unsigned long)",del_ops.cc,0xb8ab0
"std::_Hashtable<mdLib::MoleculeLJ const*, std::pair<mdLib::MoleculeLJ const* const, unsigned long>, std::allocator<std::pair<mdLib::MoleculeLJ const* const, unsigned long>>, std::__detail::_Select1st, std::equal_to<mdLib::MoleculeLJ const*>, std::hash<mdLib::MoleculeLJ const*>, std::__detail::_Mod_range_hashing, std::__detail::_Default_ranged_hash, std::__detail::_Prime_rehash_policy, std::__detail::_Hashtable_traits<(bool)0, (bool)0, (bool)1>>::_M_insert_unique_node",69000000,11500000,0,50000016,23131340,13878804,0,0,212801952,462751,0,0,0,0,0,0,0,0,0,0,0,0,0,0,0,0,0,0,0,0,0,0,0,0,92522727,0,46261433,0,0,0,0,0,0,0,0,0,0,0,0,0,0,0,0,0,0,0,0,0,0,0,0,0,0,0,0,0,0,0,0,3702008,0,0,0,0,0,0,791091828,0,0,0,0,0,0,0,0,0,0,0,0,0,md-flexible,"std::_Hashtable<mdLib::MoleculeLJ const*, std::pair<mdLib::MoleculeLJ const* const, unsigned long>, std::allocator<std::pair<mdLib::MoleculeLJ const* const, unsigned long>>, std::__detail::_Select1st, std::equal_to<mdLib::MoleculeLJ const*>, std::hash<mdLib::MoleculeLJ const*>, std::__detail::_Mod_range_hashing, std::__detail::_Default_ranged_hash, std::__detail::_Prime_rehash_policy, std::__detail::_Hashtable_traits<(bool)0, (bool)0, (bool)1>>::_M_insert_unique_node(unsigned long, unsigned long, std::__detail::_Hash_node<std::pair<mdLib::MoleculeLJ const* const, unsigned long>, (bool)0>*, unsigned long)",hashtable.h,0x540010
"std::__detail::_Map_base<mdLib::MoleculeLJ const*, std::pair<mdLib::MoleculeLJ const* const, unsigned long>, std::allocator<std::pair<mdLib::MoleculeLJ const* const, unsigned long>>, std::__detail::_Select1st, std::equal_to<mdLib::MoleculeLJ const*>, std::hash<mdLib::MoleculeLJ const*>, std::__detail::_Mod_range_hashing, std::__detail::_Default_ranged_hash, std::__detail::_Prime_rehash_policy, std::__detail::_Hashtable_traits<(bool)0, (bool)0, (bool)1>, (bool)1>::operator[]",69000000,0,0,50000016,13878804,9252536,0,0,0,0,0,0,0,0,0,0,0,0,0,0,0,0,0,0,0,0,0,0,0,0,0,0,0,0,92522727,0,0,0,0,0,0,0,0,0,0,0,0,0,0,0,0,0,0,0,0,0,0,0,0,0,0,0,0,0,0,0,0,0,0,0,0,0,0,0,0,0,791091828,0,0,0,0,0,0,0,0,0,0,0,0,0,md-flexible,"std::__detail::_Map_base<mdLib::MoleculeLJ const*, std::pair<mdLib::MoleculeLJ const* const, unsigned long>, std::allocator<std::pair<mdLib::MoleculeLJ const* const, unsigned long>>, std::__detail::_Select1st, std::equal_to<mdLib::MoleculeLJ const*>, std::hash<mdLib::MoleculeLJ const*>, std::__detail::_Mod_range_hashing, std::__detail::_Default_ranged_hash, std::__detail::_Prime_rehash_policy, std::__detail::_Hashtable_traits<(bool)0, (bool)0, (bool)1>, (bool)1>::operator[](mdLib::MoleculeLJ const* const&)",hashtable_policy.h,0x5400e0
"std::vector<ParticlePropertiesLibrary<double, unsigned long>::PackedLJMixingData, autopas::AlignedAllocator<ParticlePropertiesLibrary<double, unsigned long>::PackedLJMixingData, (unsigned long)64>>::operator[]",69000000,0,0,50000016,0,0,0,0,0,0,0,46261433,0,0,0,0,0,0,92522727,0,0,0,0,0,0,0,46261433,0,0,0,0,0,0,0,92522727,0,0,0,0,0,0,0,0,0,0,0,0,0,0,0,0,0,0,0,0,0,0,0,0,0,0,0,0,0,0,0,0,0,0,0,0,0,0,0,0,0,0,0,0,0,0,0,0,0,0,0,0,0,0,0,md-flexible,"std::vector<ParticlePropertiesLibrary<double, unsigned long>::PackedLJMixingData, autopas::AlignedAllocator<ParticlePropertiesLibrary<double, unsigned long>::PackedLJMixingData, (unsigned long)64>>::operator[](unsigned long) const",stl_vector.h,0x555a28
"std::vector<double, autopas::AlignedAllocator<double, (unsigned long)64>>::data",69000000,34500000,0,0,0,23131340,0,0,0,0,0,46261433,0,0,0,0,0,46261433,0,0,0,46261433,0,0,46261433,0,46261433,0,0,0,0,0,0,462613090,0,0,0,0,0,0,0,0,0,0,0,0,0,0,0,0,0,0,0,0,0,0,0,0,0,0,0,0,0,0,0,0,0,0,0,0,0,0,0,0,0,0,0,0,0,0,0,0,0,0,0,0,0,0,0,0,md-flexible,"std::vector<double, autopas::AlignedAllocator<double, (unsigned long)64>>::data(void)",stl_vector.h,0x55568f
_ZSt12construct_atIPN5mdLib10MoleculeLJEJRKS2_EEDTgsnwcvPvLi0E_T_pispcl7declvalIT0_EEEEPS6_DpOS7_,57500000,46000000,0,0,0,0,0,0,0,925502,0,0,0,0,46261433,0,0,0,0,0,0,0,0,0,0,0,0,0,0,0,0,0,0,0,92522727,0,46261433,0,0,0,0,0,0,0,0,0,0,0,0,0,0,0,0,0,0,0,0,0,0,0,0,0,0,0,0,0,0,0,0,6941265,0,0,0,0,0,0,0,0,0,0,0,0,0,0,103500000,0,0,0,0,0,md-flexible,_ZSt12construct_atIPN5mdLib10MoleculeLJEJRKS2_EEDTgsnwcvPvLi0E_T_pispcl7declvalIT0_EEEEPS6_DpOS7_,stl_construct.h,0x509bfe
mdLib::MoleculeLJ::getOldF,57500000,46000000,0,0,32383876,0,0,0,0,0,0,46261433,0,0,0,0,0,0,0,0,0,0,0,0,0,0,0,0,0,0,0,0,0,462613090,92522727,0,0,0,0,0,0,0,0,0,0,0,0,0,0,0,0,0,0,0,0,0,92522866,0,0,0,0,0,0,46261433,0,0,0,0,0,0,0,0,0,0,10917698188,0,772586756,0,0,0,0,0,0,0,0,0,0,0,0,0,md-flexible,mdLib::MoleculeLJ::getOldF(void) const,MoleculeLJ.cpp,0x690e00
"std::_Hashtable<mdLib::MoleculeLJ*, std::pair<mdLib::MoleculeLJ* const, std::vector<mdLib::MoleculeLJ*, std::allocator<mdLib::MoleculeLJ*>>>, std::allocator<std::pair<mdLib::MoleculeLJ* const, std::vector<mdLib::MoleculeLJ*, std::allocator<mdLib::MoleculeLJ*>>>>, std::__detail::_Select1st, std::equal_to<mdLib::MoleculeLJ*>, std::hash<mdLib::MoleculeLJ*>, std::__detail::_Mod_range_hashing, std::__detail::_Default_ranged_hash, std::__detail::_Prime_rehash_policy, std::__detail::_Hashtable_traits<(bool)0, (bool)0, (bool)1>>::_M_insert_unique_node",57500000,23000000,0,0,23131340,4626268,0,0,0,462751,92522727,46261433,0,0,0,0,0,0,0,0,0,0,0,0,0,0,0,0,0,0,0,0,0,0,0,0,0,0,0,0,0,0,0,0,0,0,0,0,0,0,0,0,0,0,0,0,46261433,0,0,0,0,0,0,0,0,0,0,0,0,3239257,0,0,0,0,2775685980,0,615293644,0,0,0,0,0,0,0,0,0,0,0,0,0,md-flexible,"std::_Hashtable<mdLib::MoleculeLJ*, std::pair<mdLib::MoleculeLJ* const, std::vector<mdLib::MoleculeLJ*, std::allocator<mdLib::MoleculeLJ*>>>, std::allocator<std::pair<mdLib::MoleculeLJ* const, std::vector<mdLib::MoleculeLJ*, std::allocator<mdLib::MoleculeLJ*>>>>, std::__detail::_Select1st, std::equal_to<mdLib::MoleculeLJ*>, std::hash<mdLib::MoleculeLJ*>, std::__detail::_Mod_range_hashing, std::__detail::_Default_ranged_hash, std::__detail::_Prime_rehash_policy, std::__detail::_Hashtable_traits<(bool)0, (bool)0, (bool)1>>::_M_insert_unique_node(unsigned long, unsigned long, std::__detail::_Hash_node<std::pair<mdLib::MoleculeLJ* const, std::vector<mdLib::MoleculeLJ*, std::allocator<mdLib::MoleculeLJ*>>>, (bool)0>*, unsigned long)",hashtable.h,0x541240
std::max<unsigned long>,57500000,34500000,0,50000016,0,0,0,0,0,0,0,46261433,0,0,0,0,0,0,0,0,0,46261433,0,4626268,0,0,0,0,0,0,0,0,0,0,0,0,46261433,0,0,0,0,0,0,0,0,0,0,0,0,0,0,0,0,0,0,0,0,0,0,0,0,0,46261433,0,0,0,0,0,0,0,0,0,0,0,0,0,0,0,0,0,0,0,0,0,0,0,0,0,0,0,md-flexible,"std::max<unsigned long>(unsigned long const&, unsigned long const&)",stl_algobase.h,0x54b45c
"ParticlePropertiesLibrary<double, unsigned long>::getMixing24Epsilon",46000000,11500000,0,0,0,3941580336,0,0,106400976,6015763,92522727,46261433,0,0,0,0,0,0,0,0,0,0,0,0,0,0,46261433,0,0,0,0,0,0,0,0,0,0,0,0,0,4626268,0,0,0,0,0,0,0,0,0,0,0,0,0,0,0,0,0,0,0,0,0,46261433,0,0,0,0,0,0,45349598,0,0,0,0,0,0,0,0,0,0,0,0,0,2581457544,0,0,0,0,0,0,md-flexible,"ParticlePropertiesLibrary<double, unsigned long>::getMixing24Epsilon(unsigned long, unsigned long) const",ParticlePropertiesLibrary.h,0x5557f8
"__gnu_cxx::__normal_iterator<unsigned long*, std::vector<unsigned long, autopas::AlignedAllocator<unsigned long, (unsigned long)64>>>::operator--",46000000,11500000,0,0,0,0,0,0,0,0,0,0,0,0,0,0,0,0,0,0,0,0,0,0,0,0,0,0,0,0,0,0,0,0,92522727,0,0,0,0,0,0,0,0,0,0,0,0,0,0,0,0,0,0,0,0,0,0,0,0,0,0,0,0,0,0,0,0,0,0,0,0,0,0,0,0,0,0,0,0,0,0,0,0,0,0,0,0,0,0,0,md-flexible,"__gnu_cxx::__normal_iterator<unsigned long*, std::vector<unsigned long, autopas::AlignedAllocator<unsigned long, (unsigned long)64>>>::operator--(void)",stl_iterator.h,0x540664
__memset_evex_unaligned_erms,46000000,609500000,0,950000304,0,4626268,0,0,744806832,462751,1295318178,46261433,0,0,46261433,0,0,508875763,92522727,0,0,0,0,37010144,138784299,0,971490093,0,0,74020288,46261433,0,0,1850452360,92522727,0,46261433,0,9252397,0,0,0,0,0,0,0,0,0,0,0,0,0,0,0,0,0,0,0,0,0,0,0,0,0,92522866,0,0,0,0,3239257,0,450000144,0,1665409086,0,0,0,0,0,0,0,1518000000,0,0,0,0,0,0,0,0,libc.so.6,__memset_evex_unaligned_erms,[Unknown],0x18f6ce
_mid_memalign.isra.0,46000000,11500000,0,0,0,0,0,0,0,462751,0,0,0,0,0,0,0,0,0,0,0,0,0,0,0,0,0,0,0,0,0,0,0,0,0,0,0,0,0,0,0,0,0,0,0,0,0,0,0,0,0,0,0,0,0,0,0,0,0,0,0,0,0,0,0,0,0,0,0,4164759,0,0,0,0,0,0,0,0,0,0,0,0,0,0,0,0,0,0,0,0,libc.so.6,_mid_memalign.isra.0,[Unknown],0xb844e
_mm256_broadcast_sd,46000000,23000000,0,0,4626268,0,0,0,0,0,0,46261433,0,0,46261433,0,0,0,0,0,0,0,0,4626268,0,0,0,0,0,0,0,0,0,0,0,0,46261433,0,0,0,0,0,0,0,0,0,0,0,0,0,0,0,0,0,0,0,46261433,0,0,0,0,0,0,0,0,0,0,0,0,0,0,0,0,0,2081764485,0,32383876,0,0,0,0,0,0,0,0,0,0,0,0,0,md-flexible,_mm256_broadcast_sd,avxintrin.h,0x5556db
autopas::AutoPasLock::lock,46000000,0,0,0,0,0,0,0,0,0,0,0,0,0,0,0,0,0,0,0,0,0,0,0,0,0,46261433,0,0,0,0,0,0,0,0,0,0,0,0,0,0,0,0,0,0,0,0,0,0,0,0,0,0,0,0,0,0,0,0,0,0,0,0,0,0,0,0,0,0,0,0,0,0,0,0,0,0,0,0,0,0,0,0,0,0,0,0,0,0,0,md-flexible,autopas::AutoPasLock::lock(void),WrapOpenMP.h,0x500f3d
"autopas::ParticleBase<double, unsigned long>::ParticleBase",46000000,11500000,0,0,0,0,0,0,0,925502,0,0,0,0,0,0,0,0,0,0,0,0,0,0,0,0,46261433,0,0,0,0,0,0,0,0,0,0,0,0,0,0,0,0,0,0,0,0,0,0,0,0,0,0,0,0,0,0,0,0,0,0,0,0,0,0,0,0,0,0,6478514,0,0,0,0,0,0,0,0,0,0,0,0,0,0,0,0,0,0,0,0,md-flexible,"autopas::ParticleBase<double, unsigned long>::ParticleBase(autopas::ParticleBase<double, unsigned long> const&)",ParticleBase.h,0x546351
"autopas::SoAView<std::tuple<std::vector<mdLib::MoleculeLJ*, autopas::AlignedAllocator<mdLib::MoleculeLJ*, (unsigned long)64>>, std::vector<unsigned long, autopas::AlignedAllocator<unsigned long, (unsigned long)64>>, std::vector<double, autopas::AlignedAllocator<double, (unsigned long)64>>, std::vector<double, autopas::AlignedAllocator<double, (unsigned long)64>>, std::vector<double, autopas::AlignedAllocator<double, (unsigned long)64>>, std::vector<double, autopas::AlignedAllocator<double, (unsigned long)64>>, std::vector<double, autopas::AlignedAllocator<double, (unsigned long)64>>, std::vector<double, autopas::AlignedAllocator<double, (unsigned long)64>>, std::vector<double, autopas::AlignedAllocator<double, (unsigned long)64>>, std::vector<double, autopas::AlignedAllocator<double, (unsigned long)64>>, std::vector<double, autopas::AlignedAllocator<double, (unsigned long)64>>, std::vector<double, autopas::AlignedAllocator<double, (unsigned long)64>>, std::vector<double, autopas::AlignedAllocator<double, (unsigned long)64>>, std::vector<double, autopas::AlignedAllocator<double, (unsigned long)64>>, std::vector<unsigned long, autopas::AlignedAllocator<unsigned long, (unsigned long)64>>, std::vector<autopas::OwnershipState, autopas::AlignedAllocator<autopas::OwnershipState, (unsigned long)64>>>>::begin<(unsigned long)15>",46000000,23000000,0,50000016,74020288,0,0,0,0,0,0,0,0,0,0,0,0,46261433,0,0,0,0,0,4626268,0,0,0,0,0,0,0,0,0,0,92522727,0,46261433,0,0,0,0,0,0,0,0,0,0,0,0,0,0,0,0,0,0,0,46261433,0,0,0,0,0,0,92522866,0,0,0,0,0,0,0,0,0,0,323830031,0,2095699404,0,0,0,0,0,0,0,0,0,0,0,0,0,md-flexible,"autopas::SoAView<std::tuple<std::vector<mdLib::MoleculeLJ*, autopas::AlignedAllocator<mdLib::MoleculeLJ*, (unsigned long)64>>, std::vector<unsigned long, autopas::AlignedAllocator<unsigned long, (unsigned long)64>>, std::vector<double, autopas::AlignedAllocator<double, (unsigned long)64>>, std::vector<double, autopas::AlignedAllocator<double, (unsigned long)64>>, std::vector<double, autopas::AlignedAllocator<double, (unsigned long)64>>, std::vector<double, autopas::AlignedAllocator<double, (unsigned long)64>>, std::vector<double, autopas::AlignedAllocator<double, (unsigned long)64>>, std::vector<double, autopas::AlignedAllocator<double, (unsigned long)64>>, std::vector<double, autopas::AlignedAllocator<double, (unsigned long)64>>, std::vector<double, autopas::AlignedAllocator<double, (unsigned long)64>>, std::vector<double, autopas::AlignedAllocator<double, (unsigned long)64>>, std::vector<double, autopas::AlignedAllocator<double, (unsigned long)64>>, std::vector<double, autopas::AlignedAllocator<double, (unsigned long)64>>, std::vector<double, autopas::AlignedAllocator<double, (unsigned long)64>>, std::vector<unsigned long, autopas::AlignedAllocator<unsigned long, (unsigned long)64>>, std::vector<autopas::OwnershipState, autopas::AlignedAllocator<autopas::OwnershipState, (unsigned long)64>>>>::begin<(unsigned long)15>(signed char, void)",SoAView.h,0x555642
"mdLib::MoleculeLJ::get<(mdLib::MoleculeLJ::AttributeNames)14, (bool)1>",46000000,46000000,0,50000016,0,0,4626268,0,0,0,0,46261433,0,0,46261433,0,0,0,0,0,0,0,0,0,0,0,0,0,0,0,0,0,0,0,0,0,0,0,0,0,0,0,0,0,0,0,0,0,0,0,0,0,0,0,0,0,0,0,0,0,0,0,0,0,46261433,0,0,0,0,0,0,0,0,0,0,0,0,0,0,0,0,0,0,0,0,0,0,0,0,0,md-flexible,"mdLib::MoleculeLJ::get<(mdLib::MoleculeLJ::AttributeNames)14, (bool)1>(void) const",MoleculeLJ.h,0x588a92
"mdLib::MoleculeLJ::get<(mdLib::MoleculeLJ::AttributeNames)8, (bool)1>",46000000,46000000,0,0,0,0,0,0,0,0,0,92522866,0,0,46261433,92522866,92522866,46261433,0,0,0,0,0,0,0,0,0,0,0,4626268,0,0,0,0,0,0,92522866,0,0,0,0,0,0,0,0,0,0,0,0,0,0,0,0,0,0,0,0,0,0,0,2314036,0,0,92522866,0,0,0,0,0,0,0,0,0,0,0,0,0,0,0,0,0,0,16198252,0,0,0,0,0,0,0,md-flexible,"mdLib::MoleculeLJ::get<(mdLib::MoleculeLJ::AttributeNames)8, (bool)1>(void) const",MoleculeLJ.h,0x588ac4
mdLib::MoleculeLJ::operator=,46000000,0,0,0,0,0,0,0,0,0,0,0,0,0,0,0,0,0,0,0,0,0,0,0,0,0,0,0,0,0,0,0,0,0,0,0,0,0,0,0,0,0,0,0,0,0,0,0,0,0,0,0,0,0,0,0,0,0,0,0,0,0,0,0,0,0,0,0,0,0,0,0,0,0,0,0,0,0,0,0,0,0,0,0,0,0,0,0,0,0,md-flexible,mdLib::MoleculeLJ::operator=(mdLib::MoleculeLJ const&),MoleculeLJ.h,0x546351
"std::_Hashtable<mdLib::MoleculeLJ const*, std::pair<mdLib::MoleculeLJ const* const, unsigned long>, std::allocator<std::pair<mdLib::MoleculeLJ const* const, unsigned long>>, std::__detail::_Select1st, std::equal_to<mdLib::MoleculeLJ const*>, std::hash<mdLib::MoleculeLJ const*>, std::__detail::_Mod_range_hashing, std::__detail::_Default_ranged_hash, std::__detail::_Prime_rehash_policy, std::__detail::_Hashtable_traits<(bool)0, (bool)0, (bool)1>>::_M_insert_bucket_begin",46000000,23000000,0,50000016,4626268,83272824,0,0,0,0,0,92522866,0,0,0,0,0,0,0,0,0,0,0,0,0,0,0,0,0,0,0,0,0,0,0,0,0,0,0,0,0,0,0,0,0,0,0,0,0,0,0,0,0,0,0,0,0,0,0,0,0,0,0,46261433,0,0,0,0,0,0,0,0,0,0,0,0,41636412,0,0,0,0,0,0,32383876,92000000,0,0,0,0,0,md-flexible,"std::_Hashtable<mdLib::MoleculeLJ const*, std::pair<mdLib::MoleculeLJ const* const, unsigned long>, std::allocator<std::pair<mdLib::MoleculeLJ const* const, unsigned long>>, std::__detail::_Select1st, std::equal_to<mdLib::MoleculeLJ const*>, std::hash<mdLib::MoleculeLJ const*>, std::__detail::_Mod_range_hashing, std::__detail::_Default_ranged_hash, std::__detail::_Prime_rehash_policy, std::__detail::_Hashtable_traits<(bool)0, (bool)0, (bool)1>>::_M_insert_bucket_begin(unsigned long, std::__detail::_Hash_node<std::pair<mdLib::MoleculeLJ const* const, unsigned long>, (bool)0>*)",hashtable.h,0x540057
"std::__sort<__gnu_cxx::__normal_iterator<unsigned long*, std::vector<unsigned long, autopas::AlignedAllocator<unsigned long, (unsigned long)64>>>, __gnu_cxx::__ops::_Iter_less_iter>",46000000,34500000,0,50000016,0,0,0,0,0,0,0,46261433,0,0,0,0,0,0,0,0,0,0,0,0,0,0,92522866,0,0,0,0,0,0,0,0,0,0,0,0,0,0,0,0,0,0,0,0,0,0,0,0,0,0,0,0,0,0,0,0,0,0,0,0,0,0,0,0,0,0,0,0,0,0,0,0,0,0,0,0,0,0,0,0,0,0,0,0,0,0,0,md-flexible,"std::__sort<__gnu_cxx::__normal_iterator<unsigned long*, std::vector<unsigned long, autopas::AlignedAllocator<unsigned long, (unsigned long)64>>>, __gnu_cxx::__ops::_Iter_less_iter>(__gnu_cxx::__normal_iterator<unsigned long*, std::vector<unsigned long, autopas::AlignedAllocator<unsigned long, (unsigned long)64>>>, __gnu_cxx::__normal_iterator<unsigned long*, std::vector<unsigned long, autopas::AlignedAllocator<unsigned long, (unsigned long)64>>>, __gnu_cxx::__ops::_Iter_less_iter)",stl_algo.h,0x540581
std::min<unsigned long>,46000000,34500000,0,0,0,0,0,0,0,0,0,0,0,0,0,0,0,0,0,0,0,0,0,0,0,0,0,0,0,0,0,0,0,0,0,0,0,0,0,0,0,0,0,0,0,0,0,0,0,0,0,0,0,0,0,0,0,0,0,0,0,0,0,0,0,0,0,0,0,0,0,0,0,0,0,0,0,0,0,0,0,0,0,0,0,0,0,0,0,0,md-flexible,"std::min<unsigned long>(unsigned long const&, unsigned long const&)",stl_algobase.h,0x500e9d
"std::vector<double, autopas::AlignedAllocator<double, (unsigned long)64>>::data",46000000,11500000,0,0,0,9252536,0,0,0,462751,0,46261433,0,0,0,0,0,46261433,0,0,0,0,0,0,0,0,46261433,0,0,0,0,0,0,0,0,0,46261433,0,0,0,0,0,0,0,0,0,0,0,0,0,0,0,0,0,0,0,0,0,0,0,0,0,46261433,0,0,0,0,0,0,3239257,323830031,0,0,0,0,0,0,0,0,0,0,0,0,0,0,0,0,0,0,0,md-flexible,"std::vector<double, autopas::AlignedAllocator<double, (unsigned long)64>>::data(void)",stl_vector.h,0x5556bb
"std::vector<mdLib::MoleculeLJ*, std::allocator<mdLib::MoleculeLJ*>>::size",46000000,11500000,0,0,4626268,0,0,0,0,0,0,0,0,0,0,0,0,0,0,0,0,0,0,0,0,0,0,0,0,0,0,0,0,0,0,0,46261433,0,0,0,0,0,0,0,0,0,0,0,0,0,0,0,0,0,0,0,0,0,0,0,0,0,0,0,0,0,0,0,0,0,0,0,0,0,0,0,32383876,0,0,0,0,0,0,0,0,0,0,0,0,0,md-flexible,"std::vector<mdLib::MoleculeLJ*, std::allocator<mdLib::MoleculeLJ*>>::size(void) const",stl_vector.h,0x539265
"std::vector<unsigned long, autopas::AlignedAllocator<unsigned long, (unsigned long)64>>::size",46000000,34500000,0,50000016,9252536,0,0,0,0,0,0,0,0,0,46261433,46261433,46261433,46261433,0,0,0,0,0,0,0,0,0,0,0,0,0,0,0,0,92522727,0,0,0,0,0,0,0,0,0,0,0,0,0,0,0,0,0,0,0,0,0,0,0,0,0,0,0,0,0,0,0,0,0,0,0,0,0,0,0,0,0,64767752,0,0,0,0,0,0,0,0,0,0,0,0,0,md-flexible,"std::vector<unsigned long, autopas::AlignedAllocator<unsigned long, (unsigned long)64>>::size(void) const",stl_vector.h,0x54b41e
"__gnu_cxx::__normal_iterator<unsigned long*, std::vector<unsigned long, autopas::AlignedAllocator<unsigned long, (unsigned long)64>>>::operator+",34500000,23000000,0,0,0,0,4626268,0,0,0,0,0,0,0,0,0,0,0,0,0,0,0,0,0,0,0,0,0,0,0,0,0,0,0,0,0,0,0,0,0,0,0,0,0,0,0,0,0,0,0,0,0,0,0,0,0,0,0,0,0,0,0,0,0,0,0,0,0,0,0,0,0,0,0,0,0,0,0,0,0,0,0,0,0,0,0,0,0,0,0,md-flexible,"__gnu_cxx::__normal_iterator<unsigned long*, std::vector<unsigned long, autopas::AlignedAllocator<unsigned long, (unsigned long)64>>>::operator+(long) const",stl_iterator.h,0x4fd574
_int_memalign,34500000,23000000,0,150000048,4626268,4626268,0,0,106400976,0,0,46261433,0,0,46261433,0,0,0,0,0,0,0,0,0,0,0,0,0,0,0,0,0,0,0,92522727,0,0,0,0,0,0,0,0,0,0,0,0,0,0,0,0,0,0,0,0,0,0,0,0,0,0,0,0,0,0,0,0,0,0,0,0,0,0,0,0,0,962263744,0,0,0,0,0,0,32383876,0,0,0,0,0,0,libc.so.6,_int_memalign,[Unknown],0xb7d6e
_mm256_maskload_pd,34500000,0,0,200000064,0,0,0,0,0,0,92522727,0,0,0,46261433,0,0,0,0,0,46261433,0,0,0,0,0,0,0,0,0,0,0,0,0,0,0,0,0,0,0,0,0,0,0,0,0,0,0,0,0,0,0,0,0,0,0,0,0,0,0,0,0,0,0,0,0,0,0,0,0,0,0,0,0,0,0,0,0,0,0,0,0,0,0,0,0,0,0,0,0,md-flexible,_mm256_maskload_pd,avxintrin.h,0x555aaa
autopas::AutoPasLock::unlock,34500000,11500000,0,0,0,0,0,0,0,0,0,0,0,0,0,0,0,0,0,0,0,0,0,0,0,0,0,0,0,0,0,0,0,462613090,0,0,0,0,0,0,0,0,0,0,0,0,0,0,0,0,0,0,0,0,0,0,0,0,0,0,0,0,0,0,0,0,0,0,0,0,0,0,0,0,0,0,0,0,0,0,0,0,0,0,0,0,0,0,0,0,md-flexible,autopas::AutoPasLock::unlock(void),WrapOpenMP.h,0x500f62
autopas::VerletListsLinkedReferencesBase<mdLib::MoleculeLJ>::linearKey,34500000,23000000,0,50000016,0,0,0,0,0,0,0,0,0,0,0,0,0,0,0,0,0,0,0,0,0,0,0,0,0,0,0,0,0,0,185045454,0,0,0,0,0,0,0,0,0,0,0,0,0,0,0,0,0,0,0,0,0,0,0,0,0,0,0,0,46261433,0,0,0,0,0,0,0,0,0,0,0,0,0,0,0,0,0,0,0,0,0,0,0,0,0,0,md-flexible,"autopas::VerletListsLinkedReferencesBase<mdLib::MoleculeLJ>::linearKey(std::array<unsigned long, (unsigned long)3> const&, std::array<unsigned long, (unsigned long)3> const&) const",VerletListsLinkedReferencesBase.h,0x537ca9
"mdLib::MoleculeLJ::get<(mdLib::MoleculeLJ::AttributeNames)10, (bool)1>",34500000,11500000,0,0,4626268,0,0,0,106400976,462751,0,0,0,0,0,0,46261433,0,0,0,0,0,0,0,0,0,0,0,0,0,0,0,0,0,0,0,0,0,0,0,0,0,0,0,0,0,0,0,0,0,0,0,0,0,0,4626453,0,0,0,0,0,0,0,0,0,0,0,0,0,18047289,0,0,0,0,0,0,545899624,0,41638077,0,0,0,0,0,0,0,0,0,0,0,md-flexible,"mdLib::MoleculeLJ::get<(mdLib::MoleculeLJ::AttributeNames)10, (bool)1>(void) const",MoleculeLJ.h,0x588adf
"mdLib::MoleculeLJ::get<(mdLib::MoleculeLJ::AttributeNames)3, (bool)1>",34500000,23000000,0,50000016,0,0,0,0,0,462751,0,46261433,0,0,46261433,0,0,92522866,0,0,0,0,0,0,46261433,0,0,0,0,0,0,0,0,0,0,0,46261433,0,0,0,0,0,0,0,0,0,0,0,0,0,0,0,0,0,0,9252906,0,0,0,0,2314036,0,0,0,0,0,0,0,0,11568775,1110274392,0,0,0,0,0,0,0,444139488,0,0,0,16198252,0,0,0,0,0,0,0,md-flexible,"mdLib::MoleculeLJ::get<(mdLib::MoleculeLJ::AttributeNames)3, (bool)1>(void) const",MoleculeLJ.h,0x588aa4
mdLib::MoleculeLJ::operator=,34500000,11500000,0,0,0,0,0,0,0,0,0,0,0,0,0,0,0,0,0,0,0,0,0,0,0,0,0,0,0,0,0,0,0,0,0,0,0,0,0,0,0,0,0,0,0,0,0,0,0,0,0,0,0,0,0,0,0,0,0,0,0,0,0,0,0,0,0,0,0,0,0,0,0,0,0,0,0,0,0,0,0,0,0,0,0,0,0,0,0,0,md-flexible,mdLib::MoleculeLJ::operator=(mdLib::MoleculeLJ const&),MoleculeLJ.h,0x54694e
mdLib::MoleculeLJ::set<(mdLib::MoleculeLJ::AttributeNames)10>,34500000,11500000,0,0,0,4626268,0,0,0,0,92522727,0,0,0,0,0,46261433,0,0,0,0,0,0,0,0,0,46261433,0,0,0,0,0,0,0,0,0,0,0,0,0,0,0,0,0,0,0,0,0,0,0,0,0,0,0,0,0,0,0,0,0,0,0,0,46261433,0,0,0,0,0,0,0,0,0,0,0,0,0,0,0,0,0,0,0,0,0,0,0,0,0,0,md-flexible,"mdLib::MoleculeLJ::set<(mdLib::MoleculeLJ::AttributeNames)10>(std::tuple_element<(mdLib::MoleculeLJ::AttributeNames)10, std::tuple<std::vector<mdLib::MoleculeLJ*, autopas::AlignedAllocator<std::vector, (unsigned long)64>>, std::tuple<unsigned long, autopas<unsigned long, (unsigned long)64>>, std::tuple<double, autopas<double, (unsigned long)64>>, autopas<double, (unsigned long)64>, autopas<double, (unsigned long)64>, autopas<double, (unsigned long)64>, autopas<double, (unsigned long)64>, autopas<double, (unsigned long)64>, autopas<double, (unsigned long)64>, autopas<double, (unsigned long)64>, autopas<double, (unsigned long)64>, autopas<double, (unsigned long)64>, autopas<double, (unsigned long)64>, autopas<double, (unsigned long)64>, autopas<unsigned long, (unsigned long)64>, std::tuple<mdLib::MoleculeLJ*::OwnershipState, autopas<std::tuple<double, autopas<double, (unsigned long)64>>, (unsigned long)64>>>>::type::value_type)",MoleculeLJ.h,0x56809f
"std::_Hashtable<mdLib::MoleculeLJ*, std::pair<mdLib::MoleculeLJ* const, std::vector<mdLib::MoleculeLJ*, std::allocator<mdLib::MoleculeLJ*>>>, std::allocator<std::pair<mdLib::MoleculeLJ* const, std::vector<mdLib::MoleculeLJ*, std::allocator<mdLib::MoleculeLJ*>>>>, std::__detail::_Select1st, std::equal_to<mdLib::MoleculeLJ*>, std::hash<mdLib::MoleculeLJ*>, std::__detail::_Mod_range_hashing, std::__detail::_Default_ranged_hash, std::__detail::_Prime_rehash_policy, std::__detail::_Hashtable_traits<(bool)0, (bool)0, (bool)1>>::_M_insert_bucket_begin",34500000,57500000,0,50000016,4626268,41636412,0,0,0,0,0,0,0,0,0,0,0,0,0,0,0,0,0,0,0,0,0,0,0,0,0,0,0,0,0,0,0,0,0,0,0,0,0,0,0,0,0,0,0,0,0,0,0,0,0,0,0,0,0,0,0,0,0,0,0,0,0,0,0,0,0,0,0,0,0,0,171171916,0,0,0,0,0,0,41636412,0,0,0,0,0,0,md-flexible,"std::_Hashtable<mdLib::MoleculeLJ*, std::pair<mdLib::MoleculeLJ* const, std::vector<mdLib::MoleculeLJ*, std::allocator<mdLib::MoleculeLJ*>>>, std::allocator<std::pair<mdLib::MoleculeLJ* const, std::vector<mdLib::MoleculeLJ*, std::allocator<mdLib::MoleculeLJ*>>>>, std::__detail::_Select1st, std::equal_to<mdLib::MoleculeLJ*>, std::hash<mdLib::MoleculeLJ*>, std::__detail::_Mod_range_hashing, std::__detail::_Default_ranged_hash, std::__detail::_Prime_rehash_policy, std::__detail::_Hashtable_traits<(bool)0, (bool)0, (bool)1>>::_M_insert_bucket_begin(unsigned long, std::__detail::_Hash_node<std::pair<mdLib::MoleculeLJ* const, std::vector<mdLib::MoleculeLJ*, std::allocator<mdLib::MoleculeLJ*>>>, (bool)0>*)",hashtable.h,0x541276
"std::_Vector_base<mdLib::MoleculeLJ*, std::allocator<mdLib::MoleculeLJ*>>::_Vector_impl_data::_Vector_impl_data",34500000,0,0,0,0,0,0,0,0,0,0,0,0,0,0,0,0,0,0,0,0,0,0,0,0,0,0,0,0,0,0,0,0,0,0,0,0,0,0,0,0,0,0,0,0,0,0,0,0,0,0,0,0,0,0,0,0,0,0,0,0,0,0,0,0,0,0,0,0,0,0,0,0,0,0,0,0,0,0,0,0,0,0,0,0,0,0,0,0,0,md-flexible,"std::_Vector_base<mdLib::MoleculeLJ*, std::allocator<mdLib::MoleculeLJ*>>::_Vector_impl_data::_Vector_impl_data(void)",stl_vector.h,0x501e8b
"std::__adjust_heap<__gnu_cxx::__normal_iterator<unsigned long*, std::vector<unsigned long, autopas::AlignedAllocator<unsigned long, (unsigned long)64>>>, long, unsigned long, __gnu_cxx::__ops::_Iter_less_iter>",34500000,46000000,0,150000048,23131340,0,0,0,0,462751,92522727,46261433,0,0,0,0,0,0,0,0,0,0,0,0,0,0,46261433,0,0,0,0,0,0,0,0,0,0,0,0,0,0,0,0,0,0,0,0,0,0,0,0,0,0,0,0,0,92522866,0,0,0,0,0,0,0,0,0,0,0,0,3239257,0,0,0,0,3238300310,0,263697276,0,0,0,0,0,0,0,0,0,0,0,0,0,md-flexible,"std::__adjust_heap<__gnu_cxx::__normal_iterator<unsigned long*, std::vector<unsigned long, autopas::AlignedAllocator<unsigned long, (unsigned long)64>>>, long, unsigned long, __gnu_cxx::__ops::_Iter_less_iter>(__gnu_cxx::__normal_iterator<unsigned long*, std::vector<unsigned long, autopas::AlignedAllocator<unsigned long, (unsigned long)64>>>, long, long, unsigned long, __gnu_cxx::__ops::_Iter_less_iter)",stl_heap.h,0x4fd682
"std::vector<autopas::ReferenceParticleCell<mdLib::MoleculeLJ>, std::allocator<autopas::ReferenceParticleCell<mdLib::MoleculeLJ>>>::operator[]",34500000,11500000,0,0,0,0,0,0,0,0,0,0,0,0,0,0,0,0,0,0,0,0,0,0,0,0,0,0,0,0,0,0,0,0,92522727,0,0,0,0,0,0,0,0,0,0,0,0,0,0,0,0,0,0,0,0,0,0,0,0,0,0,0,0,0,0,0,0,0,0,0,0,0,0,0,0,0,0,0,0,0,0,0,0,0,0,0,0,0,0,0,md-flexible,"std::vector<autopas::ReferenceParticleCell<mdLib::MoleculeLJ>, std::allocator<autopas::ReferenceParticleCell<mdLib::MoleculeLJ>>>::operator[](unsigned long)",stl_vector.h,0x500eee
"std::vector<double, autopas::AlignedAllocator<double, (unsigned long)64>>::data",34500000,57500000,0,0,0,0,0,0,0,0,0,0,0,0,0,0,46261433,46261433,0,0,46261433,0,0,0,0,0,0,0,0,0,0,0,0,0,0,0,0,0,0,0,0,0,0,0,0,0,0,0,0,0,0,0,0,0,0,0,0,0,0,0,0,0,0,0,0,0,0,0,0,0,0,0,0,0,0,0,0,0,0,0,0,0,0,0,0,0,0,0,0,0,md-flexible,"std::vector<double, autopas::AlignedAllocator<double, (unsigned long)64>>::data(void)",stl_vector.h,0x55567e
"std::vector<double, autopas::AlignedAllocator<double, (unsigned long)64>>::size",34500000,23000000,0,0,9252536,0,0,0,0,0,0,0,0,0,0,0,0,0,0,0,0,0,0,4626268,0,0,0,0,0,0,0,0,0,0,0,0,0,0,0,0,0,0,0,0,0,0,0,0,0,0,0,0,0,0,0,4626453,0,0,9252397,0,0,0,0,46261433,0,0,0,0,0,0,0,0,0,0,0,0,171171916,0,1003940301,0,647667790,0,0,0,0,0,0,0,0,0,md-flexible,"std::vector<double, autopas::AlignedAllocator<double, (unsigned long)64>>::size(void) const",stl_vector.h,0x54b45c
"__gnu_cxx::__normal_iterator<unsigned long*, std::vector<unsigned long, autopas::AlignedAllocator<unsigned long, (unsigned long)64>>>::operator+",23000000,0,0,50000016,0,0,0,0,0,0,0,0,0,0,0,0,0,0,0,0,0,0,0,0,0,0,0,0,0,0,0,0,0,0,0,0,0,0,0,0,0,0,0,0,0,0,0,0,0,0,0,0,0,0,0,0,0,0,0,0,0,0,0,0,0,0,0,0,0,0,0,0,0,0,0,0,0,0,0,0,0,0,0,0,0,0,0,0,0,0,md-flexible,"__gnu_cxx::__normal_iterator<unsigned long*, std::vector<unsigned long, autopas::AlignedAllocator<unsigned long, (unsigned long)64>>>::operator+(long) const",stl_iterator.h,0x4fd55e
_mm256_mul_pd,23000000,34500000,0,0,0,0,0,0,0,0,92522727,0,0,0,0,0,0,0,0,0,0,0,4626268,0,0,0,46261433,0,0,0,0,0,0,0,0,0,0,0,0,0,0,0,0,0,0,0,0,0,0,0,0,0,0,0,0,0,0,0,0,0,0,0,0,0,0,0,0,0,0,0,0,0,0,0,0,0,0,0,0,0,0,0,0,0,0,0,0,0,0,0,md-flexible,_mm256_mul_pd,avxintrin.h,0x555aaa
"autopas::ColorBasedTraversal<autopas::ReferenceParticleCell<mdLib::MoleculeLJ>, autopas::VerletListHelpers<mdLib::MoleculeLJ>::VerletListGeneratorFunctor, (int)3>::initTraversal._omp_fn.0",23000000,92000000,0,200000064,9252536,13878804,0,0,106400976,0,277568181,185045732,0,0,277568598,185045732,138784299,277568598,0,0,46261433,46261433,0,0,0,0,0,0,0,0,0,0,0,0,0,0,0,0,0,0,0,0,0,0,0,0,0,0,0,0,0,0,0,0,0,0,0,0,0,0,0,0,0,0,0,0,0,0,0,0,0,0,0,0,0,0,319212492,0,0,0,0,0,0,0,0,0,0,0,0,0,md-flexible,"autopas::ColorBasedTraversal<autopas::ReferenceParticleCell<mdLib::MoleculeLJ>, autopas::VerletListHelpers<mdLib::MoleculeLJ>::VerletListGeneratorFunctor, (int)3>::initTraversal._omp_fn.0",ColorBasedTraversal.h,0x501fe0
"autopas::ParticleBase<double, unsigned long>::ParticleBase",23000000,0,0,0,0,0,0,0,0,0,0,0,0,0,0,0,0,0,0,0,0,0,0,0,0,0,0,0,0,0,0,0,0,0,0,0,0,0,0,0,0,0,0,0,0,0,0,0,0,0,0,0,0,0,0,0,0,0,0,0,0,0,0,0,0,0,0,0,0,0,0,0,0,0,0,0,0,0,0,0,0,0,0,0,0,0,0,0,0,0,md-flexible,"autopas::ParticleBase<double, unsigned long>::ParticleBase(autopas::ParticleBase<double, unsigned long> const&)",ParticleBase.h,0x51b02e
"autopas::ParticleBase<double, unsigned long>::ParticleBase",23000000,11500000,0,50000016,0,0,0,0,0,0,0,0,0,0,0,0,0,0,0,0,0,0,0,0,0,0,0,0,0,0,0,0,0,0,0,0,46261433,0,0,0,0,0,0,0,0,0,0,0,0,0,0,0,0,0,0,0,0,0,0,0,0,0,0,0,0,0,0,0,0,0,0,0,0,0,0,0,0,0,0,0,0,0,0,0,0,0,0,0,0,0,md-flexible,"autopas::ParticleBase<double, unsigned long>::ParticleBase(autopas::ParticleBase<double, unsigned long> const&)",ParticleBase.h,0x546860
"autopas::ParticleBase<double, unsigned long>::getID",23000000,253000000,0,850000272,13878804,0,0,0,212801952,0,370090908,277568598,0,0,462614330,231307165,231307165,138784299,185045454,0,323830031,231307165,0,0,46261433,0,0,0,4626268,0,92522866,0,0,1387839270,0,46261433,1110274392,0,9252397,0,0,9252536,0,0,0,0,0,0,0,0,0,0,0,0,0,4626453,0,9252397,0,0,2314036,0,462614330,323830031,0,0,0,0,0,0,416352897,0,0,0,0,83271573,1355496524,1387842990,222069744,0,0,0,150412340,0,0,0,0,0,0,0,md-flexible,"autopas::ParticleBase<double, unsigned long>::getID(void) const",ParticleBase.h,0x588a84
"autopas::ParticleBase<double, unsigned long>::operator=",23000000,11500000,0,0,0,0,0,0,106400976,0,0,0,0,0,0,0,0,0,0,0,0,0,0,0,0,0,0,0,0,0,0,0,0,0,0,0,0,0,0,0,0,0,0,0,0,0,0,0,0,0,0,0,0,0,0,0,0,0,0,0,0,0,0,0,0,0,0,0,0,0,0,0,0,0,0,0,0,0,0,0,0,0,0,0,0,0,0,0,0,0,md-flexible,"autopas::ParticleBase<double, unsigned long>::operator=(autopas::ParticleBase<double, unsigned long> const&)",ParticleBase.h,0x546351
"autopas::SoA<std::tuple<std::vector<mdLib::MoleculeLJ*, autopas::AlignedAllocator<mdLib::MoleculeLJ*, (unsigned long)64>>, std::vector<unsigned long, autopas::AlignedAllocator<unsigned long, (unsigned long)64>>, std::vector<double, autopas::AlignedAllocator<double, (unsigned long)64>>, std::vector<double, autopas::AlignedAllocator<double, (unsigned long)64>>, std::vector<double, autopas::AlignedAllocator<double, (unsigned long)64>>, std::vector<double, autopas::AlignedAllocator<double, (unsigned long)64>>, std::vector<double, autopas::AlignedAllocator<double, (unsigned long)64>>, std::vector<double, autopas::AlignedAllocator<double, (unsigned long)64>>, std::vector<double, autopas::AlignedAllocator<double, (unsigned long)64>>, std::vector<double, autopas::AlignedAllocator<double, (unsigned long)64>>, std::vector<double, autopas::AlignedAllocator<double, (unsigned long)64>>, std::vector<double, autopas::AlignedAllocator<double, (unsigned long)64>>, std::vector<double, autopas::AlignedAllocator<double, (unsigned long)64>>, std::vector<double, autopas::AlignedAllocator<double, (unsigned long)64>>, std::vector<unsigned long, autopas::AlignedAllocator<unsigned long, (unsigned long)64>>, std::vector<autopas::OwnershipState, autopas::AlignedAllocator<autopas::OwnershipState, (unsigned long)64>>>>::size",23000000,11500000,0,50000016,27757608,0,0,0,0,0,0,0,0,0,46261433,0,0,0,0,0,0,46261433,0,4626268,0,0,0,0,0,0,0,0,0,0,0,0,46261433,0,0,0,0,0,0,0,0,0,0,0,0,0,0,0,0,0,0,0,46261433,0,0,0,0,0,0,46261433,0,0,0,0,0,0,0,0,0,0,14757397127,0,407111584,0,0,0,0,0,0,0,0,0,0,0,0,0,md-flexible,"autopas::SoA<std::tuple<std::vector<mdLib::MoleculeLJ*, autopas::AlignedAllocator<mdLib::MoleculeLJ*, (unsigned long)64>>, std::vector<unsigned long, autopas::AlignedAllocator<unsigned long, (unsigned long)64>>, std::vector<double, autopas::AlignedAllocator<double, (unsigned long)64>>, std::vector<double, autopas::AlignedAllocator<double, (unsigned long)64>>, std::vector<double, autopas::AlignedAllocator<double, (unsigned long)64>>, std::vector<double, autopas::AlignedAllocator<double, (unsigned long)64>>, std::vector<double, autopas::AlignedAllocator<double, (unsigned long)64>>, std::vector<double, autopas::AlignedAllocator<double, (unsigned long)64>>, std::vector<double, autopas::AlignedAllocator<double, (unsigned long)64>>, std::vector<double, autopas::AlignedAllocator<double, (unsigned long)64>>, std::vector<double, autopas::AlignedAllocator<double, (unsigned long)64>>, std::vector<double, autopas::AlignedAllocator<double, (unsigned long)64>>, std::vector<double, autopas::AlignedAllocator<double, (unsigned long)64>>, std::vector<double, autopas::AlignedAllocator<double, (unsigned long)64>>, std::vector<unsigned long, autopas::AlignedAllocator<unsigned long, (unsigned long)64>>, std::vector<autopas::OwnershipState, autopas::AlignedAllocator<autopas::OwnershipState, (unsigned long)64>>>>::size(void) const",SoA.h,0x54b410
"autopas::containerIteratorUtils::particleFulfillsIteratorRequirements<(bool)0, mdLib::MoleculeLJ, std::array<double, (unsigned long)3>>",23000000,0,0,0,0,0,0,0,0,0,0,0,0,0,0,0,0,0,0,0,0,0,0,0,0,0,0,0,0,0,0,0,0,0,0,0,0,0,0,0,0,0,0,0,0,0,0,0,0,0,0,0,0,0,0,0,0,0,0,0,0,0,0,0,0,0,0,0,0,0,0,0,0,0,0,0,0,0,0,0,0,0,0,0,0,0,0,0,0,0,md-flexible,"autopas::containerIteratorUtils::particleFulfillsIteratorRequirements<(bool)0, mdLib::MoleculeLJ, std::array<double, (unsigned long)3>>(mdLib::MoleculeLJ const&, autopas::options::IteratorBehavior, std::array<double, (unsigned long)3> const&, std::array<double, (unsigned long)3> const&)",ContainerIterator.h,0x4fde7a
autopas::internal::CellBlock3D<autopas::ReferenceParticleCell<mdLib::MoleculeLJ>>::cellCanContainHaloParticles,23000000,23000000,0,0,27757608,0,0,0,0,0,92522727,0,0,0,0,0,0,0,0,0,0,0,0,0,0,0,0,0,0,0,0,0,0,0,0,0,0,0,0,0,0,0,0,0,0,0,0,0,0,0,0,0,0,0,0,0,0,0,0,0,0,0,46261433,46261433,0,0,0,0,0,0,0,0,0,0,0,0,772586756,0,0,0,0,0,0,0,0,0,0,0,0,0,md-flexible,autopas::internal::CellBlock3D<autopas::ReferenceParticleCell<mdLib::MoleculeLJ>>::cellCanContainHaloParticles(unsigned long) const,CellBlock3D.h,0x4fdc90
"autopas::internal::CellFunctor<autopas::ReferenceParticleCell<mdLib::MoleculeLJ>, autopas::VerletListHelpers<mdLib::MoleculeLJ>::VerletListGeneratorFunctor, (bool)1>::processCellPair",23000000,0,0,0,0,0,0,0,0,0,0,0,0,0,46261433,0,0,0,0,0,0,0,0,0,0,0,0,0,0,0,0,0,0,0,0,0,0,0,0,0,0,0,0,0,0,0,0,0,0,0,0,0,0,0,0,0,0,0,0,0,0,0,0,0,0,0,0,0,0,0,0,0,0,0,0,0,0,0,0,0,0,0,0,0,0,0,0,0,0,0,md-flexible,"autopas::internal::CellFunctor<autopas::ReferenceParticleCell<mdLib::MoleculeLJ>, autopas::VerletListHelpers<mdLib::MoleculeLJ>::VerletListGeneratorFunctor, (bool)1>::processCellPair(autopas::ReferenceParticleCell<mdLib::MoleculeLJ>&, autopas::ReferenceParticleCell<mdLib::MoleculeLJ>&, std::array<double, (unsigned long)3> const&)",CellFunctor.h,0x5530a0
func@0x408740,23000000,23000000,0,0,50888948,0,0,0,0,0,92522727,46261433,0,0,0,0,0,0,0,0,0,0,0,0,0,0,46261433,0,0,0,0,0,0,0,185045454,0,0,0,0,0,0,0,0,0,0,0,0,0,0,0,0,0,0,0,0,0,46261433,0,0,0,0,0,0,0,0,0,0,0,0,0,0,0,0,0,416352897,0,1989295240,0,0,0,0,0,0,0,0,0,0,0,0,0,md-flexible,func@0x408740,[Unknown],0x408740
gomp_mutex_lock,23000000,115000000,0,350000112,0,0,0,0,0,0,0,0,0,0,0,0,0,0,0,0,0,0,0,0,0,0,231307165,0,0,0,0,0,0,0,555136362,0,0,0,0,0,0,0,4626453,0,0,0,0,0,0,0,0,0,0,0,0,0,0,0,0,0,0,0,46261433,46261433,0,0,0,0,0,0,0,0,0,0,0,0,0,0,0,268334274,0,0,0,0,0,0,0,0,0,0,libgomp.so.1.0.0,gomp_mutex_lock,mutex.h,0x23dc4
"mdLib::MoleculeLJ::get<(mdLib::MoleculeLJ::AttributeNames)2, (bool)1>",23000000,46000000,0,100000032,23131340,0,18505072,0,106400976,0,92522727,46261433,0,0,138784299,92522866,0,46261433,0,0,0,92522866,0,0,0,0,0,0,0,4626268,0,0,0,462613090,0,0,277568598,0,0,0,0,4626268,0,0,0,0,0,0,0,0,0,0,0,0,0,13879359,0,0,0,0,0,0,92522866,92522866,0,0,0,0,0,0,0,0,0,0,0,0,2729498120,0,305345898,0,0,0,0,0,0,0,0,0,0,0,md-flexible,"mdLib::MoleculeLJ::get<(mdLib::MoleculeLJ::AttributeNames)2, (bool)1>(void) const",MoleculeLJ.h,0x588a8d
"mdLib::MoleculeLJ::get<(mdLib::MoleculeLJ::AttributeNames)9, (bool)1>",23000000,0,0,0,0,0,4626268,0,0,0,0,0,0,0,0,0,0,0,0,0,0,0,0,0,0,0,0,0,0,0,46261433,0,0,0,0,46261433,46261433,0,0,0,0,0,0,0,0,0,0,0,0,0,0,0,0,0,0,0,0,0,0,0,0,0,0,46261433,0,0,0,0,0,0,0,0,0,0,0,0,0,0,0,0,0,0,0,0,0,0,0,0,0,0,md-flexible,"mdLib::MoleculeLJ::get<(mdLib::MoleculeLJ::AttributeNames)9, (bool)1>(void) const",MoleculeLJ.h,0x588ad4
"std::__detail::_Map_base<mdLib::MoleculeLJ*, std::pair<mdLib::MoleculeLJ* const, std::vector<mdLib::MoleculeLJ*, std::allocator<mdLib::MoleculeLJ*>>>, std::allocator<std::pair<mdLib::MoleculeLJ* const, std::vector<mdLib::MoleculeLJ*, std::allocator<mdLib::MoleculeLJ*>>>>, std::__detail::_Select1st, std::equal_to<mdLib::MoleculeLJ*>, std::hash<mdLib::MoleculeLJ*>, std::__detail::_Mod_range_hashing, std::__detail::_Default_ranged_hash, std::__detail::_Prime_rehash_policy, std::__detail::_Hashtable_traits<(bool)0, (bool)0, (bool)1>, (bool)1>::operator[]",23000000,0,0,0,0,0,0,0,0,462751,0,0,0,0,0,0,0,0,0,0,0,0,0,0,0,0,0,0,0,0,0,0,0,0,0,0,0,0,0,0,0,0,0,0,0,0,0,0,0,0,0,0,0,0,0,0,0,0,0,0,0,0,0,46261433,0,0,0,0,0,3239257,0,0,0,0,0,0,0,0,0,0,0,0,0,0,0,0,0,0,0,0,md-flexible,"std::__detail::_Map_base<mdLib::MoleculeLJ*, std::pair<mdLib::MoleculeLJ* const, std::vector<mdLib::MoleculeLJ*, std::allocator<mdLib::MoleculeLJ*>>>, std::allocator<std::pair<mdLib::MoleculeLJ* const, std::vector<mdLib::MoleculeLJ*, std::allocator<mdLib::MoleculeLJ*>>>>, std::__detail::_Select1st, std::equal_to<mdLib::MoleculeLJ*>, std::hash<mdLib::MoleculeLJ*>, std::__detail::_Mod_range_hashing, std::__detail::_Default_ranged_hash, std::__detail::_Prime_rehash_policy, std::__detail::_Hashtable_traits<(bool)0, (bool)0, (bool)1>, (bool)1>::operator[](mdLib::MoleculeLJ*&&)",WrapOpenMP.h,0x41b3b4
std::__detail::_Prime_rehash_policy::_M_need_rehash,23000000,0,0,50000016,37010144,0,0,0,0,0,0,46261433,0,0,0,0,0,0,0,0,0,0,0,0,0,0,0,0,0,4626268,0,0,0,0,92522727,0,0,0,0,0,0,0,0,0,0,0,0,0,0,0,0,0,0,0,0,0,0,0,0,0,0,0,0,0,0,0,0,0,0,0,0,0,0,0,0,0,869738384,0,0,0,0,0,0,0,0,0,0,0,0,0,libstdc++.so.6.0.33,"std::__detail::_Prime_rehash_policy::_M_need_rehash(unsigned long, unsigned long, unsigned long) const",hashtable_c++0x.cc,0xe3710
std::swap<unsigned long>,23000000,34500000,0,50000016,0,46262680,0,0,0,0,0,0,0,0,0,0,0,138784299,0,0,0,0,0,0,0,0,92522866,0,0,0,0,0,0,0,0,0,46261433,0,0,0,0,0,0,0,0,0,0,0,0,0,0,0,0,0,0,0,0,0,0,0,0,0,0,0,0,0,0,0,0,0,0,0,0,0,0,0,0,0,0,0,0,0,0,0,0,0,0,0,0,0,md-flexible,"std::swap<unsigned long>(unsigned long&, unsigned long&)",move.h,0x4fd5b2
std::swap<unsigned long>,23000000,0,0,0,0,13878804,0,0,0,0,0,0,0,0,0,0,0,92522866,0,0,0,0,0,0,0,0,138784299,0,0,0,0,0,0,0,0,0,0,0,0,0,0,0,0,0,0,0,0,0,0,0,0,0,0,0,0,0,0,0,0,0,0,0,0,0,0,0,0,0,0,0,0,0,0,0,0,0,0,0,0,0,0,0,0,0,0,0,0,0,0,0,md-flexible,"std::swap<unsigned long>(unsigned long&, unsigned long&)",move.h,0x4fd7be
"std::tuple<mdLib::MoleculeLJ*&, unsigned long&, unsigned long&>::operator=<mdLib::MoleculeLJ*, unsigned long, unsigned long>",23000000,0,0,0,0,0,0,0,106400976,0,92522727,0,0,0,0,0,0,0,0,0,0,0,0,0,0,0,0,0,0,0,0,0,0,0,0,0,0,0,0,0,0,0,0,0,0,0,0,0,0,0,0,0,0,0,0,0,0,0,0,0,0,0,0,0,0,0,0,0,0,0,0,0,0,0,0,0,0,0,0,0,0,0,0,0,0,0,0,0,0,0,md-flexible,"std::tuple<mdLib::MoleculeLJ*&, unsigned long&, unsigned long&>::operator=<mdLib::MoleculeLJ*, unsigned long, unsigned long>(std::tuple<mdLib::MoleculeLJ*>&&)",tuple,0x542014
"std::vector<double, autopas::AlignedAllocator<double, (unsigned long)64>>::resize",23000000,23000000,0,50000016,0,0,0,0,0,462751,0,46261433,0,0,0,0,0,0,0,0,0,0,0,0,0,0,0,0,0,0,0,0,0,0,0,0,0,0,0,0,0,0,0,0,0,0,0,0,0,0,0,0,0,0,0,0,0,0,0,0,0,0,0,0,0,0,0,0,0,3702008,0,0,0,0,0,0,0,0,0,0,0,0,0,0,0,0,0,0,0,0,md-flexible,"std::vector<double, autopas::AlignedAllocator<double, (unsigned long)64>>::resize(unsigned long)",stl_vector.h,0x54bb40
"std::vector<mdLib::MoleculeLJ*, std::allocator<mdLib::MoleculeLJ*>>::push_back",23000000,0,0,100000032,0,0,0,0,0,0,0,0,0,0,0,0,0,0,0,0,0,0,0,0,0,0,0,0,0,0,0,0,0,0,0,0,0,0,0,0,0,0,0,0,0,0,0,0,0,0,0,0,0,0,0,0,0,0,0,0,0,0,0,0,0,0,0,0,0,0,0,0,0,0,0,0,0,0,0,0,0,0,0,0,0,0,0,0,0,0,md-flexible,"std::vector<mdLib::MoleculeLJ*, std::allocator<mdLib::MoleculeLJ*>>::push_back(mdLib::MoleculeLJ* const&)",stl_vector.h,0x41b324
"std::vector<mdLib::MoleculeLJ*, std::allocator<mdLib::MoleculeLJ*>>::push_back",23000000,0,0,0,0,0,0,0,0,0,0,0,0,0,0,0,0,0,0,0,0,0,0,0,0,0,0,0,0,0,0,0,0,0,0,0,0,0,0,0,0,0,0,0,0,0,0,0,0,0,0,0,0,0,0,0,0,0,0,0,0,0,0,0,0,0,0,0,0,0,0,0,0,0,0,0,0,0,0,0,0,0,0,0,0,0,0,0,0,0,md-flexible,"std::vector<mdLib::MoleculeLJ*, std::allocator<mdLib::MoleculeLJ*>>::push_back(mdLib::MoleculeLJ*&&)",stl_vector.h,0x540880
"ParticlePropertiesLibrary<double, unsigned long>::getMixing24Epsilon",11500000,11500000,0,0,0,0,0,0,0,4627510,92522727,0,0,0,0,0,0,0,0,0,0,0,0,0,0,0,0,0,0,0,0,0,0,0,0,0,0,0,0,0,0,0,0,0,0,0,0,0,0,0,0,0,0,0,0,0,0,0,0,0,0,0,0,0,0,0,0,0,0,37945582,0,0,0,0,0,0,0,0,0,0,0,0,0,0,0,0,0,0,0,0,md-flexible,"ParticlePropertiesLibrary<double, unsigned long>::getMixing24Epsilon(unsigned long, unsigned long) const",ParticlePropertiesLibrary.h,0x5557f8
"ParticlePropertiesLibrary<double, unsigned long>::getMixing24Epsilon",11500000,0,0,0,0,0,0,0,0,0,0,0,0,0,0,0,0,0,0,0,0,0,0,0,0,0,0,0,0,0,0,0,0,0,0,0,0,0,0,0,0,0,0,0,0,0,0,0,0,0,0,0,0,0,0,0,0,0,0,0,0,0,0,0,0,0,0,0,0,0,0,0,0,0,0,0,0,0,0,0,0,0,0,0,0,0,0,0,0,0,md-flexible,"ParticlePropertiesLibrary<double, unsigned long>::getMixing24Epsilon(unsigned long, unsigned long) const",ParticlePropertiesLibrary.h,0x555a4e
_ZN7autopas7AutoPasIN5mdLib10MoleculeLJEE14addParticlesIfIRSt6vectorIS2_SaIS2_EEZN10Simulation13loadParticlesEvEUlRT_E_EEvOSA_T0_._omp_fn.0,11500000,0,0,0,0,0,0,0,0,0,0,0,0,0,46261433,0,0,0,0,0,0,0,0,0,0,0,0,0,0,0,0,0,0,0,0,0,0,0,0,0,0,0,0,0,0,0,0,0,0,0,0,0,0,0,0,0,0,0,0,0,0,0,0,0,0,0,0,0,0,0,0,0,0,0,0,0,0,0,0,0,0,0,0,0,0,0,0,0,0,0,md-flexible,_ZN7autopas7AutoPasIN5mdLib10MoleculeLJEE14addParticlesIfIRSt6vectorIS2_SaIS2_EEZN10Simulation13loadParticlesEvEUlRT_E_EEvOSA_T0_._omp_fn.0,AutoPasImpl.h,0x43ef10
_ZN7autopas7AutoPasIN5mdLib10MoleculeLJEE15addParticlesAuxIZNS3_14addParticlesIfIRSt6vectorIS2_SaIS2_EEZN10Simulation13loadParticlesEvEUlRT_E_EEvOSB_T0_EUlSB_E_EEvmmmSB_._omp_fn.0,11500000,0,0,50000016,0,0,0,0,0,0,0,0,0,0,0,0,0,0,0,0,0,0,0,0,0,0,0,0,0,0,0,0,0,0,0,0,0,0,0,0,0,0,0,0,0,0,0,0,0,0,0,0,0,0,0,0,0,0,0,0,0,0,0,0,0,0,0,0,0,0,0,0,0,0,0,0,0,0,0,0,0,0,0,0,0,0,0,0,0,0,md-flexible,_ZN7autopas7AutoPasIN5mdLib10MoleculeLJEE15addParticlesAuxIZNS3_14addParticlesIfIRSt6vectorIS2_SaIS2_EEZN10Simulation13loadParticlesEvEUlRT_E_EEvOSB_T0_EUlSB_E_EEvmmmSB_._omp_fn.0,AutoPasImpl.h,0x433660
_ZSt12construct_atIPN5mdLib10MoleculeLJEJRKS2_EEDTgsnwcvPvLi0E_T_pispcl7declvalIT0_EEEEPS6_DpOS7_,11500000,0,0,0,0,0,0,0,0,0,0,0,0,0,0,0,0,0,0,0,0,0,0,0,0,0,0,0,0,0,0,0,0,0,0,0,0,0,0,0,0,0,0,0,0,0,0,0,0,0,0,0,0,0,0,0,0,0,0,0,0,0,0,0,0,0,0,0,0,0,0,0,0,0,0,0,0,0,0,0,0,0,0,0,0,0,0,0,0,0,md-flexible,_ZSt12construct_atIPN5mdLib10MoleculeLJEJRKS2_EEDTgsnwcvPvLi0E_T_pispcl7declvalIT0_EEEEPS6_DpOS7_,stl_construct.h,0x50a28c
"__gnu_cxx::__normal_iterator<mdLib::MoleculeLJ** const, std::vector<mdLib::MoleculeLJ*, std::allocator<mdLib::MoleculeLJ*>>>::__normal_iterator",11500000,0,0,0,0,0,0,0,0,0,0,0,0,0,0,0,0,0,0,0,0,0,0,0,0,0,0,0,0,0,0,0,0,0,0,0,0,0,0,0,0,0,0,0,0,0,0,0,0,0,0,0,0,0,0,0,0,0,0,0,0,0,0,0,0,0,0,0,0,0,0,0,0,0,0,0,0,0,0,0,0,0,0,0,0,0,0,0,0,0,md-flexible,"__gnu_cxx::__normal_iterator<mdLib::MoleculeLJ** const, std::vector<mdLib::MoleculeLJ*, std::allocator<mdLib::MoleculeLJ*>>>::__normal_iterator(mdLib::MoleculeLJ** const const&)",stl_iterator.h,0x5404d1
"__gnu_cxx::__normal_iterator<mdLib::MoleculeLJ*, std::vector<mdLib::MoleculeLJ, std::allocator<mdLib::MoleculeLJ>>>::operator++",11500000,0,0,0,0,0,0,0,0,0,0,0,0,0,0,0,0,0,0,0,0,0,0,0,0,0,0,0,0,0,0,0,0,0,0,0,0,0,0,0,0,0,0,0,0,0,0,0,0,0,0,0,0,0,0,0,0,0,0,0,0,0,0,0,0,0,0,0,0,0,0,0,0,0,0,0,0,0,0,0,0,0,0,0,0,0,0,0,0,0,md-flexible,"__gnu_cxx::__normal_iterator<mdLib::MoleculeLJ*, std::vector<mdLib::MoleculeLJ, std::allocator<mdLib::MoleculeLJ>>>::operator++(void)",stl_iterator.h,0x53069e
"__gnu_cxx::__normal_iterator<mdLib::MoleculeLJ*, std::vector<mdLib::MoleculeLJ, std::allocator<mdLib::MoleculeLJ>>>::operator--",11500000,0,0,0,0,0,0,0,0,0,0,0,0,0,0,0,0,0,0,0,0,0,0,0,0,0,0,0,0,0,0,0,0,0,0,0,0,0,0,0,0,0,0,0,0,0,0,0,0,0,0,0,0,0,0,0,0,0,0,0,0,0,0,0,0,0,0,0,0,0,0,0,0,0,0,0,0,0,0,0,0,0,0,0,0,0,0,0,0,0,md-flexible,"__gnu_cxx::__normal_iterator<mdLib::MoleculeLJ*, std::vector<mdLib::MoleculeLJ, std::allocator<mdLib::MoleculeLJ>>>::operator--(void)",stl_iterator.h,0x546933
"__gnu_cxx::__normal_iterator<unsigned long*, std::vector<unsigned long, autopas::AlignedAllocator<unsigned long, (unsigned long)64>>>::operator++",11500000,23000000,0,0,0,0,0,0,0,0,0,0,0,0,0,0,0,0,0,0,0,0,0,0,0,0,0,0,0,0,0,0,0,0,0,0,0,0,0,0,0,0,0,0,0,0,0,0,0,0,0,0,0,0,0,0,0,0,0,0,0,0,0,0,0,0,0,0,0,0,0,0,0,0,0,0,0,0,0,0,0,0,0,0,0,0,0,0,0,0,md-flexible,"__gnu_cxx::__normal_iterator<unsigned long*, std::vector<unsigned long, autopas::AlignedAllocator<unsigned long, (unsigned long)64>>>::operator++(void)",stl_iterator.h,0x540617
"__gnu_cxx::__ops::_Iter_less_iter::operator()<__gnu_cxx::__normal_iterator<unsigned long*, std::vector<unsigned long, autopas::AlignedAllocator<unsigned long, (unsigned long)64>>>, __gnu_cxx::__normal_iterator<unsigned long*, std::vector<unsigned long, autopas::AlignedAllocator<unsigned long, (unsigned long)64>>>>",11500000,23000000,0,0,13878804,0,0,0,0,1851004,0,46261433,0,0,0,0,0,0,0,0,0,0,0,0,0,0,0,0,0,0,0,0,0,0,0,0,0,0,0,0,0,0,0,0,0,0,0,0,0,0,0,0,0,0,0,0,0,0,0,0,0,0,0,0,0,0,0,0,0,12957028,0,0,0,0,0,0,198929524,0,0,0,0,0,0,0,0,0,0,0,0,0,md-flexible,"__gnu_cxx::__ops::_Iter_less_iter::operator()<__gnu_cxx::__normal_iterator<unsigned long*, std::vector<unsigned long, autopas::AlignedAllocator<unsigned long, (unsigned long)64>>>, __gnu_cxx::__normal_iterator<unsigned long*, std::vector<unsigned long, autopas::AlignedAllocator<unsigned long, (unsigned long)64>>>>(__gnu_cxx::__normal_iterator<unsigned long*, std::vector<unsigned long, autopas::AlignedAllocator<unsigned long, (unsigned long)64>>>, __gnu_cxx::__normal_iterator<unsigned long*, std::vector<unsigned long, autopas::AlignedAllocator<unsigned long, (unsigned long)64>>>) const",predefined_ops.h,0x540624
"__gnu_cxx::operator-<unsigned long*, std::vector<unsigned long, autopas::AlignedAllocator<unsigned long, (unsigned long)64>>>",11500000,34500000,0,0,0,0,0,0,0,0,0,46261433,0,0,0,0,0,0,0,0,0,0,0,0,0,0,0,0,0,0,0,0,0,0,0,0,0,0,0,0,0,0,0,0,0,0,0,0,0,0,0,0,0,0,0,0,0,0,0,0,0,0,0,0,0,0,0,0,0,0,0,0,0,0,0,0,0,0,0,0,0,0,0,0,0,0,0,0,0,0,md-flexible,"__gnu_cxx::operator-<unsigned long*, std::vector<unsigned long, autopas::AlignedAllocator<unsigned long, (unsigned long)64>>>(__gnu_cxx::__normal_iterator<unsigned long*, std::vector<unsigned long, autopas::AlignedAllocator<unsigned long, (unsigned long)64>>> const&, __gnu_cxx::__normal_iterator<unsigned long*, std::vector<unsigned long, autopas::AlignedAllocator<unsigned long, (unsigned long)64>>> const&)",stl_iterator.h,0x4fd545
_mm256_cmp_pd,11500000,57500000,0,0,46262680,0,4626268,0,0,0,0,92522866,0,0,46261433,0,0,0,0,0,46261433,0,4626268,0,0,0,0,0,0,0,0,0,0,0,92522727,0,0,0,0,0,0,0,0,0,0,0,0,0,0,0,0,0,0,0,0,0,0,0,0,0,0,0,0,46261433,0,0,0,0,0,0,0,0,0,0,0,0,3122730900,0,0,0,0,0,0,0,0,0,0,0,0,0,md-flexible,_mm256_cmp_pd,avxintrin.h,0x555ac9
_mm256_maskload_pd,11500000,0,0,0,0,0,0,0,0,462751,0,0,0,0,0,0,0,0,0,0,0,0,0,0,0,0,0,0,0,0,0,0,0,0,0,0,0,0,0,0,0,0,0,0,0,0,0,0,0,0,0,0,0,0,0,0,0,0,0,0,0,0,0,0,0,0,0,0,0,88848192,0,0,0,0,0,0,0,0,0,0,0,0,0,0,0,0,0,0,0,0,md-flexible,_mm256_maskload_pd,avxintrin.h,0x555a86
_mm256_movemask_pd,11500000,46000000,0,100000032,0,0,0,0,0,0,185045454,0,0,0,46261433,0,0,0,0,0,46261433,0,0,13878804,0,0,0,0,0,0,0,0,0,0,0,0,138784299,0,0,0,0,0,0,0,0,0,0,0,0,0,0,0,0,0,0,0,0,0,0,0,0,0,0,46261433,0,0,0,0,0,0,0,0,0,0,0,0,0,0,0,0,0,0,0,0,0,0,0,0,0,0,md-flexible,_mm256_movemask_pd,avxintrin.h,0x555ad6
_mm256_sub_pd,11500000,34500000,0,0,0,0,0,0,0,0,0,46261433,0,0,0,0,0,0,0,0,0,0,0,4626268,0,0,0,0,0,0,0,0,0,0,0,0,46261433,0,0,0,0,0,0,0,0,0,0,0,0,0,0,0,0,0,0,0,0,0,0,0,0,0,0,46261433,0,0,0,0,0,0,0,0,0,0,0,0,0,0,0,0,0,0,0,0,0,0,0,0,0,0,md-flexible,_mm256_sub_pd,avxintrin.h,0x555a9b
alloc_perturb,11500000,0,0,0,4626268,0,0,0,0,462751,0,0,0,0,0,0,0,0,0,0,0,0,0,0,0,0,0,0,0,0,0,0,0,0,0,0,0,0,0,0,0,0,0,0,0,0,0,0,0,0,0,0,0,0,0,0,0,0,0,0,0,0,0,0,0,0,0,0,0,3239257,0,0,0,0,0,0,83272824,0,0,0,0,0,0,0,0,0,0,0,0,0,libc.so.6,alloc_perturb,[Unknown],0xb3dce
"autopas::ContainerIterator<mdLib::MoleculeLJ, (bool)1, (bool)0>::fetchParticleAtCurrentIndex",11500000,0,0,0,0,0,0,0,0,0,0,0,0,0,0,0,0,0,0,0,0,0,0,0,0,0,0,0,0,0,0,0,0,0,0,0,0,0,0,0,0,0,0,0,0,0,0,0,0,0,0,0,0,0,0,0,0,0,0,0,0,0,0,0,0,0,0,0,0,0,0,0,0,0,0,0,0,0,0,0,0,0,0,0,0,0,0,0,0,0,md-flexible,"autopas::ContainerIterator<mdLib::MoleculeLJ, (bool)1, (bool)0>::fetchParticleAtCurrentIndex(void)",ContainerIterator.h,0x541b69
"autopas::ContainerIterator<mdLib::MoleculeLJ, (bool)1, (bool)0>::operator++",11500000,0,0,0,0,9252536,0,0,0,0,0,0,0,0,0,0,0,0,0,0,0,0,0,0,0,0,0,0,0,0,0,0,0,0,0,0,0,0,0,0,0,0,0,0,0,0,0,0,0,0,0,0,0,0,0,0,0,0,0,0,0,0,0,0,0,0,0,0,0,0,0,0,0,0,0,0,0,0,0,0,0,0,0,32383876,0,0,0,0,0,0,md-flexible,"autopas::ContainerIterator<mdLib::MoleculeLJ, (bool)1, (bool)0>::operator++(void)",ContainerIterator.h,0x541b62
"autopas::LinkedCellsReferences<mdLib::MoleculeLJ>::getParticleImpl<(bool)0>(unsigned long, unsigned long, autopas::options::IteratorBehavior, std::array<double, (unsigned long)3> const&, std::array<double, (unsigned long)3> const&) const::{lambda()#1}::operator()",11500000,0,0,0,0,0,0,0,0,0,0,0,0,0,0,0,0,0,0,0,0,0,0,0,0,0,0,0,0,0,0,0,0,0,0,0,0,0,0,0,0,0,0,0,0,0,0,0,0,0,0,0,0,0,0,0,0,0,0,0,0,0,0,0,0,0,0,0,0,0,0,0,0,0,0,0,0,0,0,0,0,0,0,0,0,0,0,0,0,0,md-flexible,"autopas::LinkedCellsReferences<mdLib::MoleculeLJ>::getParticleImpl<(bool)0>(unsigned long, unsigned long, autopas::options::IteratorBehavior, std::array<double, (unsigned long)3> const&, std::array<double, (unsigned long)3> const&) const::{lambda()#1}::operator()(void) const",LinkedCellsReferences.h,0x50e349
autopas::LinkedCellsReferences<mdLib::MoleculeLJ>::updateDirtyParticleReferences,11500000,0,0,50000016,0,0,0,0,0,0,0,0,0,0,0,0,0,0,0,0,0,0,0,0,0,0,0,0,0,0,0,0,0,0,0,0,0,0,0,0,0,0,0,0,0,0,0,0,0,0,0,0,0,0,0,0,0,0,0,0,0,0,0,0,0,0,0,0,0,0,0,0,0,0,0,0,0,0,0,0,0,0,0,0,0,0,0,0,0,0,md-flexible,autopas::LinkedCellsReferences<mdLib::MoleculeLJ>::updateDirtyParticleReferences(void),LinkedCellsReferences.h,0x41b324
autopas::LinkedCellsReferences<mdLib::MoleculeLJ>::updateDirtyParticleReferences,11500000,0,0,50000016,0,0,0,0,0,0,0,0,0,0,0,0,0,0,0,0,0,0,0,0,0,0,0,0,0,0,0,0,0,0,0,0,0,0,0,0,0,0,0,0,0,0,0,0,0,0,0,0,0,0,0,0,0,0,0,0,0,0,0,0,0,0,0,0,0,0,0,0,0,0,0,0,0,0,0,0,0,0,0,0,0,0,0,0,0,0,md-flexible,autopas::LinkedCellsReferences<mdLib::MoleculeLJ>::updateDirtyParticleReferences(void),LinkedCellsReferences.h,0x51ca4b
autopas::LogicHandler<mdLib::MoleculeLJ>::addParticle,11500000,0,0,0,0,0,0,0,0,0,0,0,0,0,0,0,0,0,0,0,0,0,0,0,0,0,0,0,0,0,0,0,0,462613090,0,0,0,0,0,0,0,0,0,0,0,0,0,0,0,0,0,0,0,0,0,0,0,0,0,0,0,0,0,0,0,0,0,0,0,0,0,0,0,0,0,0,0,0,0,0,0,0,0,0,0,0,0,0,0,0,md-flexible,autopas::LogicHandler<mdLib::MoleculeLJ>::addParticle(mdLib::MoleculeLJ const&),LogicHandler.h,0x4f39b0
"autopas::ParticleBase<double, unsigned long>::ParticleBase",11500000,23000000,0,50000016,0,0,0,0,0,462751,0,92522866,0,0,92522866,0,92522866,92522866,0,0,0,0,0,0,0,0,0,0,0,0,0,0,0,0,0,0,0,0,0,0,0,0,0,0,0,0,0,0,0,0,0,0,0,0,0,0,0,0,0,0,0,0,0,0,0,0,0,0,0,3239257,416352897,0,0,0,0,0,0,0,0,0,0,0,0,0,0,0,0,0,0,0,md-flexible,"autopas::ParticleBase<double, unsigned long>::ParticleBase(autopas::ParticleBase<double, unsigned long> const&)",ParticleBase.h,0x443637
"autopas::ParticleBase<double, unsigned long>::ParticleBase",11500000,11500000,0,150000048,0,0,0,0,0,0,0,0,0,0,0,0,0,0,0,0,0,46261433,0,0,0,0,0,0,0,0,0,0,0,0,0,0,0,0,0,0,0,0,0,0,0,0,0,0,0,0,0,0,0,0,0,0,0,0,0,0,0,0,0,0,0,0,0,0,0,0,0,0,0,0,0,0,0,0,0,0,0,0,0,0,0,0,0,0,0,0,md-flexible,"autopas::ParticleBase<double, unsigned long>::ParticleBase(autopas::ParticleBase<double, unsigned long> const&)",ParticleBase.h,0x452077
"autopas::ParticleBase<double, unsigned long>::ParticleBase",11500000,23000000,0,100000032,0,0,0,0,0,0,0,46261433,0,0,138784299,92522866,0,92522866,0,0,0,0,0,0,0,0,0,0,0,0,0,0,0,0,0,0,0,0,0,0,0,0,0,0,0,0,0,0,0,0,0,0,0,0,0,0,0,0,0,0,0,0,0,0,0,0,0,0,0,0,0,0,0,0,0,0,0,0,0,0,0,0,0,0,0,0,0,0,0,0,md-flexible,"autopas::ParticleBase<double, unsigned long>::ParticleBase(autopas::ParticleBase<double, unsigned long> const&)",ParticleBase.h,0x44f6b0
"autopas::ParticleBase<double, unsigned long>::ParticleBase",11500000,0,0,0,0,0,0,0,0,0,0,0,0,0,0,0,0,0,0,0,0,0,0,0,0,0,0,0,0,0,0,0,0,0,0,0,0,0,0,0,0,0,0,0,0,0,0,0,0,0,0,0,0,0,0,0,0,0,0,0,0,0,0,0,0,0,0,0,0,0,0,0,0,0,0,0,0,0,0,0,0,0,0,0,0,0,0,0,0,0,md-flexible,"autopas::ParticleBase<double, unsigned long>::ParticleBase(autopas::ParticleBase<double, unsigned long> const&)",ParticleBase.h,0x4f3af0
"autopas::ParticleBase<double, unsigned long>::isDummy",11500000,0,0,50000016,0,0,0,0,0,0,0,0,0,0,0,0,0,0,0,0,0,0,0,0,0,0,0,0,0,0,0,0,0,0,0,0,0,0,0,0,0,0,0,0,0,0,0,0,0,0,0,0,0,0,0,0,0,0,0,0,0,0,0,0,0,0,0,0,0,0,0,0,0,0,0,0,0,0,0,0,0,0,0,0,0,0,0,0,0,0,md-flexible,"autopas::ParticleBase<double, unsigned long>::isDummy(void) const",ParticleBase.h,0x43a6a0
"autopas::ParticleBase<double, unsigned long>::operator=",11500000,0,0,0,0,0,0,0,0,0,0,0,0,0,0,0,0,0,0,0,0,0,0,0,0,0,0,0,0,0,0,0,0,0,185045454,0,0,0,0,0,0,0,0,0,0,0,0,0,0,0,0,0,0,0,0,0,0,0,0,0,0,0,0,0,0,0,0,0,0,0,0,0,0,0,0,0,0,0,0,0,0,0,0,0,0,0,0,0,0,0,md-flexible,"autopas::ParticleBase<double, unsigned long>::operator=(autopas::ParticleBase<double, unsigned long> const&)",ParticleBase.h,0x546a48
autopas::ParticleContainerInterface<mdLib::MoleculeLJ>::getParticle,11500000,11500000,0,0,0,4626268,0,0,0,0,0,0,0,0,0,0,0,0,0,0,0,0,0,0,0,0,0,0,0,0,0,0,0,0,0,0,0,0,0,0,0,0,0,0,0,0,0,0,0,0,0,0,0,0,0,0,0,0,0,0,0,0,0,0,0,0,0,0,0,0,0,0,0,0,0,0,0,0,0,0,0,0,0,0,0,0,0,0,0,0,md-flexible,"autopas::ParticleContainerInterface<mdLib::MoleculeLJ>::getParticle(unsigned long, unsigned long, autopas::options::IteratorBehavior)",ParticleContainerInterface.h,0x541ff7
"autopas::SoAView<std::tuple<std::vector<mdLib::MoleculeLJ*, autopas::AlignedAllocator<mdLib::MoleculeLJ*, (unsigned long)64>>, std::vector<unsigned long, autopas::AlignedAllocator<unsigned long, (unsigned long)64>>, std::vector<double, autopas::AlignedAllocator<double, (unsigned long)64>>, std::vector<double, autopas::AlignedAllocator<double, (unsigned long)64>>, std::vector<double, autopas::AlignedAllocator<double, (unsigned long)64>>, std::vector<double, autopas::AlignedAllocator<double, (unsigned long)64>>, std::vector<double, autopas::AlignedAllocator<double, (unsigned long)64>>, std::vector<double, autopas::AlignedAllocator<double, (unsigned long)64>>, std::vector<double, autopas::AlignedAllocator<double, (unsigned long)64>>, std::vector<double, autopas::AlignedAllocator<double, (unsigned long)64>>, std::vector<double, autopas::AlignedAllocator<double, (unsigned long)64>>, std::vector<double, autopas::AlignedAllocator<double, (unsigned long)64>>, std::vector<double, autopas::AlignedAllocator<double, (unsigned long)64>>, std::vector<double, autopas::AlignedAllocator<double, (unsigned long)64>>, std::vector<unsigned long, autopas::AlignedAllocator<unsigned long, (unsigned long)64>>, std::vector<autopas::OwnershipState, autopas::AlignedAllocator<autopas::OwnershipState, (unsigned long)64>>>>::SoAView",11500000,0,0,0,0,0,0,0,0,0,0,0,0,0,0,0,0,0,0,0,0,0,0,0,0,0,0,0,0,0,0,0,0,0,0,0,0,0,0,0,0,0,0,0,0,0,0,0,0,0,0,0,0,0,0,0,0,0,0,0,0,0,0,0,0,0,0,0,0,0,0,0,0,0,0,0,0,0,0,0,0,0,0,0,0,0,0,0,0,0,md-flexible,"autopas::SoAView<std::tuple<std::vector<mdLib::MoleculeLJ*, autopas::AlignedAllocator<mdLib::MoleculeLJ*, (unsigned long)64>>, std::vector<unsigned long, autopas::AlignedAllocator<unsigned long, (unsigned long)64>>, std::vector<double, autopas::AlignedAllocator<double, (unsigned long)64>>, std::vector<double, autopas::AlignedAllocator<double, (unsigned long)64>>, std::vector<double, autopas::AlignedAllocator<double, (unsigned long)64>>, std::vector<double, autopas::AlignedAllocator<double, (unsigned long)64>>, std::vector<double, autopas::AlignedAllocator<double, (unsigned long)64>>, std::vector<double, autopas::AlignedAllocator<double, (unsigned long)64>>, std::vector<double, autopas::AlignedAllocator<double, (unsigned long)64>>, std::vector<double, autopas::AlignedAllocator<double, (unsigned long)64>>, std::vector<double, autopas::AlignedAllocator<double, (unsigned long)64>>, std::vector<double, autopas::AlignedAllocator<double, (unsigned long)64>>, std::vector<double, autopas::AlignedAllocator<double, (unsigned long)64>>, std::vector<double, autopas::AlignedAllocator<double, (unsigned long)64>>, std::vector<unsigned long, autopas::AlignedAllocator<unsigned long, (unsigned long)64>>, std::vector<autopas::OwnershipState, autopas::AlignedAllocator<autopas::OwnershipState, (unsigned long)64>>>>::SoAView(autopas::SoA<std::tuple<std::vector<mdLib::MoleculeLJ*, autopas::AlignedAllocator<mdLib::MoleculeLJ*, (unsigned long)64>>, std::vector<unsigned long, autopas::AlignedAllocator<unsigned long, (unsigned long)64>>, std::vector<double, autopas::AlignedAllocator<double, (unsigned long)64>>, std::vector<double, autopas::AlignedAllocator<double, (unsigned long)64>>, std::vector<double, autopas::AlignedAllocator<double, (unsigned long)64>>, std::vector<double, autopas::AlignedAllocator<double, (unsigned long)64>>, std::vector<double, autopas::AlignedAllocator<double, (unsigned long)64>>, std::vector<double, autopas::AlignedAllocator<double, (unsigned long)64>>, std::vector<double, autopas::AlignedAllocator<double, (unsigned long)64>>, std::vector<double, autopas::AlignedAllocator<double, (unsigned long)64>>, std::vector<double, autopas::AlignedAllocator<double, (unsigned long)64>>, std::vector<double, autopas::AlignedAllocator<double, (unsigned long)64>>, std::vector<double, autopas::AlignedAllocator<double, (unsigned long)64>>, std::vector<double, autopas::AlignedAllocator<double, (unsigned long)64>>, std::vector<unsigned long, autopas::AlignedAllocator<unsigned long, (unsigned long)64>>, std::vector<autopas::OwnershipState, autopas::AlignedAllocator<autopas::OwnershipState, (unsigned long)64>>>>&)",SoAView.h,0x54ba14
autopas::VerletListsLinkedReferencesBase<mdLib::MoleculeLJ>::sortParticlesByConfiguredKey(void)::{lambda(mdLib::MoleculeLJ const&mdLib::MoleculeLJ const&)#1}::operator(),11500000,11500000,0,50000016,0,0,0,0,0,0,0,0,0,0,0,0,0,0,0,0,0,0,0,0,0,0,46261433,0,0,0,0,0,0,0,92522727,0,0,0,0,0,0,0,0,0,0,0,0,0,0,0,0,0,0,0,0,0,0,0,0,0,0,0,0,0,0,0,0,0,0,0,0,0,0,0,0,0,0,0,0,0,0,0,0,0,0,0,0,0,0,0,md-flexible,"autopas::VerletListsLinkedReferencesBase<mdLib::MoleculeLJ>::sortParticlesByConfiguredKey(void)::{lambda(mdLib::MoleculeLJ const&mdLib::MoleculeLJ const&)#1}::operator()(mdLib::MoleculeLJ const&, mdLib::MoleculeLJ const&) const",VerletListsLinkedReferencesBase.h,0x546a16
autopas::VerletListsLinkedReferencesBase<mdLib::MoleculeLJ>::sortParticlesByConfiguredKey(void)::{lambda(mdLib::MoleculeLJ const&mdLib::MoleculeLJ const&)#1}::operator(),11500000,11500000,0,0,0,0,0,0,0,0,0,0,0,0,0,0,0,0,0,0,0,0,0,0,0,0,0,0,0,0,0,0,0,0,0,0,0,0,0,0,0,0,0,0,0,0,0,0,0,0,0,0,0,0,0,0,0,0,0,0,0,0,0,0,0,0,0,0,0,0,0,0,0,0,0,0,0,0,0,0,0,0,0,0,0,0,0,0,0,0,md-flexible,"autopas::VerletListsLinkedReferencesBase<mdLib::MoleculeLJ>::sortParticlesByConfiguredKey(void)::{lambda(mdLib::MoleculeLJ const&mdLib::MoleculeLJ const&)#1}::operator()(mdLib::MoleculeLJ const&, mdLib::MoleculeLJ const&) const",VerletListsLinkedReferencesBase.h,0x54625d
autopas::VerletListsLinkedReferencesBase<mdLib::MoleculeLJ>::updateContainer,11500000,11500000,0,0,0,0,0,0,0,0,0,0,0,0,0,0,0,0,0,0,0,0,0,0,0,0,0,0,0,0,0,0,0,0,92522727,0,0,0,0,0,0,0,0,0,0,0,0,0,0,0,0,0,0,0,0,0,0,0,0,0,0,0,0,0,0,0,0,0,0,0,0,0,0,0,0,0,0,0,0,0,0,0,0,0,0,0,0,0,0,0,md-flexible,autopas::VerletListsLinkedReferencesBase<mdLib::MoleculeLJ>::updateContainer(bool),VerletListsLinkedReferencesBase.h,0x546630
autopas::utils::ThreeDimensionalMapping::threeToOneD<unsigned long>,11500000,23000000,0,50000016,0,0,0,0,0,0,0,0,0,0,0,0,0,0,0,0,0,0,0,0,0,0,46261433,0,0,0,0,0,0,0,0,0,0,0,0,0,0,0,0,0,0,0,0,0,0,0,0,0,0,0,0,0,0,0,0,0,0,0,0,0,0,0,0,0,0,0,0,0,0,0,0,0,0,0,0,0,0,0,0,0,0,0,0,0,0,0,md-flexible,"autopas::utils::ThreeDimensionalMapping::threeToOneD<unsigned long>(std::array<unsigned long, (unsigned long)3> const&, std::array<unsigned long, (unsigned long)3> const&)",ThreeDimensionalMapping.h,0x500ee9
autopas::utils::inBox<double>,11500000,0,0,0,0,0,0,0,0,0,0,0,0,0,0,0,0,0,0,0,0,0,0,0,0,0,0,0,0,0,0,0,0,0,0,0,0,0,0,0,0,0,0,0,0,0,0,0,0,0,0,0,0,0,0,0,0,0,0,0,0,0,0,0,0,0,0,0,0,0,0,0,0,0,0,0,0,0,0,0,0,0,0,0,0,0,0,0,0,0,md-flexible,"autopas::utils::inBox<double>(std::array<double, (unsigned long)3> const&, std::array<double, (unsigned long)3> const&, std::array<double, (unsigned long)3> const&)",inBox.h,0x4f39ec
"autopasTools::generators::GridGenerator::fillWithParticles<autopasTools::PseudoContainer<std::vector<mdLib::MoleculeLJ, std::allocator<mdLib::MoleculeLJ>>>>",11500000,0,0,50000016,0,0,0,0,0,0,0,46261433,0,0,0,0,0,0,0,0,0,0,0,0,0,0,0,0,0,0,0,0,0,0,0,0,0,0,0,0,0,0,0,0,0,0,0,0,0,0,0,0,0,0,0,0,0,0,0,0,0,0,0,0,0,0,0,0,0,0,0,0,0,0,0,0,0,0,0,0,0,0,0,0,0,0,0,0,0,0,md-flexible,"autopasTools::generators::GridGenerator::fillWithParticles<autopasTools::PseudoContainer<std::vector<mdLib::MoleculeLJ, std::allocator<mdLib::MoleculeLJ>>>>(autopasTools::PseudoContainer<std::vector<mdLib::MoleculeLJ, std::allocator<mdLib::MoleculeLJ>>>&, std::array<unsigned long, (unsigned long)3> const&, autopas::utils::ParticleTypeTrait<autopasTools::PseudoContainer<std::vector<mdLib::MoleculeLJ, std::allocator<mdLib::MoleculeLJ>>>>::value const&, std::array<double, (unsigned long)3> const&, std::array<double, (unsigned long)3> const&)",GridGenerator.h,0x4432a3
func@0x408220,11500000,0,0,0,0,0,0,0,0,0,0,0,0,0,0,0,0,0,0,0,0,0,0,0,0,0,0,0,0,0,0,0,0,0,0,0,46261433,0,0,0,0,0,0,0,0,0,0,0,0,0,0,0,0,0,0,0,0,0,0,0,0,0,0,0,0,0,0,0,0,0,0,0,0,0,0,0,0,0,0,0,0,0,0,0,0,0,0,0,0,0,md-flexible,func@0x408220,[Unknown],0x408220
func@0x408620,11500000,11500000,0,50000016,18505072,0,0,0,0,925502,0,0,0,0,0,0,0,0,0,0,0,0,0,4626268,0,0,0,0,0,0,0,0,0,0,0,0,46261433,0,0,0,0,0,0,0,0,0,0,0,0,0,0,0,0,0,0,0,0,0,0,0,0,0,0,46261433,0,0,0,0,0,9717771,0,0,0,0,0,0,203555792,0,0,0,0,0,0,0,0,0,0,0,0,0,md-flexible,func@0x408620,[Unknown],0x408620
func@0x408750,11500000,46000000,0,50000016,9252536,0,0,0,0,0,92522727,0,0,0,0,0,0,0,0,0,0,0,0,0,0,0,0,0,0,0,0,0,0,0,92522727,0,0,0,0,0,0,0,0,0,0,0,0,0,0,0,0,0,0,0,0,0,0,0,0,0,0,0,0,0,0,0,0,0,0,0,0,0,0,0,0,0,444121728,0,0,0,0,0,0,0,0,0,0,0,0,0,md-flexible,func@0x408750,[Unknown],0x408750
func@0x4089a0,11500000,11500000,0,0,13878804,0,0,0,106400976,0,0,0,0,0,0,0,0,0,0,0,0,0,0,0,0,0,0,0,0,0,0,0,0,0,0,0,0,0,0,0,0,0,0,0,0,0,0,0,0,0,0,0,0,0,0,0,46261433,0,0,0,0,0,0,46261433,46261433,0,0,0,0,0,0,0,744806832,0,416352897,0,148040576,0,0,0,0,0,0,0,0,0,0,0,0,0,md-flexible,func@0x4089a0,[Unknown],0x4089a0
func@0x408c00,11500000,0,0,0,0,0,0,0,0,0,0,0,0,0,0,0,0,0,0,0,0,0,0,0,0,0,0,0,0,0,0,0,0,0,0,0,0,0,0,0,0,0,0,0,0,0,0,0,0,0,0,0,0,0,0,0,0,0,0,0,0,0,0,0,0,0,0,0,0,0,0,0,0,0,0,0,0,0,0,0,0,0,0,0,0,0,0,0,0,0,md-flexible,func@0x408c00,[Unknown],0x408c00
func@0xa4fd0,11500000,23000000,0,0,18505072,0,0,0,106400976,0,0,0,0,0,0,0,0,0,0,0,0,0,0,0,0,0,0,0,0,0,0,0,0,0,92522727,0,0,0,0,0,0,0,0,0,0,0,0,0,0,0,0,0,0,0,0,0,0,0,0,0,0,0,0,0,0,0,0,0,0,0,0,0,0,0,0,0,1720971696,0,0,0,0,0,0,0,0,0,0,0,0,0,libstdc++.so.6.0.33,func@0xa4fd0,[Unknown],0xa4fd0
gomp_mutex_unlock,11500000,218500000,0,500000160,0,0,0,0,0,0,0,0,0,0,0,0,0,0,0,0,0,0,0,0,0,0,138784299,0,0,0,0,0,0,0,277568181,0,0,0,0,0,0,0,4626453,0,0,0,0,0,0,0,0,0,0,0,0,0,0,0,0,0,0,0,46261433,0,0,0,0,0,0,0,0,0,0,0,0,0,0,0,0,32385171,0,0,0,0,0,0,0,0,0,0,libgomp.so.1.0.0,gomp_mutex_unlock,mutex.h,0x23de4
gomp_set_lock_30,11500000,0,0,0,0,0,0,0,0,0,0,0,0,0,0,0,0,0,0,0,0,0,0,0,0,0,0,0,0,0,0,0,0,0,0,0,0,0,0,0,0,0,0,0,0,0,0,0,0,0,0,0,0,0,0,0,0,0,0,0,0,0,0,0,0,0,0,0,0,0,0,0,0,0,0,0,0,0,0,0,0,0,0,0,0,0,0,0,0,0,libgomp.so.1.0.0,gomp_set_lock_30,lock.c,0x23dc0
mdLib::MoleculeLJ::MoleculeLJ,11500000,0,0,50000016,0,0,0,0,0,0,0,0,0,0,0,0,0,0,0,0,0,0,0,0,0,0,0,0,0,0,0,0,0,0,185045454,0,0,0,0,0,0,0,0,0,0,0,0,0,0,0,0,0,0,0,0,0,0,0,0,0,0,0,0,0,0,0,0,0,0,0,0,0,0,0,0,0,0,0,0,0,0,0,0,0,0,0,0,0,0,0,md-flexible,mdLib::MoleculeLJ::MoleculeLJ(mdLib::MoleculeLJ const&),MoleculeLJ.h,0x546860
mdLib::MoleculeLJ::MoleculeLJ,11500000,11500000,0,50000016,0,0,0,0,0,0,185045454,46261433,0,0,0,46261433,46261433,46261433,0,0,0,0,0,0,0,0,0,0,0,0,0,0,0,0,0,0,0,0,0,0,0,0,0,0,0,0,0,0,0,0,0,0,0,0,0,0,0,0,0,0,0,0,0,0,0,0,0,0,0,0,0,0,0,1572886359,0,0,0,0,0,0,0,0,0,0,0,0,0,0,0,0,md-flexible,mdLib::MoleculeLJ::MoleculeLJ(mdLib::MoleculeLJ const&),MoleculeLJ.h,0x443637
mdLib::MoleculeLJ::MoleculeLJ,11500000,0,0,0,0,0,0,0,0,0,0,0,0,0,0,0,0,0,0,0,0,0,0,0,0,0,0,0,0,0,0,0,0,0,0,0,0,0,0,0,0,0,0,0,0,0,0,0,0,0,0,0,0,0,0,0,0,0,0,0,0,0,0,0,0,0,0,0,0,0,0,0,0,0,0,0,0,0,0,0,0,0,0,0,0,0,0,0,0,0,md-flexible,mdLib::MoleculeLJ::MoleculeLJ(mdLib::MoleculeLJ const&),MoleculeLJ.h,0x4433f3
"mdLib::MoleculeLJ::get<(mdLib::MoleculeLJ::AttributeNames)15, (bool)1>",11500000,34500000,0,100000032,4626268,0,0,0,0,0,0,0,0,0,46261433,0,0,46261433,0,0,0,0,0,0,0,0,0,0,0,0,0,0,0,0,0,0,0,0,0,0,0,0,0,0,0,0,0,0,0,0,0,0,0,0,0,0,0,0,0,0,0,0,0,0,0,0,0,0,0,0,0,0,0,0,0,0,545899624,0,0,0,0,0,0,0,0,0,0,0,0,0,md-flexible,"mdLib::MoleculeLJ::get<(mdLib::MoleculeLJ::AttributeNames)15, (bool)1>(void) const",MoleculeLJ.h,0x588af8
mdLib::MoleculeLJ::set<(mdLib::MoleculeLJ::AttributeNames)8>,11500000,34500000,0,100000032,0,9252536,0,0,106400976,0,0,0,0,0,0,0,46261433,46261433,0,0,0,0,0,0,0,0,0,0,0,0,46261433,0,0,0,0,46261433,0,0,0,0,0,0,0,0,0,0,0,0,0,0,0,0,0,0,0,0,0,0,0,0,0,0,0,0,0,0,0,0,0,0,0,0,0,0,0,0,0,0,0,0,0,0,0,0,0,0,0,0,0,0,md-flexible,"mdLib::MoleculeLJ::set<(mdLib::MoleculeLJ::AttributeNames)8>(std::tuple_element<(mdLib::MoleculeLJ::AttributeNames)8, std::tuple<std::vector<mdLib::MoleculeLJ*, autopas::AlignedAllocator<std::vector, (unsigned long)64>>, std::tuple<unsigned long, autopas<unsigned long, (unsigned long)64>>, std::tuple<double, autopas<double, (unsigned long)64>>, autopas<double, (unsigned long)64>, autopas<double, (unsigned long)64>, autopas<double, (unsigned long)64>, autopas<double, (unsigned long)64>, autopas<double, (unsigned long)64>, autopas<double, (unsigned long)64>, autopas<double, (unsigned long)64>, autopas<double, (unsigned long)64>, autopas<double, (unsigned long)64>, autopas<double, (unsigned long)64>, autopas<double, (unsigned long)64>, autopas<unsigned long, (unsigned long)64>, std::tuple<mdLib::MoleculeLJ*::OwnershipState, autopas<std::tuple<double, autopas<double, (unsigned long)64>>, (unsigned long)64>>>>::type::value_type)",MoleculeLJ.h,0x568089
"std::__adjust_heap<__gnu_cxx::__normal_iterator<mdLib::MoleculeLJ*, std::vector<mdLib::MoleculeLJ, std::allocator<mdLib::MoleculeLJ>>>, long, mdLib::MoleculeLJ, __gnu_cxx::__ops::_Iter_comp_iter<autopas::VerletListsLinkedReferencesBase<mdLib::MoleculeLJ>::sortParticlesByConfiguredKey(void)::{lambda(mdLib::MoleculeLJ const&mdLib::MoleculeLJ const&)#1}>>",11500000,0,0,0,0,0,0,0,0,0,0,0,0,0,0,0,0,0,0,0,0,0,0,0,0,0,0,0,0,0,0,0,0,0,0,0,0,0,0,0,0,0,0,0,0,0,0,0,0,0,0,0,0,0,0,0,0,0,0,0,0,0,0,0,0,0,0,0,0,0,0,0,0,0,0,0,0,0,0,0,0,0,0,0,0,0,0,0,0,0,md-flexible,"std::__adjust_heap<__gnu_cxx::__normal_iterator<mdLib::MoleculeLJ*, std::vector<mdLib::MoleculeLJ, std::allocator<mdLib::MoleculeLJ>>>, long, mdLib::MoleculeLJ, __gnu_cxx::__ops::_Iter_comp_iter<autopas::VerletListsLinkedReferencesBase<mdLib::MoleculeLJ>::sortParticlesByConfiguredKey(void)::{lambda(mdLib::MoleculeLJ const&mdLib::MoleculeLJ const&)#1}>>(__gnu_cxx::__normal_iterator<mdLib::MoleculeLJ*, std::vector<mdLib::MoleculeLJ, std::allocator<mdLib::MoleculeLJ>>>, long, long, mdLib::MoleculeLJ, __gnu_cxx::__ops::_Iter_comp_iter<autopas::VerletListsLinkedReferencesBase<mdLib::MoleculeLJ>::sortParticlesByConfiguredKey(void)::{lambda(mdLib::MoleculeLJ const&mdLib::MoleculeLJ const&)#1}>)",stl_heap.h,0x5459a0
"std::__detail::_Hash_node<std::pair<mdLib::MoleculeLJ* const, std::vector<mdLib::MoleculeLJ*, std::allocator<mdLib::MoleculeLJ*>>>, (bool)0>::_M_next",11500000,80500000,0,200000064,0,0,0,0,0,0,0,0,0,0,0,0,0,0,0,0,0,0,0,0,0,0,0,0,0,0,0,0,0,462613090,0,0,46261433,0,0,0,0,0,0,0,0,0,0,0,0,0,0,0,0,0,0,0,0,0,0,0,0,0,46261433,0,0,0,0,0,0,0,0,0,0,0,0,0,0,0,0,0,0,0,0,0,0,0,0,0,0,0,md-flexible,"std::__detail::_Hash_node<std::pair<mdLib::MoleculeLJ* const, std::vector<mdLib::MoleculeLJ*, std::allocator<mdLib::MoleculeLJ*>>>, (bool)0>::_M_next(void) const",hashtable_policy.h,0x524830
"std::__detail::_Hash_node<std::pair<mdLib::MoleculeLJ* const, std::vector<mdLib::MoleculeLJ*, std::allocator<mdLib::MoleculeLJ*>>>, (bool)0>::_M_next",11500000,0,0,0,9252536,0,0,0,0,0,0,0,0,0,0,0,0,0,0,0,0,0,0,0,0,0,0,0,0,0,0,0,0,0,0,0,0,0,0,0,0,0,0,0,0,0,0,0,0,0,0,0,0,0,0,0,0,0,0,0,0,0,0,0,0,0,0,0,0,0,0,0,0,0,0,0,342343832,0,0,0,0,0,0,0,0,0,0,0,0,0,md-flexible,"std::__detail::_Hash_node<std::pair<mdLib::MoleculeLJ* const, std::vector<mdLib::MoleculeLJ*, std::allocator<mdLib::MoleculeLJ*>>>, (bool)0>::_M_next(void) const",hashtable_policy.h,0x541306
std::__detail::_Mod_range_hashing::operator(),11500000,0,0,0,0,0,0,0,0,0,0,0,0,0,0,0,0,0,0,0,0,0,0,0,0,0,0,0,0,0,0,0,0,0,0,0,0,0,0,0,0,0,0,0,0,0,0,0,0,0,0,0,0,0,0,0,0,0,0,0,0,0,0,0,0,0,0,0,0,0,0,0,0,0,0,0,0,0,0,0,0,0,0,0,0,0,0,0,0,0,md-flexible,"std::__detail::_Mod_range_hashing::operator()(unsigned long, unsigned long) const",hashtable_policy.h,0x501df2
std::__detail::_Mod_range_hashing::operator(),11500000,11500000,0,0,0,0,0,0,0,0,0,0,0,0,0,0,0,0,0,0,0,0,0,0,0,0,0,0,0,0,0,0,0,0,0,0,0,0,0,0,0,0,0,0,0,0,0,0,0,0,0,0,0,0,0,0,0,0,0,0,0,0,0,0,0,0,0,0,0,0,0,0,0,0,0,0,0,0,0,0,0,0,0,0,0,0,0,0,0,0,md-flexible,"std::__detail::_Mod_range_hashing::operator()(unsigned long, unsigned long) const",hashtable_policy.h,0x54009d
"std::__introsort_loop<__gnu_cxx::__normal_iterator<mdLib::MoleculeLJ*, std::vector<mdLib::MoleculeLJ, std::allocator<mdLib::MoleculeLJ>>>, long, __gnu_cxx::__ops::_Iter_comp_iter<autopas::VerletListsLinkedReferencesBase<mdLib::MoleculeLJ>::sortParticlesByConfiguredKey(void)::{lambda(mdLib::MoleculeLJ const&mdLib::MoleculeLJ const&)#1}>>",11500000,0,0,50000016,0,0,0,0,0,462751,0,0,0,0,0,0,0,0,0,0,0,0,0,0,0,0,0,0,0,0,0,0,0,0,0,0,0,0,0,0,0,0,0,0,0,0,0,0,0,0,0,0,0,0,0,0,0,0,0,0,0,0,0,0,0,0,0,0,0,3239257,0,0,0,0,0,0,0,0,0,0,0,0,0,0,0,0,0,0,0,0,md-flexible,"std::__introsort_loop<__gnu_cxx::__normal_iterator<mdLib::MoleculeLJ*, std::vector<mdLib::MoleculeLJ, std::allocator<mdLib::MoleculeLJ>>>, long, __gnu_cxx::__ops::_Iter_comp_iter<autopas::VerletListsLinkedReferencesBase<mdLib::MoleculeLJ>::sortParticlesByConfiguredKey(void)::{lambda(mdLib::MoleculeLJ const&mdLib::MoleculeLJ const&)#1}>>(__gnu_cxx::__normal_iterator<mdLib::MoleculeLJ*, std::vector<mdLib::MoleculeLJ, std::allocator<mdLib::MoleculeLJ>>>, __gnu_cxx::__normal_iterator<mdLib::MoleculeLJ*, std::vector<mdLib::MoleculeLJ, std::allocator<mdLib::MoleculeLJ>>>, long, __gnu_cxx::__ops::_Iter_comp_iter<autopas::VerletListsLinkedReferencesBase<mdLib::MoleculeLJ>::sortParticlesByConfiguredKey(void)::{lambda(mdLib::MoleculeLJ const&mdLib::MoleculeLJ const&)#1}>)",stl_algo.h,0x5461b0
"std::__uninitialized_copy_a<std::move_iterator<double*>, double*, autopas::AlignedAllocator<double, (unsigned long)64>>",11500000,0,0,0,0,0,0,0,0,0,0,0,0,0,0,0,0,0,0,0,0,0,0,0,0,0,0,0,0,0,0,0,0,0,0,0,0,0,0,0,0,0,0,0,0,0,0,0,0,0,0,0,0,0,0,0,0,0,0,0,0,0,0,0,0,0,0,0,0,0,0,0,0,0,0,0,0,0,0,0,0,0,0,0,0,0,0,0,0,0,md-flexible,"std::__uninitialized_copy_a<std::move_iterator<double*>, double*, autopas::AlignedAllocator<double, (unsigned long)64>>(std::move_iterator<double*>, std::move_iterator<double*>, double*, autopas::AlignedAllocator<double, (unsigned long)64>&)",stl_uninitialized.h,0x54bc57
std::destroy_at<mdLib::MoleculeLJ>,11500000,11500000,0,50000016,0,0,0,0,0,0,0,0,0,0,0,0,0,0,0,0,0,0,0,0,0,0,0,0,0,0,0,0,0,0,0,0,0,0,0,0,0,0,0,0,0,0,0,0,0,0,0,0,0,0,0,0,0,0,0,0,0,0,0,46261433,0,0,0,0,0,0,0,0,0,0,0,0,0,0,0,0,0,0,0,0,0,0,0,0,0,0,md-flexible,std::destroy_at<mdLib::MoleculeLJ>(mdLib::MoleculeLJ*),stl_construct.h,0x44cf4c
"std::iter_swap<__gnu_cxx::__normal_iterator<mdLib::MoleculeLJ*, std::vector<mdLib::MoleculeLJ, std::allocator<mdLib::MoleculeLJ>>>, __gnu_cxx::__normal_iterator<mdLib::MoleculeLJ*, std::vector<mdLib::MoleculeLJ, std::allocator<mdLib::MoleculeLJ>>>>",11500000,0,0,0,0,0,0,0,0,0,0,0,0,0,0,0,0,0,0,0,0,0,0,0,0,0,0,0,0,0,0,0,0,0,0,0,0,0,0,0,0,0,0,0,0,0,0,0,0,0,0,0,0,0,0,0,0,0,0,0,0,0,0,0,0,0,0,0,0,0,0,0,0,0,0,0,0,0,0,0,0,0,0,0,0,0,0,0,0,0,md-flexible,"std::iter_swap<__gnu_cxx::__normal_iterator<mdLib::MoleculeLJ*, std::vector<mdLib::MoleculeLJ, std::allocator<mdLib::MoleculeLJ>>>, __gnu_cxx::__normal_iterator<mdLib::MoleculeLJ*, std::vector<mdLib::MoleculeLJ, std::allocator<mdLib::MoleculeLJ>>>>(__gnu_cxx::__normal_iterator<mdLib::MoleculeLJ*, std::vector<mdLib::MoleculeLJ, std::allocator<mdLib::MoleculeLJ>>>, __gnu_cxx::__normal_iterator<mdLib::MoleculeLJ*, std::vector<mdLib::MoleculeLJ, std::allocator<mdLib::MoleculeLJ>>>)",stl_algobase.h,0x5462b2
std::max<unsigned long>,11500000,0,0,50000016,0,0,0,0,0,0,0,0,0,0,0,0,0,0,0,0,0,0,0,0,0,0,0,0,0,0,0,0,0,0,0,0,0,0,0,0,0,0,0,0,0,0,0,0,0,0,0,0,0,0,0,0,0,0,0,0,0,0,0,0,0,0,0,0,0,0,0,0,0,0,0,0,0,0,0,0,0,0,0,0,0,0,0,0,0,0,md-flexible,"std::max<unsigned long>(unsigned long const&, unsigned long const&)",stl_algobase.h,0x5379d6
std::swap<unsigned long>,11500000,11500000,0,0,0,18505072,0,0,0,0,0,0,0,0,0,0,0,0,0,0,0,0,0,0,0,0,92522866,0,0,0,0,0,0,0,0,0,0,0,0,0,0,0,0,0,0,0,0,0,0,0,0,0,0,0,0,0,0,0,0,0,0,0,0,46261433,0,0,0,0,0,0,0,0,0,0,0,0,0,0,0,0,0,0,0,0,0,0,0,0,0,0,md-flexible,"std::swap<unsigned long>(unsigned long&, unsigned long&)",move.h,0x4fd7d6
"std::tuple<unsigned long, unsigned long>::tuple<unsigned long&, unsigned long&>",11500000,23000000,0,0,0,0,0,0,0,0,0,0,0,0,0,0,0,0,0,0,0,0,0,0,0,0,0,0,0,0,0,0,0,0,0,0,0,0,0,0,0,0,0,0,0,0,0,0,0,0,0,0,0,0,0,0,0,0,0,0,0,0,0,0,0,0,0,0,0,0,0,0,0,0,0,0,0,0,0,0,0,0,0,0,0,0,0,0,0,0,md-flexible,"std::tuple<unsigned long, unsigned long>::tuple<unsigned long&, unsigned long&>(unsigned long&&&)",tuple,0x4fde95
"std::unordered_map<mdLib::MoleculeLJ const*, unsigned long, std::hash<mdLib::MoleculeLJ const*>, std::equal_to<mdLib::MoleculeLJ const*>, std::allocator<std::pair<mdLib::MoleculeLJ const* const, unsigned long>>>::clear",11500000,69000000,0,100000032,0,0,0,0,0,0,0,0,0,0,0,0,0,0,0,0,0,0,0,0,0,0,0,0,0,0,0,0,0,0,0,0,0,0,0,0,0,0,0,0,0,0,0,0,0,0,0,0,0,0,0,0,0,0,0,0,2314036,0,138784299,462614330,0,0,0,0,0,0,0,0,0,0,0,0,0,0,0,0,0,0,20826324,0,0,0,0,0,0,0,md-flexible,"std::unordered_map<mdLib::MoleculeLJ const*, unsigned long, std::hash<mdLib::MoleculeLJ const*>, std::equal_to<mdLib::MoleculeLJ const*>, std::allocator<std::pair<mdLib::MoleculeLJ const* const, unsigned long>>>::clear(void)",unordered_map.h,0x54033e
"std::unordered_map<mdLib::MoleculeLJ const*, unsigned long, std::hash<mdLib::MoleculeLJ const*>, std::equal_to<mdLib::MoleculeLJ const*>, std::allocator<std::pair<mdLib::MoleculeLJ const* const, unsigned long>>>::find",11500000,241500000,0,50000016,0,0,0,0,106400976,0,185045454,231307165,0,0,277568598,277568598,138784299,92522866,0,0,0,138784299,0,18505072,0,0,0,0,0,0,0,0,0,462613090,0,0,185045732,0,0,0,0,0,0,0,0,0,0,0,0,0,4626453,0,0,0,0,0,0,9252397,0,0,0,0,138784299,138784299,46261433,0,0,0,0,0,0,0,0,0,0,64766779,0,323830031,0,0,0,92000000,0,0,0,32385171,0,0,0,0,md-flexible,"std::unordered_map<mdLib::MoleculeLJ const*, unsigned long, std::hash<mdLib::MoleculeLJ const*>, std::equal_to<mdLib::MoleculeLJ const*>, std::allocator<std::pair<mdLib::MoleculeLJ const* const, unsigned long>>>::find(mdLib::MoleculeLJ const* const&)",unordered_map.h,0x540490
"std::unordered_map<mdLib::MoleculeLJ*, std::vector<mdLib::MoleculeLJ*, std::allocator<mdLib::MoleculeLJ*>>, std::hash<mdLib::MoleculeLJ*>, std::equal_to<mdLib::MoleculeLJ*>, std::allocator<std::pair<mdLib::MoleculeLJ* const, std::vector<mdLib::MoleculeLJ*, std::allocator<mdLib::MoleculeLJ*>>>>>::at",11500000,0,0,0,0,0,0,0,106400976,0,0,0,0,0,0,0,92522866,0,0,0,0,0,4626268,0,0,0,0,0,0,0,0,0,0,462613090,0,0,46261433,0,0,0,0,0,0,0,0,0,0,0,0,0,0,0,0,0,0,0,0,0,0,0,0,0,0,0,0,0,0,0,0,0,0,0,0,0,0,0,0,0,0,0,0,0,0,0,0,0,0,0,0,0,md-flexible,"std::unordered_map<mdLib::MoleculeLJ*, std::vector<mdLib::MoleculeLJ*, std::allocator<mdLib::MoleculeLJ*>>, std::hash<mdLib::MoleculeLJ*>, std::equal_to<mdLib::MoleculeLJ*>, std::allocator<std::pair<mdLib::MoleculeLJ* const, std::vector<mdLib::MoleculeLJ*, std::allocator<mdLib::MoleculeLJ*>>>>>::at(mdLib::MoleculeLJ* const&)",unordered_map.h,0x509e94
"std::unordered_map<mdLib::MoleculeLJ*, std::vector<mdLib::MoleculeLJ*, std::allocator<mdLib::MoleculeLJ*>>, std::hash<mdLib::MoleculeLJ*>, std::equal_to<mdLib::MoleculeLJ*>, std::allocator<std::pair<mdLib::MoleculeLJ* const, std::vector<mdLib::MoleculeLJ*, std::allocator<mdLib::MoleculeLJ*>>>>>::operator[]",11500000,0,0,0,0,0,0,0,0,0,0,0,0,0,0,0,0,0,0,0,0,0,0,0,0,0,0,0,0,0,0,0,0,0,0,0,0,0,0,0,0,0,0,0,0,0,0,0,0,0,0,0,0,0,0,0,0,0,0,0,0,0,0,46261433,0,0,0,0,0,0,0,0,0,0,0,0,0,0,0,0,0,0,0,0,0,0,0,0,0,0,md-flexible,"std::unordered_map<mdLib::MoleculeLJ*, std::vector<mdLib::MoleculeLJ*, std::allocator<mdLib::MoleculeLJ*>>, std::hash<mdLib::MoleculeLJ*>, std::equal_to<mdLib::MoleculeLJ*>, std::allocator<std::pair<mdLib::MoleculeLJ* const, std::vector<mdLib::MoleculeLJ*, std::allocator<mdLib::MoleculeLJ*>>>>>::operator[](mdLib::MoleculeLJ*&&)",unordered_map.h,0x541b50
"std::vector<autopas::OwnershipState, autopas::AlignedAllocator<autopas::OwnershipState, (unsigned long)64>>::size",11500000,0,0,0,23131340,0,0,0,0,462751,0,0,0,0,46261433,0,0,0,0,0,0,0,0,0,0,0,0,0,0,0,0,0,0,0,0,0,0,0,0,0,0,0,0,0,0,0,0,0,0,0,0,0,0,0,0,0,0,0,0,0,0,0,0,0,0,0,0,0,0,3239257,0,0,0,0,0,0,1549799780,0,0,0,0,0,0,0,0,0,0,0,0,0,md-flexible,"std::vector<autopas::OwnershipState, autopas::AlignedAllocator<autopas::OwnershipState, (unsigned long)64>>::size(void) const",stl_vector.h,0x54b45c
"std::vector<autopas::ReferenceParticleCell<mdLib::MoleculeLJ>, std::allocator<autopas::ReferenceParticleCell<mdLib::MoleculeLJ>>>::operator[]",11500000,0,0,0,0,0,0,0,0,0,0,0,0,0,46261433,0,0,0,0,0,0,0,0,0,0,0,0,0,0,0,0,0,0,0,0,0,0,0,0,0,0,0,0,0,0,0,0,0,0,0,0,0,0,0,0,0,0,0,0,0,0,0,0,0,0,0,0,0,0,0,0,0,0,0,0,0,0,0,0,0,0,0,0,0,0,0,0,0,0,0,md-flexible,"std::vector<autopas::ReferenceParticleCell<mdLib::MoleculeLJ>, std::allocator<autopas::ReferenceParticleCell<mdLib::MoleculeLJ>>>::operator[](unsigned long) const",stl_vector.h,0x4fdd29
"std::vector<double, autopas::AlignedAllocator<double, (unsigned long)64>>::_M_default_append",11500000,0,0,0,0,0,0,0,0,0,0,0,0,0,0,0,0,0,0,0,0,0,0,0,0,0,0,0,0,0,0,0,0,0,0,0,0,0,0,0,0,0,0,0,0,0,0,0,0,0,0,0,0,0,0,0,0,0,0,0,0,0,0,0,0,0,0,0,0,0,0,0,0,0,0,0,0,0,0,0,0,0,0,0,0,0,0,0,0,0,md-flexible,"std::vector<double, autopas::AlignedAllocator<double, (unsigned long)64>>::_M_default_append(unsigned long)",vector.tcc,0x54bb90
"std::vector<double, autopas::AlignedAllocator<double, (unsigned long)64>>::data",11500000,0,0,0,4626268,0,0,0,0,0,0,0,0,0,0,0,0,0,0,0,0,0,0,0,0,0,0,0,0,0,0,0,0,0,0,0,0,0,0,0,0,0,0,0,0,0,0,0,0,0,0,0,0,0,0,0,0,0,0,0,0,0,0,0,0,0,0,0,0,0,0,0,0,0,0,0,32383876,0,0,0,0,0,0,0,0,0,0,0,0,0,md-flexible,"std::vector<double, autopas::AlignedAllocator<double, (unsigned long)64>>::data(void)",stl_vector.h,0x50997e
"std::vector<double, autopas::AlignedAllocator<double, (unsigned long)64>>::data",11500000,0,0,0,0,0,0,0,0,0,0,0,0,0,0,0,0,0,0,0,0,0,0,0,0,0,0,0,0,0,0,0,0,0,0,0,0,0,0,0,0,0,0,0,0,0,0,0,0,0,0,0,0,0,0,0,0,0,0,0,0,0,0,0,0,0,0,0,0,0,0,0,0,0,0,0,0,0,0,0,0,0,0,0,0,0,0,0,0,0,md-flexible,"std::vector<double, autopas::AlignedAllocator<double, (unsigned long)64>>::data(void)",stl_vector.h,0x5099a9
"std::vector<mdLib::MoleculeLJ, std::allocator<mdLib::MoleculeLJ>>::size",11500000,0,0,0,0,0,0,0,0,0,0,0,0,0,0,0,0,0,0,0,0,0,0,0,0,0,0,0,0,0,0,0,0,0,0,0,0,0,0,0,0,0,0,0,0,0,0,0,0,0,0,0,0,0,0,0,0,0,0,0,0,0,0,0,0,0,0,0,0,0,0,0,0,0,0,0,0,0,0,0,0,0,0,0,0,0,0,0,0,0,md-flexible,"std::vector<mdLib::MoleculeLJ, std::allocator<mdLib::MoleculeLJ>>::size(void) const",stl_vector.h,0x500f81
"std::vector<unsigned long, autopas::AlignedAllocator<unsigned long, (unsigned long)64>>::_M_default_append",11500000,11500000,0,0,0,4626268,0,0,0,0,0,46261433,0,0,0,0,0,0,0,0,0,0,0,0,0,0,0,0,0,0,0,0,0,0,0,0,0,0,0,0,0,0,0,0,0,0,0,0,0,0,0,0,0,0,0,0,0,0,0,0,0,0,0,0,0,0,0,0,0,0,0,0,0,0,0,0,0,0,0,0,0,0,0,0,0,0,0,0,0,0,md-flexible,"std::vector<unsigned long, autopas::AlignedAllocator<unsigned long, (unsigned long)64>>::_M_default_append(unsigned long)",vector.tcc,0x537970
"std::vector<unsigned long, autopas::AlignedAllocator<unsigned long, (unsigned long)64>>::resize",11500000,11500000,0,50000016,4626268,0,0,0,0,462751,0,0,0,0,0,0,0,0,0,0,0,0,0,9252536,0,0,0,0,0,0,0,0,0,0,0,0,0,0,0,0,0,0,0,0,0,0,0,0,0,0,0,0,0,0,0,0,0,0,0,0,0,0,0,0,0,0,0,0,0,122166264,0,0,0,0,0,0,106404164,0,0,0,0,0,0,0,0,0,0,0,0,0,md-flexible,"std::vector<unsigned long, autopas::AlignedAllocator<unsigned long, (unsigned long)64>>::resize(unsigned long)",stl_vector.h,0x537920
DomainTools::isInsideDomain,0,11500000,0,100000032,0,0,0,0,0,0,0,0,0,0,0,46261433,46261433,92522866,0,0,46261433,0,0,0,0,0,0,0,0,0,0,0,0,0,0,0,0,0,0,0,0,0,0,0,0,0,0,0,0,0,0,0,0,0,0,0,0,0,0,0,0,0,0,0,0,0,0,0,0,0,0,0,0,0,0,0,0,0,0,0,0,0,0,0,0,0,0,0,0,0,md-flexible,"DomainTools::isInsideDomain(std::array<double, (unsigned long)3> const&, std::array<double, (unsigned long)3> const&, std::array<double, (unsigned long)3> const&)",DomainTools.cpp,0x4e8a80
MDFlexConfig::MDFlexConfig,0,11500000,0,0,0,0,0,0,0,0,0,46261433,0,0,0,0,0,0,0,0,0,0,0,0,0,0,0,0,0,0,0,0,0,0,0,0,0,0,0,0,0,0,0,0,0,0,0,0,0,0,0,0,0,0,0,0,0,0,0,0,0,0,0,0,0,0,0,0,0,0,0,0,0,0,0,0,0,0,0,0,0,0,0,0,0,0,0,0,0,0,md-flexible,MDFlexConfig::MDFlexConfig(MDFlexConfig const&),MDFlexConfig.h,0x44cfa0
"ParticlePropertiesLibrary<double, unsigned long>::getMixing24Epsilon",0,0,0,0,46262680,0,0,0,0,0,0,0,0,0,0,0,0,0,0,0,0,0,0,0,0,0,0,0,0,0,0,0,0,0,92522727,0,0,0,0,0,0,0,0,0,0,0,0,0,0,0,0,0,0,0,0,0,46261433,0,0,0,0,0,0,0,0,0,0,0,0,0,0,0,0,0,323830031,0,1036284032,0,0,0,0,0,0,0,0,0,0,0,0,0,md-flexible,"ParticlePropertiesLibrary<double, unsigned long>::getMixing24Epsilon(unsigned long, unsigned long) const",ParticlePropertiesLibrary.h,0x555a28
ParticleVector<mdLib::MoleculeLJ>::clearHaloParticles,0,23000000,0,50000016,0,0,0,0,0,0,0,0,0,0,0,0,0,0,0,0,46261433,0,0,0,0,0,0,0,0,0,46261433,0,0,0,0,46261433,786444361,0,0,0,0,0,0,0,0,0,0,0,0,0,0,0,0,0,0,0,0,0,0,0,0,0,0,46261433,0,0,0,0,0,0,0,0,0,0,0,0,0,0,0,0,0,0,0,0,0,0,0,0,0,0,md-flexible,ParticleVector<mdLib::MoleculeLJ>::clearHaloParticles(void),ParticleVector.h,0x52fea0
ParticleVector<mdLib::MoleculeLJ>::deleteDummyParticles,0,11500000,0,50000016,0,0,0,0,0,0,0,0,0,0,0,0,0,0,0,0,0,46261433,0,0,0,0,0,0,0,0,0,0,0,462613090,0,46261433,740182928,0,0,0,0,0,0,0,0,0,0,0,0,0,0,0,0,0,0,0,0,0,0,0,0,0,0,46261433,0,0,0,0,0,0,0,0,0,0,0,0,0,0,0,0,0,0,0,0,0,0,0,0,0,0,md-flexible,ParticleVector<mdLib::MoleculeLJ>::deleteDummyParticles(void),ParticleVector.h,0x5305e0
_ZN7autopas19ColorBasedTraversalINS_21ReferenceParticleCellIN5mdLib10MoleculeLJEEENS_17VerletListHelpersIS3_E26VerletListGeneratorFunctorELi3EE14colorTraversalIZNS_14LCC08TraversalIS4_S7_E17traverseParticlesEvEUlmmmE_EEvOT_RKSt5arrayImLm3EESI_SI_._omp_fn.0,0,11500000,0,50000016,0,0,0,0,106400976,462751,0,0,0,0,0,0,0,0,0,0,0,0,0,0,0,0,0,0,0,0,0,0,0,0,0,0,0,0,0,0,0,0,0,0,0,0,0,0,0,0,0,0,0,0,0,0,0,0,0,0,0,0,0,0,0,0,0,0,0,10643273,0,0,744806832,0,0,0,0,0,0,0,0,0,0,0,0,0,0,0,0,0,md-flexible,_ZN7autopas19ColorBasedTraversalINS_21ReferenceParticleCellIN5mdLib10MoleculeLJEEENS_17VerletListHelpersIS3_E26VerletListGeneratorFunctorELi3EE14colorTraversalIZNS_14LCC08TraversalIS4_S7_E17traverseParticlesEvEUlmmmE_EEvOT_RKSt5arrayImLm3EESI_SI_._omp_fn.0,ColorBasedTraversal.h,0x553210
_ZSt12construct_atIPN5mdLib10MoleculeLJEJRKS2_EEDTgsnwcvPvLi0E_T_pispcl7declvalIT0_EEEEPS6_DpOS7_,0,0,0,0,4626268,0,0,0,0,0,0,0,0,0,0,0,0,0,0,0,0,0,0,0,0,0,46261433,0,0,0,0,0,0,0,0,0,0,0,0,0,0,0,0,0,0,0,0,0,0,0,0,0,0,0,0,0,0,0,0,0,0,0,0,0,0,0,0,0,0,0,0,0,0,0,0,0,32383876,0,0,0,0,0,0,0,0,0,0,0,0,0,md-flexible,_ZSt12construct_atIPN5mdLib10MoleculeLJEJRKS2_EEDTgsnwcvPvLi0E_T_pispcl7declvalIT0_EEEEPS6_DpOS7_,stl_construct.h,0x50a116
_ZSt12construct_atIPN5mdLib10MoleculeLJEJRKS2_EEDTgsnwcvPvLi0E_T_pispcl7declvalIT0_EEEEPS6_DpOS7_,0,0,0,0,0,0,0,0,0,0,0,0,0,0,0,0,0,0,0,0,0,0,0,0,0,0,0,0,0,4626268,0,0,0,0,0,0,0,0,0,0,0,0,0,0,0,0,0,0,0,0,0,0,0,0,0,0,0,0,0,0,0,0,0,0,0,0,0,0,0,0,0,0,0,0,0,0,0,0,0,0,0,0,0,0,0,0,0,0,0,0,md-flexible,_ZSt12construct_atIPN5mdLib10MoleculeLJEJRKS2_EEDTgsnwcvPvLi0E_T_pispcl7declvalIT0_EEEEPS6_DpOS7_,stl_construct.h,0x500f57
_ZSt12construct_atIPN5mdLib10MoleculeLJEJS2_EEDTgsnwcvPvLi0E_T_pispcl7declvalIT0_EEEEPS4_DpOS5_,0,11500000,0,0,0,0,0,0,0,0,0,0,0,0,0,0,0,0,0,0,0,0,0,0,0,0,0,0,0,4626268,0,0,0,0,0,0,0,0,0,0,0,0,0,0,0,0,0,0,0,0,0,0,0,0,0,0,0,0,0,0,0,0,0,0,46261433,0,0,0,0,0,0,0,0,0,0,0,0,0,0,0,0,0,0,0,0,0,0,0,0,0,md-flexible,_ZSt12construct_atIPN5mdLib10MoleculeLJEJS2_EEDTgsnwcvPvLi0E_T_pispcl7declvalIT0_EEEEPS4_DpOS5_,stl_construct.h,0x540880
"__gnu_cxx::__normal_iterator<mdLib::MoleculeLJ*, std::vector<mdLib::MoleculeLJ, std::allocator<mdLib::MoleculeLJ>>>::operator+",0,0,0,50000016,0,0,0,0,0,0,0,0,0,0,0,0,0,0,0,0,0,0,0,0,0,0,0,0,0,0,0,0,0,0,0,0,0,0,0,0,0,0,0,0,0,0,0,0,0,0,0,0,0,0,0,0,0,0,0,0,0,0,0,0,0,0,0,0,0,0,0,0,0,0,0,0,0,0,0,0,0,0,0,0,0,0,0,0,0,0,md-flexible,"__gnu_cxx::__normal_iterator<mdLib::MoleculeLJ*, std::vector<mdLib::MoleculeLJ, std::allocator<mdLib::MoleculeLJ>>>::operator+(long) const",stl_iterator.h,0x545a47
"__gnu_cxx::__normal_iterator<mdLib::MoleculeLJ*, std::vector<mdLib::MoleculeLJ, std::allocator<mdLib::MoleculeLJ>>>::operator++",0,0,0,0,0,0,0,0,0,0,0,46261433,0,0,0,0,0,0,0,0,0,0,0,0,0,0,0,0,0,0,0,0,0,0,0,0,0,0,0,0,0,0,0,0,0,0,0,0,0,0,0,0,0,0,0,0,0,0,0,0,0,0,0,0,0,0,0,0,0,0,0,0,0,0,0,0,0,0,0,0,0,0,0,0,0,0,0,0,0,0,md-flexible,"__gnu_cxx::__normal_iterator<mdLib::MoleculeLJ*, std::vector<mdLib::MoleculeLJ, std::allocator<mdLib::MoleculeLJ>>>::operator++(void)",stl_iterator.h,0x54635d
"__gnu_cxx::__ops::_Iter_less_iter::operator()<__gnu_cxx::__normal_iterator<unsigned long*, std::vector<unsigned long, autopas::AlignedAllocator<unsigned long, (unsigned long)64>>>, __gnu_cxx::__normal_iterator<unsigned long*, std::vector<unsigned long, autopas::AlignedAllocator<unsigned long, (unsigned long)64>>>>",0,115000000,0,150000048,0,0,0,0,212801952,462751,277568181,185045732,0,0,46261433,0,92522866,92522866,92522727,0,46261433,92522866,0,0,0,0,46261433,0,0,0,0,0,0,462613090,0,0,416352897,0,0,0,0,0,0,0,0,0,0,0,0,0,0,0,0,0,0,0,0,0,0,0,0,0,46261433,138784299,0,0,0,0,0,3239257,0,0,0,0,0,0,0,0,0,0,0,0,0,0,0,0,0,0,0,0,md-flexible,"__gnu_cxx::__ops::_Iter_less_iter::operator()<__gnu_cxx::__normal_iterator<unsigned long*, std::vector<unsigned long, autopas::AlignedAllocator<unsigned long, (unsigned long)64>>>, __gnu_cxx::__normal_iterator<unsigned long*, std::vector<unsigned long, autopas::AlignedAllocator<unsigned long, (unsigned long)64>>>>(__gnu_cxx::__normal_iterator<unsigned long*, std::vector<unsigned long, autopas::AlignedAllocator<unsigned long, (unsigned long)64>>>, __gnu_cxx::__normal_iterator<unsigned long*, std::vector<unsigned long, autopas::AlignedAllocator<unsigned long, (unsigned long)64>>>) const",predefined_ops.h,0x4fd579
"__gnu_cxx::operator-<unsigned long*, std::vector<unsigned long, autopas::AlignedAllocator<unsigned long, (unsigned long)64>>>",0,0,0,0,0,0,0,0,106400976,0,0,0,0,0,0,0,0,0,0,0,0,0,4626268,0,0,0,0,0,0,0,0,0,0,0,0,0,0,0,0,0,0,0,0,0,0,0,0,0,0,0,0,0,0,0,0,0,0,0,0,0,0,0,0,0,0,0,0,0,0,0,0,0,0,0,0,0,0,0,0,0,0,0,0,0,0,0,0,0,0,0,md-flexible,"__gnu_cxx::operator-<unsigned long*, std::vector<unsigned long, autopas::AlignedAllocator<unsigned long, (unsigned long)64>>>(__gnu_cxx::__normal_iterator<unsigned long*, std::vector<unsigned long, autopas::AlignedAllocator<unsigned long, (unsigned long)64>>> const&, __gnu_cxx::__normal_iterator<unsigned long*, std::vector<unsigned long, autopas::AlignedAllocator<unsigned long, (unsigned long)64>>> const&)",stl_iterator.h,0x54058a
__printf_buffer_write,0,0,0,0,0,0,0,0,0,0,0,0,0,0,0,0,0,0,0,0,0,0,0,0,0,0,46261433,0,0,0,0,0,0,0,0,0,0,0,0,0,0,0,0,0,0,0,0,0,0,0,0,0,0,0,0,0,0,0,0,0,0,0,0,0,0,0,0,0,0,0,0,0,0,0,0,0,0,0,0,0,0,0,0,0,0,0,0,0,0,0,libc.so.6,__printf_buffer_write,[Unknown],0x6ff5e
_dl_check_map_versions,0,11500000,0,0,0,0,0,0,0,0,0,0,0,0,0,0,0,0,0,0,0,0,0,0,0,0,0,0,0,0,0,0,0,0,0,0,0,0,0,0,0,0,0,0,0,0,0,0,0,0,0,0,0,0,0,0,0,0,0,0,0,0,0,0,0,0,0,0,0,0,0,0,0,0,0,0,0,0,0,0,0,0,0,0,0,0,0,0,0,0,ld-linux-x86-64.so.2,_dl_check_map_versions,[Unknown],0x1533e
_dl_relocate_object,0,0,0,0,0,0,0,0,106400976,0,0,0,0,0,0,0,0,0,0,0,0,0,0,0,0,0,0,0,0,0,0,0,0,0,0,0,0,0,0,0,0,0,0,0,0,0,0,0,0,0,0,0,0,0,0,0,0,0,0,0,0,0,0,0,0,0,0,0,0,0,0,0,0,0,0,0,0,0,0,0,0,0,0,0,0,0,0,0,0,0,ld-linux-x86-64.so.2,_dl_relocate_object,[Unknown],0xff4e
_int_free_maybe_consolidate.part.0,0,11500000,0,50000016,4626268,0,0,0,0,0,0,0,0,0,0,0,0,0,0,0,0,0,0,0,0,0,0,0,0,0,0,0,0,0,0,0,0,0,0,0,0,0,0,0,0,0,0,0,0,0,0,0,0,0,0,0,0,0,0,0,0,0,0,0,0,0,0,0,0,0,0,0,0,0,0,0,32383876,0,0,0,0,0,0,0,0,0,0,0,0,0,libc.so.6,_int_free_maybe_consolidate.part.0,[Unknown],0xb576e
_mm256_add_pd,0,69000000,0,0,0,0,0,0,106400976,0,92522727,46261433,0,0,46261433,0,0,0,0,0,0,0,4626268,9252536,0,0,0,0,0,0,0,0,0,462613090,0,0,0,0,0,0,4626268,0,0,0,0,0,0,0,0,0,0,0,0,0,0,0,0,0,0,0,0,0,0,92522866,0,0,0,0,0,0,0,0,0,0,0,0,0,0,0,0,0,80500000,0,0,0,0,0,0,0,0,md-flexible,_mm256_add_pd,avxintrin.h,0x555aaa
_mm256_add_pd,0,92000000,0,100000032,0,0,0,0,0,0,92522727,92522866,0,0,0,0,0,46261433,0,0,0,0,0,0,0,0,0,0,0,0,0,0,0,462613090,277568181,0,0,0,0,0,0,0,0,0,0,0,0,0,0,0,0,0,0,0,0,0,0,0,0,0,0,0,46261433,0,0,0,0,0,0,0,0,0,0,0,0,0,0,0,0,0,0,0,0,0,0,0,0,0,0,0,md-flexible,_mm256_add_pd,avxintrin.h,0x555ac4
_mm256_and_pd,0,11500000,0,50000016,0,0,0,0,106400976,0,0,0,0,0,46261433,0,46261433,0,0,0,0,0,0,0,0,0,0,0,0,0,0,0,0,0,0,0,0,0,0,0,0,0,0,0,0,0,0,0,0,0,0,0,0,0,0,0,0,0,0,0,0,0,0,0,0,0,0,0,0,0,0,0,0,0,0,0,0,0,0,0,0,0,0,0,0,0,0,0,0,0,md-flexible,_mm256_and_pd,avxintrin.h,0x555ad2
_mm256_broadcast_sd,0,0,0,0,0,0,0,0,0,462751,0,0,0,0,0,0,0,0,0,0,0,0,0,0,0,0,0,0,0,0,0,0,0,0,0,0,0,0,0,0,0,0,0,0,0,0,0,0,0,0,0,0,0,0,0,0,0,0,0,0,0,0,0,0,0,0,0,0,0,3239257,0,0,0,0,0,0,0,0,0,0,0,0,0,0,0,0,0,0,0,0,md-flexible,_mm256_broadcast_sd,avxintrin.h,0x5556e1
_mm256_cmp_pd,0,0,0,0,0,0,0,0,0,0,92522727,0,0,0,0,0,0,0,0,0,0,0,0,0,0,0,0,0,0,0,0,0,0,0,0,0,0,0,0,0,0,0,0,0,0,0,0,0,0,0,0,0,0,0,0,0,0,9252397,9252397,0,0,0,0,0,0,0,0,0,0,0,0,0,0,0,0,647667790,0,0,0,0,425610262,0,0,0,0,0,0,0,0,0,md-flexible,_mm256_cmp_pd,avxintrin.h,0x555ab4
_mm256_cmp_pd,0,46000000,0,100000032,0,0,18505072,0,106400976,6015763,92522727,138784299,0,0,0,0,0,0,0,0,0,0,0,0,0,0,0,0,0,0,0,0,0,0,0,0,0,0,0,0,4626268,0,0,0,0,0,0,0,0,0,0,0,0,0,0,0,0,0,0,0,0,0,0,0,0,0,0,0,0,1342903402,0,0,0,647659089,0,0,0,0,0,0,0,0,0,0,0,0,0,0,0,0,md-flexible,_mm256_cmp_pd,avxintrin.h,0x55580d
_mm256_sub_pd,0,11500000,0,0,0,0,111030432,0,0,4164759,0,46261433,0,0,0,0,0,0,0,0,0,0,0,4626268,0,0,0,0,0,0,0,0,0,0,0,0,0,0,0,0,4626268,0,0,0,0,0,0,0,0,0,0,0,0,0,0,0,0,0,0,0,0,0,0,0,0,0,0,0,0,872748386,0,0,0,0,0,0,0,0,0,0,0,0,0,0,0,0,0,0,0,0,md-flexible,_mm256_sub_pd,avxintrin.h,0x5557f8
_mm256_sub_pd,0,69000000,0,50000016,0,0,0,0,106400976,0,0,92522866,0,0,92522866,0,0,0,0,0,0,0,0,4626268,0,0,138784299,0,0,0,0,0,0,0,0,0,0,0,0,0,0,0,0,0,0,0,0,0,0,0,0,0,0,0,0,0,0,0,0,0,0,0,46261433,0,0,0,0,0,0,0,0,0,0,0,0,0,0,0,0,0,0,0,0,0,0,0,0,0,0,0,md-flexible,_mm256_sub_pd,avxintrin.h,0x555a8d
aligned_alloc,0,23000000,0,0,0,0,0,0,0,0,0,0,0,0,0,0,0,0,0,0,0,0,0,0,0,0,0,0,0,0,0,0,0,0,0,0,0,0,0,0,0,0,0,0,0,0,0,0,0,0,0,0,0,0,0,0,0,0,0,0,0,0,0,0,0,0,0,0,0,0,0,0,0,0,0,0,0,0,0,0,0,0,0,0,0,0,0,0,0,0,libc.so.6,aligned_alloc,[Unknown],0xb909e
"autopas::AlignedAllocator<unsigned long, (unsigned long)64>::construct<unsigned long, unsigned long>",0,0,0,0,4626268,9252536,0,0,0,0,0,0,0,0,0,0,0,0,0,0,0,0,0,0,0,0,0,0,0,0,0,0,0,0,0,0,0,0,0,0,0,0,0,0,0,0,0,0,0,0,0,0,0,0,0,0,0,0,0,0,0,0,0,0,0,0,0,0,0,0,0,0,0,0,0,0,106404164,0,0,0,0,0,0,0,0,0,0,0,0,0,md-flexible,"autopas::AlignedAllocator<unsigned long, (unsigned long)64>::construct<unsigned long, unsigned long>(unsigned long*, unsigned long&&)",AlignedAllocator.h,0x537a40
"autopas::AlignedAllocator<unsigned long, (unsigned long)64>::construct<unsigned long>",0,0,0,50000016,0,0,0,0,0,0,0,0,0,0,0,0,0,0,0,0,0,0,0,0,0,0,0,0,0,0,0,0,0,0,0,0,0,0,0,0,0,0,0,0,0,0,0,0,0,0,0,0,0,0,0,0,0,0,0,0,0,0,0,0,0,0,0,0,0,0,0,0,0,0,0,0,0,0,0,0,0,0,0,0,0,0,0,0,0,0,md-flexible,"autopas::AlignedAllocator<unsigned long, (unsigned long)64>::construct<unsigned long>(unsigned long*)",AlignedAllocator.h,0x537a24
autopas::ContainerSelectorInfo::ContainerSelectorInfo,0,0,0,0,0,0,0,0,0,0,0,0,0,0,0,0,0,0,0,0,0,0,0,0,0,0,0,0,0,0,0,0,0,0,0,0,46261433,0,0,0,0,0,0,0,0,0,0,0,0,0,0,0,0,0,0,0,0,0,0,0,0,0,0,0,0,0,0,0,0,0,0,0,0,0,0,0,0,0,0,0,0,0,0,0,0,0,0,0,0,0,md-flexible,"autopas::ContainerSelectorInfo::ContainerSelectorInfo(std::array<double, (unsigned long)3> const&, std::array<double, (unsigned long)3> const&, double, double, double, unsigned int, unsigned long, autopas::LoadEstimatorOption, autopas::VerletParticleSortingConfig)",ContainerSelectorInfo.h,0x5a6d79
autopas::LinkedCellsReferences<mdLib::MoleculeLJ>::updateDirtyParticleReferences,0,0,0,0,0,0,0,0,0,0,0,0,0,0,0,0,0,0,0,0,0,0,0,0,0,0,0,0,0,0,0,0,0,0,92522727,0,0,0,0,0,0,0,0,0,0,0,0,0,0,0,0,0,0,0,0,0,0,0,0,0,0,0,0,0,0,0,0,0,0,0,0,0,0,0,0,0,0,0,0,0,0,0,0,0,0,0,0,0,0,0,md-flexible,autopas::LinkedCellsReferences<mdLib::MoleculeLJ>::updateDirtyParticleReferences(void),LinkedCellsReferences.h,0x546716
autopas::LinkedCellsReferences<mdLib::MoleculeLJ>::updateDirtyParticleReferences,0,11500000,0,0,0,0,0,0,0,0,0,0,0,0,0,0,0,0,0,0,0,0,0,0,0,0,0,0,0,0,0,0,0,0,0,0,92522866,0,0,0,0,0,0,0,0,0,0,0,0,0,0,0,0,0,0,0,0,0,0,0,0,0,0,0,0,0,0,0,0,0,0,0,0,0,0,0,0,0,0,0,0,0,0,0,0,0,0,0,0,0,md-flexible,autopas::LinkedCellsReferences<mdLib::MoleculeLJ>::updateDirtyParticleReferences(void),LinkedCellsReferences.h,0x546b1e
"autopas::ParticleBase<double, unsigned long>::ParticleBase",0,0,0,0,0,0,0,0,0,0,0,0,0,0,0,0,0,0,0,0,0,0,0,0,0,0,0,0,0,0,0,0,0,0,92522727,0,0,0,0,0,0,0,0,0,0,0,0,0,0,0,0,0,0,0,0,0,0,0,0,0,0,0,0,0,0,0,0,0,0,0,0,0,0,0,0,0,0,0,0,0,0,0,0,0,0,0,0,0,0,0,md-flexible,"autopas::ParticleBase<double, unsigned long>::ParticleBase(autopas::ParticleBase<double, unsigned long> const&)",ParticleBase.h,0x545b10
"autopas::ParticleBase<double, unsigned long>::ParticleBase",0,0,0,50000016,0,0,0,0,0,0,0,0,0,0,0,0,0,0,0,0,0,0,0,0,0,0,0,0,0,0,0,0,0,0,0,0,0,0,0,0,0,0,0,0,0,0,0,0,0,0,0,0,0,0,0,0,0,0,0,0,0,0,0,0,0,0,0,0,0,0,0,0,0,0,0,0,0,0,0,0,0,0,0,0,0,0,0,0,0,0,md-flexible,"autopas::ParticleBase<double, unsigned long>::ParticleBase(autopas::ParticleBase<double, unsigned long> const&)",ParticleBase.h,0x4433f3
"autopas::ParticleBase<double, unsigned long>::ParticleBase",0,0,0,0,0,0,0,0,0,462751,0,0,0,0,0,0,0,0,0,0,0,0,0,0,0,0,0,0,0,0,0,0,0,0,0,0,0,0,0,0,0,0,0,0,0,0,0,0,0,0,0,0,0,0,0,0,0,0,0,0,0,0,0,0,0,0,0,0,0,3239257,0,0,0,0,0,0,0,0,0,0,0,0,0,0,0,0,0,0,0,0,md-flexible,"autopas::ParticleBase<double, unsigned long>::ParticleBase(autopas::ParticleBase<double, unsigned long> const&)",ParticleBase.h,0x443348
"autopas::ParticleBase<double, unsigned long>::ParticleBase",0,11500000,0,0,0,0,0,0,0,0,0,0,0,0,0,0,0,0,0,0,0,0,0,0,0,0,0,0,0,0,0,0,0,0,0,0,0,0,0,0,0,0,0,0,0,0,0,0,0,0,0,0,0,0,0,0,0,0,0,0,0,0,0,0,0,0,0,0,0,0,0,0,0,0,0,0,0,0,0,0,0,0,0,0,0,0,0,0,0,0,md-flexible,"autopas::ParticleBase<double, unsigned long>::ParticleBase(autopas::ParticleBase<double, unsigned long> const&)",ParticleBase.h,0x51c9b0
"autopas::ParticleBase<double, unsigned long>::isDummy",0,11500000,0,50000016,0,0,0,0,0,0,0,0,0,0,0,0,0,0,0,0,0,0,0,0,0,0,0,0,0,0,0,0,0,0,0,0,92522866,0,0,0,0,0,0,0,0,0,0,0,0,0,0,0,0,0,0,0,0,0,0,0,0,0,0,0,0,0,0,0,0,0,0,0,0,0,0,0,0,0,0,0,0,0,0,0,0,0,0,0,0,0,md-flexible,"autopas::ParticleBase<double, unsigned long>::isDummy(void) const",ParticleBase.h,0x500e28
"autopas::ParticleBase<double, unsigned long>::isDummy",0,23000000,0,50000016,0,0,4626268,0,0,0,0,0,0,0,92522866,138784299,46261433,0,0,0,0,0,0,4626268,0,0,0,0,0,0,0,0,0,0,0,0,0,0,0,0,0,0,0,0,0,0,0,0,0,0,0,0,0,0,0,0,0,0,0,0,0,0,0,46261433,0,0,0,0,0,0,0,0,0,0,0,0,0,0,0,0,0,0,0,0,0,0,0,0,0,0,md-flexible,"autopas::ParticleBase<double, unsigned long>::isDummy(void) const",ParticleBase.h,0x4fde83
"autopas::ParticleBase<double, unsigned long>::isDummy",0,11500000,0,50000016,0,0,0,0,0,0,0,0,0,0,0,0,0,0,0,0,0,0,0,0,0,0,0,0,0,0,0,0,0,462613090,0,0,0,0,0,0,0,0,0,0,0,0,0,0,0,0,0,0,0,0,0,0,0,0,0,0,0,0,0,0,0,0,0,0,0,0,0,0,0,0,0,0,0,0,0,0,0,0,0,0,0,0,0,0,0,0,md-flexible,"autopas::ParticleBase<double, unsigned long>::isDummy(void) const",ParticleBase.h,0x530690
"autopas::ParticleBase<double, unsigned long>::isDummy",0,0,0,0,0,0,0,0,0,0,0,0,0,0,0,0,0,0,0,0,0,0,0,0,0,0,0,0,0,0,0,0,0,0,92522727,0,46261433,0,0,0,0,0,0,0,0,0,0,0,0,0,0,0,0,0,0,0,0,0,0,0,0,0,46261433,0,0,0,0,0,0,0,0,0,0,0,0,0,0,0,0,0,0,0,0,0,0,0,0,0,0,0,md-flexible,"autopas::ParticleBase<double, unsigned long>::isDummy(void) const",ParticleBase.h,0x505446
"autopas::ParticleBase<double, unsigned long>::operator=",0,0,0,0,0,0,0,0,0,462751,0,0,0,0,0,0,0,0,0,0,0,0,0,0,0,0,0,0,0,0,0,0,0,0,0,0,0,0,0,0,0,0,0,0,0,0,0,0,0,0,0,0,0,0,0,0,0,0,0,0,0,0,0,0,0,0,0,0,0,4164759,0,0,0,0,0,0,0,0,0,0,0,0,0,0,0,0,0,0,0,0,md-flexible,"autopas::ParticleBase<double, unsigned long>::operator=(autopas::ParticleBase<double, unsigned long> const&)",ParticleBase.h,0x545a5c
autopas::ReferenceParticleCell<mdLib::MoleculeLJ>::addParticleReference,0,0,0,100000032,0,0,0,0,0,0,0,0,0,0,0,0,0,0,0,0,0,0,0,0,0,0,0,0,0,0,0,0,0,462613090,0,0,138784299,0,0,0,0,0,0,0,0,0,0,0,0,0,0,0,0,0,0,0,0,0,0,0,0,0,0,0,0,0,0,0,0,0,0,0,0,0,0,0,0,0,0,0,0,0,0,0,0,0,0,0,0,0,md-flexible,autopas::ReferenceParticleCell<mdLib::MoleculeLJ>::addParticleReference(mdLib::MoleculeLJ*),ReferenceParticleCell.h,0x41b324
autopas::ReferenceParticleCell<mdLib::MoleculeLJ>::deleteDummyParticles,0,23000000,0,50000016,0,0,0,0,0,0,0,0,0,0,0,0,0,0,0,0,46261433,0,0,0,0,0,0,0,0,0,0,0,0,462613090,0,46261433,185045732,0,0,0,0,0,0,0,0,0,0,0,0,0,0,0,0,0,0,0,0,0,0,0,0,0,0,46261433,0,0,0,0,0,0,0,0,0,0,0,0,0,0,0,0,0,0,0,0,0,0,0,0,0,0,md-flexible,autopas::ReferenceParticleCell<mdLib::MoleculeLJ>::deleteDummyParticles(void),ReferenceParticleCell.h,0x5053e0
autopas::ReferenceParticleCell<mdLib::MoleculeLJ>::operator[],0,0,0,0,13878804,0,0,0,0,0,0,0,0,0,0,0,0,0,0,0,0,0,0,0,0,0,0,0,0,0,0,0,0,0,0,0,0,0,0,0,0,0,0,0,0,0,0,0,0,0,0,0,0,0,0,0,0,0,0,0,0,0,0,0,0,0,0,0,0,0,0,0,0,0,0,0,730950344,0,0,0,0,0,0,0,0,0,0,0,0,0,md-flexible,autopas::ReferenceParticleCell<mdLib::MoleculeLJ>::operator[](unsigned long) const,ReferenceParticleCell.h,0x5393b0
"autopas::SoAView<std::tuple<std::vector<mdLib::MoleculeLJ*, autopas::AlignedAllocator<mdLib::MoleculeLJ*, (unsigned long)64>>, std::vector<unsigned long, autopas::AlignedAllocator<unsigned long, (unsigned long)64>>, std::vector<double, autopas::AlignedAllocator<double, (unsigned long)64>>, std::vector<double, autopas::AlignedAllocator<double, (unsigned long)64>>, std::vector<double, autopas::AlignedAllocator<double, (unsigned long)64>>, std::vector<double, autopas::AlignedAllocator<double, (unsigned long)64>>, std::vector<double, autopas::AlignedAllocator<double, (unsigned long)64>>, std::vector<double, autopas::AlignedAllocator<double, (unsigned long)64>>, std::vector<double, autopas::AlignedAllocator<double, (unsigned long)64>>, std::vector<double, autopas::AlignedAllocator<double, (unsigned long)64>>, std::vector<double, autopas::AlignedAllocator<double, (unsigned long)64>>, std::vector<double, autopas::AlignedAllocator<double, (unsigned long)64>>, std::vector<double, autopas::AlignedAllocator<double, (unsigned long)64>>, std::vector<double, autopas::AlignedAllocator<double, (unsigned long)64>>, std::vector<unsigned long, autopas::AlignedAllocator<unsigned long, (unsigned long)64>>, std::vector<autopas::OwnershipState, autopas::AlignedAllocator<autopas::OwnershipState, (unsigned long)64>>>>::SoAView",0,0,0,0,0,0,0,0,0,0,0,0,0,0,46261433,0,0,0,0,0,0,0,0,0,0,0,0,0,0,0,0,0,0,0,0,0,0,0,0,0,0,0,0,0,0,0,0,0,0,0,0,0,0,0,0,0,0,0,0,0,0,0,0,0,0,0,0,0,0,0,0,0,0,0,0,0,0,0,0,0,0,0,0,0,0,0,0,0,0,0,md-flexible,"autopas::SoAView<std::tuple<std::vector<mdLib::MoleculeLJ*, autopas::AlignedAllocator<mdLib::MoleculeLJ*, (unsigned long)64>>, std::vector<unsigned long, autopas::AlignedAllocator<unsigned long, (unsigned long)64>>, std::vector<double, autopas::AlignedAllocator<double, (unsigned long)64>>, std::vector<double, autopas::AlignedAllocator<double, (unsigned long)64>>, std::vector<double, autopas::AlignedAllocator<double, (unsigned long)64>>, std::vector<double, autopas::AlignedAllocator<double, (unsigned long)64>>, std::vector<double, autopas::AlignedAllocator<double, (unsigned long)64>>, std::vector<double, autopas::AlignedAllocator<double, (unsigned long)64>>, std::vector<double, autopas::AlignedAllocator<double, (unsigned long)64>>, std::vector<double, autopas::AlignedAllocator<double, (unsigned long)64>>, std::vector<double, autopas::AlignedAllocator<double, (unsigned long)64>>, std::vector<double, autopas::AlignedAllocator<double, (unsigned long)64>>, std::vector<double, autopas::AlignedAllocator<double, (unsigned long)64>>, std::vector<double, autopas::AlignedAllocator<double, (unsigned long)64>>, std::vector<unsigned long, autopas::AlignedAllocator<unsigned long, (unsigned long)64>>, std::vector<autopas::OwnershipState, autopas::AlignedAllocator<autopas::OwnershipState, (unsigned long)64>>>>::SoAView(autopas::SoA<std::tuple<std::vector<mdLib::MoleculeLJ*, autopas::AlignedAllocator<mdLib::MoleculeLJ*, (unsigned long)64>>, std::vector<unsigned long, autopas::AlignedAllocator<unsigned long, (unsigned long)64>>, std::vector<double, autopas::AlignedAllocator<double, (unsigned long)64>>, std::vector<double, autopas::AlignedAllocator<double, (unsigned long)64>>, std::vector<double, autopas::AlignedAllocator<double, (unsigned long)64>>, std::vector<double, autopas::AlignedAllocator<double, (unsigned long)64>>, std::vector<double, autopas::AlignedAllocator<double, (unsigned long)64>>, std::vector<double, autopas::AlignedAllocator<double, (unsigned long)64>>, std::vector<double, autopas::AlignedAllocator<double, (unsigned long)64>>, std::vector<double, autopas::AlignedAllocator<double, (unsigned long)64>>, std::vector<double, autopas::AlignedAllocator<double, (unsigned long)64>>, std::vector<double, autopas::AlignedAllocator<double, (unsigned long)64>>, std::vector<double, autopas::AlignedAllocator<double, (unsigned long)64>>, std::vector<double, autopas::AlignedAllocator<double, (unsigned long)64>>, std::vector<unsigned long, autopas::AlignedAllocator<unsigned long, (unsigned long)64>>, std::vector<autopas::OwnershipState, autopas::AlignedAllocator<autopas::OwnershipState, (unsigned long)64>>>>&)",SoAView.h,0x54ba83
"autopas::SoAView<std::tuple<std::vector<mdLib::MoleculeLJ*, autopas::AlignedAllocator<mdLib::MoleculeLJ*, (unsigned long)64>>, std::vector<unsigned long, autopas::AlignedAllocator<unsigned long, (unsigned long)64>>, std::vector<double, autopas::AlignedAllocator<double, (unsigned long)64>>, std::vector<double, autopas::AlignedAllocator<double, (unsigned long)64>>, std::vector<double, autopas::AlignedAllocator<double, (unsigned long)64>>, std::vector<double, autopas::AlignedAllocator<double, (unsigned long)64>>, std::vector<double, autopas::AlignedAllocator<double, (unsigned long)64>>, std::vector<double, autopas::AlignedAllocator<double, (unsigned long)64>>, std::vector<double, autopas::AlignedAllocator<double, (unsigned long)64>>, std::vector<double, autopas::AlignedAllocator<double, (unsigned long)64>>, std::vector<double, autopas::AlignedAllocator<double, (unsigned long)64>>, std::vector<double, autopas::AlignedAllocator<double, (unsigned long)64>>, std::vector<double, autopas::AlignedAllocator<double, (unsigned long)64>>, std::vector<double, autopas::AlignedAllocator<double, (unsigned long)64>>, std::vector<unsigned long, autopas::AlignedAllocator<unsigned long, (unsigned long)64>>, std::vector<autopas::OwnershipState, autopas::AlignedAllocator<autopas::OwnershipState, (unsigned long)64>>>>::begin<(unsigned long)3>",0,0,0,0,0,0,0,0,0,925502,0,0,0,0,0,0,0,0,0,0,0,0,0,0,0,0,0,0,0,0,0,0,0,0,0,0,0,0,0,0,0,0,0,0,0,0,0,0,0,0,0,0,0,0,0,0,0,0,0,0,0,0,0,0,0,0,0,0,0,10180522,0,0,0,0,0,0,0,0,0,0,0,0,0,0,0,0,0,0,0,0,md-flexible,"autopas::SoAView<std::tuple<std::vector<mdLib::MoleculeLJ*, autopas::AlignedAllocator<mdLib::MoleculeLJ*, (unsigned long)64>>, std::vector<unsigned long, autopas::AlignedAllocator<unsigned long, (unsigned long)64>>, std::vector<double, autopas::AlignedAllocator<double, (unsigned long)64>>, std::vector<double, autopas::AlignedAllocator<double, (unsigned long)64>>, std::vector<double, autopas::AlignedAllocator<double, (unsigned long)64>>, std::vector<double, autopas::AlignedAllocator<double, (unsigned long)64>>, std::vector<double, autopas::AlignedAllocator<double, (unsigned long)64>>, std::vector<double, autopas::AlignedAllocator<double, (unsigned long)64>>, std::vector<double, autopas::AlignedAllocator<double, (unsigned long)64>>, std::vector<double, autopas::AlignedAllocator<double, (unsigned long)64>>, std::vector<double, autopas::AlignedAllocator<double, (unsigned long)64>>, std::vector<double, autopas::AlignedAllocator<double, (unsigned long)64>>, std::vector<double, autopas::AlignedAllocator<double, (unsigned long)64>>, std::vector<double, autopas::AlignedAllocator<double, (unsigned long)64>>, std::vector<unsigned long, autopas::AlignedAllocator<unsigned long, (unsigned long)64>>, std::vector<autopas::OwnershipState, autopas::AlignedAllocator<autopas::OwnershipState, (unsigned long)64>>>>::begin<(unsigned long)3>(signed char, void)",SoAView.h,0x555688
"autopas::SoAView<std::tuple<std::vector<mdLib::MoleculeLJ*, autopas::AlignedAllocator<mdLib::MoleculeLJ*, (unsigned long)64>>, std::vector<unsigned long, autopas::AlignedAllocator<unsigned long, (unsigned long)64>>, std::vector<double, autopas::AlignedAllocator<double, (unsigned long)64>>, std::vector<double, autopas::AlignedAllocator<double, (unsigned long)64>>, std::vector<double, autopas::AlignedAllocator<double, (unsigned long)64>>, std::vector<double, autopas::AlignedAllocator<double, (unsigned long)64>>, std::vector<double, autopas::AlignedAllocator<double, (unsigned long)64>>, std::vector<double, autopas::AlignedAllocator<double, (unsigned long)64>>, std::vector<double, autopas::AlignedAllocator<double, (unsigned long)64>>, std::vector<double, autopas::AlignedAllocator<double, (unsigned long)64>>, std::vector<double, autopas::AlignedAllocator<double, (unsigned long)64>>, std::vector<double, autopas::AlignedAllocator<double, (unsigned long)64>>, std::vector<double, autopas::AlignedAllocator<double, (unsigned long)64>>, std::vector<double, autopas::AlignedAllocator<double, (unsigned long)64>>, std::vector<unsigned long, autopas::AlignedAllocator<unsigned long, (unsigned long)64>>, std::vector<autopas::OwnershipState, autopas::AlignedAllocator<autopas::OwnershipState, (unsigned long)64>>>>::size",0,0,0,0,0,0,0,0,0,925502,0,0,0,0,0,0,0,0,0,0,0,0,0,0,0,0,0,0,0,0,0,0,0,0,0,0,0,0,0,0,0,0,0,0,0,0,0,0,0,0,0,0,0,0,0,0,0,0,0,0,0,0,0,0,0,0,0,0,0,6478514,0,0,0,0,0,0,0,0,0,0,0,0,0,0,0,0,0,0,0,0,md-flexible,"autopas::SoAView<std::tuple<std::vector<mdLib::MoleculeLJ*, autopas::AlignedAllocator<mdLib::MoleculeLJ*, (unsigned long)64>>, std::vector<unsigned long, autopas::AlignedAllocator<unsigned long, (unsigned long)64>>, std::vector<double, autopas::AlignedAllocator<double, (unsigned long)64>>, std::vector<double, autopas::AlignedAllocator<double, (unsigned long)64>>, std::vector<double, autopas::AlignedAllocator<double, (unsigned long)64>>, std::vector<double, autopas::AlignedAllocator<double, (unsigned long)64>>, std::vector<double, autopas::AlignedAllocator<double, (unsigned long)64>>, std::vector<double, autopas::AlignedAllocator<double, (unsigned long)64>>, std::vector<double, autopas::AlignedAllocator<double, (unsigned long)64>>, std::vector<double, autopas::AlignedAllocator<double, (unsigned long)64>>, std::vector<double, autopas::AlignedAllocator<double, (unsigned long)64>>, std::vector<double, autopas::AlignedAllocator<double, (unsigned long)64>>, std::vector<double, autopas::AlignedAllocator<double, (unsigned long)64>>, std::vector<double, autopas::AlignedAllocator<double, (unsigned long)64>>, std::vector<unsigned long, autopas::AlignedAllocator<unsigned long, (unsigned long)64>>, std::vector<autopas::OwnershipState, autopas::AlignedAllocator<autopas::OwnershipState, (unsigned long)64>>>>::size(void) const",SoAView.h,0x509a12
autopas::VerletListsLinkedReferencesBase<mdLib::MoleculeLJ>::addParticleImpl,0,0,0,0,0,0,0,0,0,0,0,0,0,0,0,0,0,0,0,0,0,0,0,0,0,0,46261433,0,0,0,0,0,0,0,0,0,0,0,0,0,0,0,0,0,0,0,0,0,0,0,0,0,0,0,0,0,0,0,0,0,0,0,0,0,0,0,0,0,0,0,0,0,0,0,0,0,0,0,0,0,0,0,0,0,0,0,0,0,0,0,md-flexible,autopas::VerletListsLinkedReferencesBase<mdLib::MoleculeLJ>::addParticleImpl(mdLib::MoleculeLJ const&),VerletListsLinkedReferencesBase.h,0x51c960
autopas::VerletListsLinkedReferencesBase<mdLib::MoleculeLJ>::sortParticlesByConfiguredKey(void)::{lambda(mdLib::MoleculeLJ const&mdLib::MoleculeLJ const&)#1}::operator(),0,0,0,0,0,0,0,0,0,0,0,0,0,0,0,0,0,0,0,0,0,0,0,0,0,0,0,0,0,0,0,0,0,0,92522727,0,0,0,0,0,0,0,0,0,0,0,0,0,0,0,0,0,0,0,0,0,0,0,0,0,0,0,0,0,0,0,0,0,0,0,0,0,0,0,0,0,0,0,0,0,0,0,0,0,0,0,0,0,0,0,md-flexible,"autopas::VerletListsLinkedReferencesBase<mdLib::MoleculeLJ>::sortParticlesByConfiguredKey(void)::{lambda(mdLib::MoleculeLJ const&mdLib::MoleculeLJ const&)#1}::operator()(mdLib::MoleculeLJ const&, mdLib::MoleculeLJ const&) const",VerletListsLinkedReferencesBase.h,0x546285
autopas::VerletListsLinkedReferencesBase<mdLib::MoleculeLJ>::sortParticlesByConfiguredKey(void)::{lambda(mdLib::MoleculeLJ const&mdLib::MoleculeLJ const&)#1}::operator(),0,0,0,0,0,4626268,0,0,0,0,0,0,0,0,0,0,0,0,0,0,0,0,0,0,0,0,0,0,0,0,0,0,0,0,0,0,0,0,0,0,0,0,0,0,0,0,0,0,0,0,0,0,0,0,0,0,0,0,0,0,0,0,0,0,0,0,0,0,0,0,0,0,0,0,0,0,0,0,0,0,0,0,0,0,0,0,0,0,0,0,md-flexible,"autopas::VerletListsLinkedReferencesBase<mdLib::MoleculeLJ>::sortParticlesByConfiguredKey(void)::{lambda(mdLib::MoleculeLJ const&mdLib::MoleculeLJ const&)#1}::operator()(mdLib::MoleculeLJ const&, mdLib::MoleculeLJ const&) const",VerletListsLinkedReferencesBase.h,0x5459f8
autopas::VerletListsLinkedReferencesBase<mdLib::MoleculeLJ>::sortParticlesByConfiguredKey(void)::{lambda(mdLib::MoleculeLJ const&mdLib::MoleculeLJ const&)#1}::operator(),0,11500000,0,0,0,0,0,0,0,0,0,0,0,0,0,0,0,0,0,0,0,0,0,0,0,0,0,0,0,0,0,0,0,0,0,0,0,0,0,0,0,0,0,0,0,0,0,0,0,0,0,0,0,0,0,0,0,0,0,0,0,0,0,0,0,0,0,0,0,0,0,0,0,0,0,0,0,0,0,0,0,0,0,0,0,0,0,0,0,0,md-flexible,"autopas::VerletListsLinkedReferencesBase<mdLib::MoleculeLJ>::sortParticlesByConfiguredKey(void)::{lambda(mdLib::MoleculeLJ const&mdLib::MoleculeLJ const&)#1}::operator()(mdLib::MoleculeLJ const&, mdLib::MoleculeLJ const&) const",VerletListsLinkedReferencesBase.h,0x5461f2
autopas::internal::CellBlock3D<autopas::ReferenceParticleCell<mdLib::MoleculeLJ>>::cellCanContainHaloParticles,0,0,0,0,0,0,0,0,0,0,0,0,0,0,46261433,0,0,0,0,0,0,0,0,0,0,0,0,0,0,0,0,0,0,0,0,0,0,0,0,0,0,0,0,0,0,0,0,0,0,0,0,0,0,0,0,0,0,0,0,0,0,0,0,0,0,0,0,0,0,0,0,0,0,0,0,0,0,0,0,0,0,0,0,0,0,0,0,0,0,0,md-flexible,autopas::internal::CellBlock3D<autopas::ReferenceParticleCell<mdLib::MoleculeLJ>>::cellCanContainHaloParticles(unsigned long) const,CellBlock3D.h,0x4fdd7d
autopas::internal::CellBlock3D<autopas::ReferenceParticleCell<mdLib::MoleculeLJ>>::cellCanContainHaloParticles,0,0,0,0,4626268,0,0,0,0,462751,0,0,0,0,0,0,0,0,0,0,0,0,0,0,0,0,0,0,0,0,0,0,0,0,0,0,0,0,0,0,0,0,0,0,0,0,0,0,0,0,0,0,0,0,0,0,0,0,0,0,0,0,0,0,0,0,0,0,0,3239257,0,0,0,0,0,0,32383876,0,0,0,0,0,0,0,0,0,0,0,0,0,md-flexible,autopas::internal::CellBlock3D<autopas::ReferenceParticleCell<mdLib::MoleculeLJ>>::cellCanContainHaloParticles(unsigned long) const,CellBlock3D.h,0x539299
autopas::internal::CellBlock3D<autopas::ReferenceParticleCell<mdLib::MoleculeLJ>>::clearHaloCells,0,0,0,0,0,0,0,0,0,0,0,0,0,0,0,0,0,0,0,0,0,0,0,0,0,0,0,0,0,0,46261433,0,0,0,0,0,0,0,0,0,0,0,0,0,0,0,0,0,0,0,0,0,0,0,0,0,0,0,0,0,0,0,0,0,0,0,0,0,0,0,0,0,0,0,0,0,0,0,0,0,0,0,0,0,0,0,0,0,0,0,md-flexible,autopas::internal::CellBlock3D<autopas::ReferenceParticleCell<mdLib::MoleculeLJ>>::clearHaloCells(void),CellBlock3D.h,0x5300e0
"autopas::internal::CellFunctor<autopas::ReferenceParticleCell<mdLib::MoleculeLJ>, autopas::VerletListHelpers<mdLib::MoleculeLJ>::VerletListGeneratorFunctor, (bool)1>::processCellPairSoAImpl",0,11500000,0,50000016,0,0,0,0,0,0,0,0,0,0,46261433,0,0,0,0,0,0,0,0,0,0,4626453,46261433,0,0,0,0,0,0,0,0,0,0,0,0,0,0,0,0,0,0,0,0,0,0,0,0,0,0,0,0,0,0,0,9252397,0,0,0,0,46261433,46261433,0,0,0,0,0,0,0,0,0,0,0,0,0,0,0,64766779,0,0,0,0,0,0,0,0,0,md-flexible,"autopas::internal::CellFunctor<autopas::ReferenceParticleCell<mdLib::MoleculeLJ>, autopas::VerletListHelpers<mdLib::MoleculeLJ>::VerletListGeneratorFunctor, (bool)1>::processCellPairSoAImpl(autopas::ReferenceParticleCell<mdLib::MoleculeLJ>&, autopas::ReferenceParticleCell<mdLib::MoleculeLJ>&)",CellFunctor.h,0x54b9d0
autopas::utils::ThreeDimensionalMapping::oneToThreeD<unsigned long>,0,11500000,0,0,0,0,0,0,0,0,0,0,0,0,0,0,0,0,0,0,0,0,0,0,0,0,0,0,0,0,0,0,0,0,0,0,0,0,0,0,0,0,0,0,0,0,0,0,0,0,0,0,0,0,0,0,0,0,0,0,0,0,0,0,0,0,0,0,0,0,0,0,0,0,0,0,0,0,0,0,0,0,0,0,0,0,0,0,0,0,md-flexible,"autopas::utils::ThreeDimensionalMapping::oneToThreeD<unsigned long>(unsigned long, std::array<unsigned long, (unsigned long)3> const&)",ThreeDimensionalMapping.h,0x5392a9
"autopas::utils::TupleUtils::for_each<std::tuple<std::vector<mdLib::MoleculeLJ*, autopas::AlignedAllocator<mdLib::MoleculeLJ*, (unsigned long)64>>, std::vector<unsigned long, autopas::AlignedAllocator<unsigned long, (unsigned long)64>>, std::vector<double, autopas::AlignedAllocator<double, (unsigned long)64>>, std::vector<double, autopas::AlignedAllocator<double, (unsigned long)64>>, std::vector<double, autopas::AlignedAllocator<double, (unsigned long)64>>, std::vector<double, autopas::AlignedAllocator<double, (unsigned long)64>>, std::vector<double, autopas::AlignedAllocator<double, (unsigned long)64>>, std::vector<double, autopas::AlignedAllocator<double, (unsigned long)64>>, std::vector<double, autopas::AlignedAllocator<double, (unsigned long)64>>, std::vector<double, autopas::AlignedAllocator<double, (unsigned long)64>>, std::vector<double, autopas::AlignedAllocator<double, (unsigned long)64>>, std::vector<double, autopas::AlignedAllocator<double, (unsigned long)64>>, std::vector<double, autopas::AlignedAllocator<double, (unsigned long)64>>, std::vector<double, autopas::AlignedAllocator<double, (unsigned long)64>>, std::vector<unsigned long, autopas::AlignedAllocator<unsigned long, (unsigned long)64>>, std::vector<autopas::OwnershipState, autopas::AlignedAllocator<autopas::OwnershipState, (unsigned long)64>>>&, autopas::SoA<std::tuple<std::vector<mdLib::MoleculeLJ*, autopas::AlignedAllocator<mdLib::MoleculeLJ*, (unsigned long)64>>, std::vector<unsigned long, autopas::AlignedAllocator<unsigned long, (unsigned long)64>>, std::vector<double, autopas::AlignedAllocator<double, (unsigned long)64>>, std::vector<double, autopas::AlignedAllocator<double, (unsigned long)64>>, std::vector<double, autopas::AlignedAllocator<double, (unsigned long)64>>, std::vector<double, autopas::AlignedAllocator<double, (unsigned long)64>>, std::vector<double, autopas::AlignedAllocator<double, (unsigned long)64>>, std::vector<double, autopas::AlignedAllocator<double, (unsigned long)64>>, std::vector<double, autopas::AlignedAllocator<double, (unsigned long)64>>, std::vector<double, autopas::AlignedAllocator<double, (unsigned long)64>>, std::vector<double, autopas::AlignedAllocator<double, (unsigned long)64>>, std::vector<double, autopas::AlignedAllocator<double, (unsigned long)64>>, std::vector<double, autopas::AlignedAllocator<double, (unsigned long)64>>, std::vector<double, autopas::AlignedAllocator<double, (unsigned long)64>>, std::vector<unsigned long, autopas::AlignedAllocator<unsigned long, (unsigned long)64>>, std::vector<autopas::OwnershipState, autopas::AlignedAllocator<autopas::OwnershipState, (unsigned long)64>>>>::resizeArrays(unsigned long)::{lambda(std::tuple<std::vector<mdLib::MoleculeLJ*, autopas::AlignedAllocator<mdLib::MoleculeLJ*, (unsigned long)64>>, std::vector<unsigned long, autopas::AlignedAllocator<unsigned long, (unsigned long)64>>, std::vector<double, autopas::AlignedAllocator<double, (unsigned long)64>>, std::vector<double, autopas::AlignedAllocator<double, (unsigned long)64>>, std::vector<double, autopas::AlignedAllocator<double, (unsigned long)64>>, std::vector<double, autopas::AlignedAllocator<double, (unsigned long)64>>, std::vector<double, autopas::AlignedAllocator<double, (unsigned long)64>>, std::vector<double, autopas::AlignedAllocator<double, (unsigned long)64>>, std::vector<double, autopas::AlignedAllocator<double, (unsigned long)64>>, std::vector<double, autopas::AlignedAllocator<double, (unsigned long)64>>, std::vector<double, autopas::AlignedAllocator<double, (unsigned long)64>>, std::vector<double, autopas::AlignedAllocator<double, (unsigned long)64>>, std::vector<double, autopas::AlignedAllocator<double, (unsigned long)64>>, std::vector<double, autopas::AlignedAllocator<double, (unsigned long)64>>, std::vector<unsigned long, autopas::AlignedAllocator<unsigned long, (unsigned long)64>>, std::vector<autopas::OwnershipState, autopas::AlignedAllocator<autopas::OwnershipState, (unsigned long)64>>>&&)#1}&>(std::tuple<std::vector<mdLib::MoleculeLJ*, autopas::AlignedAllocator<mdLib::MoleculeLJ*, (unsigned long)64>>, std::vector<unsigned long, autopas::AlignedAllocator<unsigned long, (unsigned long)64>>, std::vector<double, autopas::AlignedAllocator<double, (unsigned long)64>>, std::vector<double, autopas::AlignedAllocator<double, (unsigned long)64>>, std::vector<double, autopas::AlignedAllocator<double, (unsigned long)64>>, std::vector<double, autopas::AlignedAllocator<double, (unsigned long)64>>, std::vector<double, autopas::AlignedAllocator<double, (unsigned long)64>>, std::vector<double, autopas::AlignedAllocator<double, (unsigned long)64>>, std::vector<double, autopas::AlignedAllocator<double, (unsigned long)64>>, std::vector<double, autopas::AlignedAllocator<double, (unsigned long)64>>, std::vector<double, autopas::AlignedAllocator<double, (unsigned long)64>>, std::vector<double, autopas::AlignedAllocator<double, (unsigned long)64>>, std::vector<double, autopas::AlignedAllocator<double, (unsigned long)64>>, std::vector<double, autopas::AlignedAllocator<double, (unsigned long)64>>, std::vector<unsigned long, autopas::AlignedAllocator<unsigned long, (unsigned long)64>>, std::vector<autopas::OwnershipState, autopas::AlignedAllocator<autopas::OwnershipState, (unsigned long)64>>>&&&, autopas::SoA<std::tuple<std::vector<mdLib::MoleculeLJ*, autopas::AlignedAllocator<mdLib::MoleculeLJ*, (unsigned long)64>>, std::vector<unsigned long, autopas::AlignedAllocator<unsigned long, (unsigned long)64>>, std::vector<double, autopas::AlignedAllocator<double, (unsigned long)64>>, std::vector<double, autopas::AlignedAllocator<double, (unsigned long)64>>, std::vector<double, autopas::AlignedAllocator<double, (unsigned long)64>>, std::vector<double, autopas::AlignedAllocator<double, (unsigned long)64>>, std::vector<double, autopas::AlignedAllocator<double, (unsigned long)64>>, std::vector<double, autopas::AlignedAllocator<double, (unsigned long)64>>, std::vector<double, autopas::AlignedAllocator<double, (unsigned long)64>>, std::vector<double, autopas::AlignedAllocator<double, (unsigned long)64>>, std::vector<double, autopas::AlignedAllocator<double, (unsigned long)64>>, std::vector<double, autopas::AlignedAllocator<double, (unsigned long)64>>, std::vector<double, autopas::AlignedAllocator<double, (unsigned long)64>>, std::vector<double, autopas::AlignedAllocator<double, (unsigned long)64>>, std::vector<unsigned long, autopas::AlignedAllocator<unsigned long, (unsigned long)64>>, std::vector<autopas::OwnershipState, autopas::AlignedAllocator<autopas::OwnershipState, (unsigned long)64>>>>::resizeArrays(unsigned long)::{lambda(std::tuple<std::vector<mdLib::MoleculeLJ*, autopas::AlignedAllocator<mdLib::MoleculeLJ*, (unsigned long)64>>, std::vector<unsigned long, autopas::AlignedAllocator<unsigned long, (unsigned long)64>>, std::vector<double, autopas::AlignedAllocator<double, (unsigned long)64>>, std::vector<double, autopas::AlignedAllocator<double, (unsigned long)64>>, std::vector<double, autopas::AlignedAllocator<double, (unsigned long)64>>, std::vector<double, autopas::AlignedAllocator<double, (unsigned long)64>>, std::vector<double, autopas::AlignedAllocator<double, (unsigned long)64>>, std::vector<double, autopas::AlignedAllocator<double, (unsigned long)64>>, std::vector<double, autopas::AlignedAllocator<double, (unsigned long)64>>, std::vector<double, autopas::AlignedAllocator<double, (unsigned long)64>>, std::vector<double, autopas::AlignedAllocator<double, (unsigned long)64>>, std::vector<double, autopas::AlignedAllocator<double, (unsigned long)64>>, std::vector<double, autopas::AlignedAllocator<double, (unsigned long)64>>, std::vector<double, autopas::AlignedAllocator<double, (unsigned long)64>>, std::vector<unsigned long, autopas::AlignedAllocator<unsigned long, (unsigned long)64>>, std::vector<autopas::OwnershipState, autopas::AlignedAllocator<autopas::OwnershipState, (unsigned long)64>>>&&)#1}&&&)::{lambda(std::tuple<std::vector<mdLib::MoleculeLJ*, autopas::AlignedAllocator<mdLib::MoleculeLJ*, (unsigned long)64>>, std::vector<unsigned long, autopas::AlignedAllocator<unsigned long, (unsigned long)64>>, std::vector<double, autopas::AlignedAllocator<double, (unsigned long)64>>, std::vector<double, autopas::AlignedAllocator<double, (unsigned long)64>>, std::vector<double, autopas::AlignedAllocator<double, (unsigned long)64>>, std::vector<double, autopas::AlignedAllocator<double, (unsigned long)64>>, std::vector<double, autopas::AlignedAllocator<double, (unsigned long)64>>, std::vector<double, autopas::AlignedAllocator<double, (unsigned long)64>>, std::vector<double, autopas::AlignedAllocator<double, (unsigned long)64>>, std::vector<double, autopas::AlignedAllocator<double, (unsigned long)64>>, std::vector<double, autopas::AlignedAllocator<double, (unsigned long)64>>, std::vector<double, autopas::AlignedAllocator<double, (unsigned long)64>>, std::vector<double, autopas::AlignedAllocator<double, (unsigned long)64>>, std::vector<double, autopas::AlignedAllocator<double, (unsigned long)64>>, std::vector<unsigned long, autopas::AlignedAllocator<unsigned long, (unsigned long)64>>, std::vector<autopas::OwnershipState, autopas::AlignedAllocator<autopas::OwnershipState, (unsigned long)64>>>&&)#1}::operator()<std::vector<mdLib::MoleculeLJ*, autopas::AlignedAllocator<mdLib::MoleculeLJ*, (unsigned long)64>>, std::vector<unsigned long, autopas::AlignedAllocator<unsigned long, (unsigned long)64>>, std::vector<double, autopas::AlignedAllocator<double, (unsigned long)64>>, std::vector<double, autopas::AlignedAllocator<double, (unsigned long)64>>, std::vector<double, autopas::AlignedAllocator<double, (unsigned long)64>>, std::vector<double, autopas::AlignedAllocator<double, (unsigned long)64>>, std::vector<double, autopas::AlignedAllocator<double, (unsigned long)64>>, std::vector<double, autopas::AlignedAllocator<double, (unsigned long)64>>, std::vector<double, autopas::AlignedAllocator<double, (unsigned long)64>>, std::vector<double, autopas::AlignedAllocator<double, (unsigned long)64>>, std::vector<double, autopas::AlignedAllocator<double, (unsigned long)64>>, std::vector<double, autopas::AlignedAllocator<double, (unsigned long)64>>, std::vector<double, autopas::AlignedAllocator<double, (unsigned long)64>>, std::vector<double, autopas::AlignedAllocator<double, (unsigned long)64>>, std::vector<unsigned long, autopas::AlignedAllocator<unsigned long, (unsigned long)64>>, std::vector<autopas::OwnershipState, autopas::AlignedAllocator<autopas::OwnershipState, (unsigned long)64>>>",0,0,0,50000016,0,0,0,0,0,0,0,0,0,0,0,46261433,0,0,0,0,0,0,0,0,0,0,0,0,0,0,0,0,0,0,0,0,0,0,0,0,0,0,0,0,0,0,0,0,0,0,0,0,0,0,0,0,0,0,0,0,0,0,0,0,0,0,0,0,0,0,0,0,0,0,0,0,0,0,0,0,0,0,0,0,0,0,0,0,0,0,md-flexible,"autopas::utils::TupleUtils::for_each<std::tuple<std::vector<mdLib::MoleculeLJ*, autopas::AlignedAllocator<mdLib::MoleculeLJ*, (unsigned long)64>>, std::vector<unsigned long, autopas::AlignedAllocator<unsigned long, (unsigned long)64>>, std::vector<double, autopas::AlignedAllocator<double, (unsigned long)64>>, std::vector<double, autopas::AlignedAllocator<double, (unsigned long)64>>, std::vector<double, autopas::AlignedAllocator<double, (unsigned long)64>>, std::vector<double, autopas::AlignedAllocator<double, (unsigned long)64>>, std::vector<double, autopas::AlignedAllocator<double, (unsigned long)64>>, std::vector<double, autopas::AlignedAllocator<double, (unsigned long)64>>, std::vector<double, autopas::AlignedAllocator<double, (unsigned long)64>>, std::vector<double, autopas::AlignedAllocator<double, (unsigned long)64>>, std::vector<double, autopas::AlignedAllocator<double, (unsigned long)64>>, std::vector<double, autopas::AlignedAllocator<double, (unsigned long)64>>, std::vector<double, autopas::AlignedAllocator<double, (unsigned long)64>>, std::vector<double, autopas::AlignedAllocator<double, (unsigned long)64>>, std::vector<unsigned long, autopas::AlignedAllocator<unsigned long, (unsigned long)64>>, std::vector<autopas::OwnershipState, autopas::AlignedAllocator<autopas::OwnershipState, (unsigned long)64>>>&, autopas::SoA<std::tuple<std::vector<mdLib::MoleculeLJ*, autopas::AlignedAllocator<mdLib::MoleculeLJ*, (unsigned long)64>>, std::vector<unsigned long, autopas::AlignedAllocator<unsigned long, (unsigned long)64>>, std::vector<double, autopas::AlignedAllocator<double, (unsigned long)64>>, std::vector<double, autopas::AlignedAllocator<double, (unsigned long)64>>, std::vector<double, autopas::AlignedAllocator<double, (unsigned long)64>>, std::vector<double, autopas::AlignedAllocator<double, (unsigned long)64>>, std::vector<double, autopas::AlignedAllocator<double, (unsigned long)64>>, std::vector<double, autopas::AlignedAllocator<double, (unsigned long)64>>, std::vector<double, autopas::AlignedAllocator<double, (unsigned long)64>>, std::vector<double, autopas::AlignedAllocator<double, (unsigned long)64>>, std::vector<double, autopas::AlignedAllocator<double, (unsigned long)64>>, std::vector<double, autopas::AlignedAllocator<double, (unsigned long)64>>, std::vector<double, autopas::AlignedAllocator<double, (unsigned long)64>>, std::vector<double, autopas::AlignedAllocator<double, (unsigned long)64>>, std::vector<unsigned long, autopas::AlignedAllocator<unsigned long, (unsigned long)64>>, std::vector<autopas::OwnershipState, autopas::AlignedAllocator<autopas::OwnershipState, (unsigned long)64>>>>::resizeArrays(unsigned long)::{lambda(std::tuple<std::vector<mdLib::MoleculeLJ*, autopas::AlignedAllocator<mdLib::MoleculeLJ*, (unsigned long)64>>, std::vector<unsigned long, autopas::AlignedAllocator<unsigned long, (unsigned long)64>>, std::vector<double, autopas::AlignedAllocator<double, (unsigned long)64>>, std::vector<double, autopas::AlignedAllocator<double, (unsigned long)64>>, std::vector<double, autopas::AlignedAllocator<double, (unsigned long)64>>, std::vector<double, autopas::AlignedAllocator<double, (unsigned long)64>>, std::vector<double, autopas::AlignedAllocator<double, (unsigned long)64>>, std::vector<double, autopas::AlignedAllocator<double, (unsigned long)64>>, std::vector<double, autopas::AlignedAllocator<double, (unsigned long)64>>, std::vector<double, autopas::AlignedAllocator<double, (unsigned long)64>>, std::vector<double, autopas::AlignedAllocator<double, (unsigned long)64>>, std::vector<double, autopas::AlignedAllocator<double, (unsigned long)64>>, std::vector<double, autopas::AlignedAllocator<double, (unsigned long)64>>, std::vector<double, autopas::AlignedAllocator<double, (unsigned long)64>>, std::vector<unsigned long, autopas::AlignedAllocator<unsigned long, (unsigned long)64>>, std::vector<autopas::OwnershipState, autopas::AlignedAllocator<autopas::OwnershipState, (unsigned long)64>>>&&)#1}&>(std::tuple<std::vector<mdLib::MoleculeLJ*, autopas::AlignedAllocator<mdLib::MoleculeLJ*, (unsigned long)64>>, std::vector<unsigned long, autopas::AlignedAllocator<unsigned long, (unsigned long)64>>, std::vector<double, autopas::AlignedAllocator<double, (unsigned long)64>>, std::vector<double, autopas::AlignedAllocator<double, (unsigned long)64>>, std::vector<double, autopas::AlignedAllocator<double, (unsigned long)64>>, std::vector<double, autopas::AlignedAllocator<double, (unsigned long)64>>, std::vector<double, autopas::AlignedAllocator<double, (unsigned long)64>>, std::vector<double, autopas::AlignedAllocator<double, (unsigned long)64>>, std::vector<double, autopas::AlignedAllocator<double, (unsigned long)64>>, std::vector<double, autopas::AlignedAllocator<double, (unsigned long)64>>, std::vector<double, autopas::AlignedAllocator<double, (unsigned long)64>>, std::vector<double, autopas::AlignedAllocator<double, (unsigned long)64>>, std::vector<double, autopas::AlignedAllocator<double, (unsigned long)64>>, std::vector<double, autopas::AlignedAllocator<double, (unsigned long)64>>, std::vector<unsigned long, autopas::AlignedAllocator<unsigned long, (unsigned long)64>>, std::vector<autopas::OwnershipState, autopas::AlignedAllocator<autopas::OwnershipState, (unsigned long)64>>>&&&, autopas::SoA<std::tuple<std::vector<mdLib::MoleculeLJ*, autopas::AlignedAllocator<mdLib::MoleculeLJ*, (unsigned long)64>>, std::vector<unsigned long, autopas::AlignedAllocator<unsigned long, (unsigned long)64>>, std::vector<double, autopas::AlignedAllocator<double, (unsigned long)64>>, std::vector<double, autopas::AlignedAllocator<double, (unsigned long)64>>, std::vector<double, autopas::AlignedAllocator<double, (unsigned long)64>>, std::vector<double, autopas::AlignedAllocator<double, (unsigned long)64>>, std::vector<double, autopas::AlignedAllocator<double, (unsigned long)64>>, std::vector<double, autopas::AlignedAllocator<double, (unsigned long)64>>, std::vector<double, autopas::AlignedAllocator<double, (unsigned long)64>>, std::vector<double, autopas::AlignedAllocator<double, (unsigned long)64>>, std::vector<double, autopas::AlignedAllocator<double, (unsigned long)64>>, std::vector<double, autopas::AlignedAllocator<double, (unsigned long)64>>, std::vector<double, autopas::AlignedAllocator<double, (unsigned long)64>>, std::vector<double, autopas::AlignedAllocator<double, (unsigned long)64>>, std::vector<unsigned long, autopas::AlignedAllocator<unsigned long, (unsigned long)64>>, std::vector<autopas::OwnershipState, autopas::AlignedAllocator<autopas::OwnershipState, (unsigned long)64>>>>::resizeArrays(unsigned long)::{lambda(std::tuple<std::vector<mdLib::MoleculeLJ*, autopas::AlignedAllocator<mdLib::MoleculeLJ*, (unsigned long)64>>, std::vector<unsigned long, autopas::AlignedAllocator<unsigned long, (unsigned long)64>>, std::vector<double, autopas::AlignedAllocator<double, (unsigned long)64>>, std::vector<double, autopas::AlignedAllocator<double, (unsigned long)64>>, std::vector<double, autopas::AlignedAllocator<double, (unsigned long)64>>, std::vector<double, autopas::AlignedAllocator<double, (unsigned long)64>>, std::vector<double, autopas::AlignedAllocator<double, (unsigned long)64>>, std::vector<double, autopas::AlignedAllocator<double, (unsigned long)64>>, std::vector<double, autopas::AlignedAllocator<double, (unsigned long)64>>, std::vector<double, autopas::AlignedAllocator<double, (unsigned long)64>>, std::vector<double, autopas::AlignedAllocator<double, (unsigned long)64>>, std::vector<double, autopas::AlignedAllocator<double, (unsigned long)64>>, std::vector<double, autopas::AlignedAllocator<double, (unsigned long)64>>, std::vector<double, autopas::AlignedAllocator<double, (unsigned long)64>>, std::vector<unsigned long, autopas::AlignedAllocator<unsigned long, (unsigned long)64>>, std::vector<autopas::OwnershipState, autopas::AlignedAllocator<autopas::OwnershipState, (unsigned long)64>>>&&)#1}&&&)::{lambda(std::tuple<std::vector<mdLib::MoleculeLJ*, autopas::AlignedAllocator<mdLib::MoleculeLJ*, (unsigned long)64>>, std::vector<unsigned long, autopas::AlignedAllocator<unsigned long, (unsigned long)64>>, std::vector<double, autopas::AlignedAllocator<double, (unsigned long)64>>, std::vector<double, autopas::AlignedAllocator<double, (unsigned long)64>>, std::vector<double, autopas::AlignedAllocator<double, (unsigned long)64>>, std::vector<double, autopas::AlignedAllocator<double, (unsigned long)64>>, std::vector<double, autopas::AlignedAllocator<double, (unsigned long)64>>, std::vector<double, autopas::AlignedAllocator<double, (unsigned long)64>>, std::vector<double, autopas::AlignedAllocator<double, (unsigned long)64>>, std::vector<double, autopas::AlignedAllocator<double, (unsigned long)64>>, std::vector<double, autopas::AlignedAllocator<double, (unsigned long)64>>, std::vector<double, autopas::AlignedAllocator<double, (unsigned long)64>>, std::vector<double, autopas::AlignedAllocator<double, (unsigned long)64>>, std::vector<double, autopas::AlignedAllocator<double, (unsigned long)64>>, std::vector<unsigned long, autopas::AlignedAllocator<unsigned long, (unsigned long)64>>, std::vector<autopas::OwnershipState, autopas::AlignedAllocator<autopas::OwnershipState, (unsigned long)64>>>&&)#1}::operator()<std::vector<mdLib::MoleculeLJ*, autopas::AlignedAllocator<mdLib::MoleculeLJ*, (unsigned long)64>>, std::vector<unsigned long, autopas::AlignedAllocator<unsigned long, (unsigned long)64>>, std::vector<double, autopas::AlignedAllocator<double, (unsigned long)64>>, std::vector<double, autopas::AlignedAllocator<double, (unsigned long)64>>, std::vector<double, autopas::AlignedAllocator<double, (unsigned long)64>>, std::vector<double, autopas::AlignedAllocator<double, (unsigned long)64>>, std::vector<double, autopas::AlignedAllocator<double, (unsigned long)64>>, std::vector<double, autopas::AlignedAllocator<double, (unsigned long)64>>, std::vector<double, autopas::AlignedAllocator<double, (unsigned long)64>>, std::vector<double, autopas::AlignedAllocator<double, (unsigned long)64>>, std::vector<double, autopas::AlignedAllocator<double, (unsigned long)64>>, std::vector<double, autopas::AlignedAllocator<double, (unsigned long)64>>, std::vector<double, autopas::AlignedAllocator<double, (unsigned long)64>>, std::vector<double, autopas::AlignedAllocator<double, (unsigned long)64>>, std::vector<unsigned long, autopas::AlignedAllocator<unsigned long, (unsigned long)64>>, std::vector<autopas::OwnershipState, autopas::AlignedAllocator<autopas::OwnershipState, (unsigned long)64>>>(signed char, std::tuple<std::vector<mdLib::MoleculeLJ*, autopas::AlignedAllocator<mdLib::MoleculeLJ*, (unsigned long)64>>, std::vector<unsigned long, autopas::AlignedAllocator<unsigned long, (unsigned long)64>>, std::vector<double, autopas::AlignedAllocator<double, (unsigned long)64>>, std::vector<double, autopas::AlignedAllocator<double, (unsigned long)64>>, std::vector<double, autopas::AlignedAllocator<double, (unsigned long)64>>, std::vector<double, autopas::AlignedAllocator<double, (unsigned long)64>>, std::vector<double, autopas::AlignedAllocator<double, (unsigned long)64>>, std::vector<double, autopas::AlignedAllocator<double, (unsigned long)64>>, std::vector<double, autopas::AlignedAllocator<double, (unsigned long)64>>, std::vector<double, autopas::AlignedAllocator<double, (unsigned long)64>>, std::vector<double, autopas::AlignedAllocator<double, (unsigned long)64>>, std::vector<double, autopas::AlignedAllocator<double, (unsigned long)64>>, std::vector<double, autopas::AlignedAllocator<double, (unsigned long)64>>, std::vector<double, autopas::AlignedAllocator<double, (unsigned long)64>>, std::vector<unsigned long, autopas::AlignedAllocator<unsigned long, (unsigned long)64>>, std::vector<autopas::OwnershipState, autopas::AlignedAllocator<autopas::OwnershipState, (unsigned long)64>>>&&) const",TupleUtils.h,0x54bd00
do_lookup_x,0,0,0,50000016,0,0,0,0,0,0,0,0,0,0,0,0,0,0,0,0,0,0,0,0,0,0,0,0,0,0,0,0,0,0,0,0,0,0,0,0,0,0,0,0,0,0,0,0,0,0,0,0,0,0,0,0,0,0,0,0,0,0,0,0,0,0,0,0,0,0,0,0,0,0,0,0,0,0,0,0,0,0,0,0,0,0,0,0,0,0,ld-linux-x86-64.so.2,do_lookup_x,[Unknown],0xae0e
func@0x4080c0,0,0,0,0,0,0,0,0,0,0,0,0,0,0,0,0,0,0,0,0,0,0,0,0,0,0,0,0,0,0,0,0,0,462613090,0,0,0,0,0,0,0,0,0,0,0,0,0,0,0,0,0,0,0,0,0,0,0,0,0,0,0,0,0,0,0,0,0,0,0,0,0,0,0,0,0,0,0,0,0,0,0,0,0,0,0,0,0,0,0,0,md-flexible,func@0x4080c0,[Unknown],0x4080c0
func@0x4088c0,0,0,0,0,9252536,0,0,0,0,0,0,0,0,0,0,0,0,0,0,0,0,0,0,0,0,0,0,0,0,0,0,0,0,0,0,0,0,0,0,0,0,0,0,0,0,0,0,0,0,0,0,0,0,0,0,0,0,0,0,0,0,0,0,0,0,0,0,0,0,0,0,0,0,0,0,0,656930056,0,0,0,0,0,0,0,0,0,0,0,0,0,md-flexible,func@0x4088c0,[Unknown],0x4088c0
func@0xa51e0,0,23000000,0,0,9252536,0,0,0,0,0,0,0,0,0,46261433,0,0,0,0,0,0,0,0,0,0,0,0,0,0,0,0,0,0,0,0,0,0,0,0,0,0,0,0,0,0,0,0,0,0,0,0,0,0,0,0,0,0,0,0,0,0,0,0,0,0,0,0,0,0,0,0,0,0,0,0,0,64767752,0,0,0,0,0,0,0,0,0,0,0,0,0,libstdc++.so.6.0.33,func@0xa51e0,[Unknown],0xa51e0
func@0xa5a00,0,23000000,0,0,18505072,0,0,0,0,0,0,0,0,0,0,0,0,0,0,0,0,0,0,0,0,0,0,0,0,0,0,0,0,0,92522727,0,0,0,0,0,0,0,0,0,0,0,0,0,0,0,0,0,0,0,0,0,0,0,0,0,0,0,0,0,0,0,0,0,0,0,0,0,0,0,0,0,407111584,0,0,0,0,0,0,0,0,0,0,0,0,0,libstdc++.so.6.0.33,func@0xa5a00,[Unknown],0xa5a00
gomp_iter_ull_dynamic_next,0,23000000,0,0,0,0,0,0,0,0,0,0,0,0,0,0,0,0,0,0,0,0,0,0,0,0,0,0,0,0,0,0,0,0,0,0,0,0,0,0,0,0,0,0,0,0,0,0,0,0,0,0,0,0,0,0,0,0,0,0,0,0,0,0,0,0,0,0,0,0,0,0,0,0,0,0,0,0,0,0,0,0,0,0,0,0,0,0,0,0,libgomp.so.1.0.0,gomp_iter_ull_dynamic_next,iter_ull.c,0x12970
gomp_team_end,0,0,0,0,0,0,0,0,0,0,0,0,0,0,0,0,0,0,0,0,0,0,0,0,0,0,46261433,0,0,0,0,0,0,0,0,0,0,0,0,0,0,0,0,0,0,0,0,0,0,0,0,0,0,0,0,0,0,0,0,0,0,0,0,0,0,0,0,0,0,0,0,0,0,0,0,0,0,0,0,0,0,0,0,0,0,0,0,0,0,0,libgomp.so.1.0.0,gomp_team_end,team.c,0x23470
gomp_unset_lock_30,0,0,0,0,0,0,0,0,0,0,0,0,0,0,0,0,0,0,0,0,0,0,0,0,0,0,0,0,0,0,0,0,46261433,0,0,0,0,0,0,0,0,0,0,0,0,0,0,0,0,0,0,0,0,0,0,0,0,0,0,0,0,0,0,0,0,0,0,0,0,0,0,0,0,0,0,0,0,0,0,0,0,0,0,0,0,0,0,0,0,0,libgomp.so.1.0.0,gomp_unset_lock_30,lock.c,0x23de0
mdLib::MoleculeLJ::MoleculeLJ,0,11500000,0,0,0,0,0,0,0,0,92522727,0,0,0,0,0,0,0,0,0,0,0,0,0,0,0,0,0,0,0,0,0,0,0,0,0,0,0,0,0,0,0,0,0,0,0,0,0,0,0,0,0,0,0,0,0,0,0,0,0,0,0,0,0,0,0,0,0,0,0,0,0,0,832704543,0,0,0,0,0,0,0,0,0,0,0,0,0,0,0,0,md-flexible,mdLib::MoleculeLJ::MoleculeLJ(mdLib::MoleculeLJ const&),MoleculeLJ.h,0x443348
mdLib::MoleculeLJ::MoleculeLJ,0,11500000,0,50000016,0,0,0,0,0,0,0,0,0,0,0,0,0,0,0,92522727,0,0,0,0,0,0,0,0,0,0,0,0,0,0,0,0,0,0,0,0,0,0,0,0,0,0,0,0,0,0,0,0,0,0,0,0,0,0,0,0,0,0,0,0,0,0,0,0,0,0,0,0,0,0,0,0,0,0,0,0,0,0,0,0,0,0,0,0,0,0,md-flexible,mdLib::MoleculeLJ::MoleculeLJ(mdLib::MoleculeLJ const&),MoleculeLJ.h,0x452077
mdLib::MoleculeLJ::MoleculeLJ,0,0,0,0,0,0,0,0,0,0,92522727,0,0,0,0,0,0,0,0,0,0,0,0,0,0,0,0,0,0,0,0,0,0,0,0,0,0,0,0,0,0,0,0,0,0,0,0,0,0,0,0,0,0,0,0,0,0,0,0,0,0,0,0,0,0,0,0,0,0,0,0,0,0,0,0,0,0,0,0,0,0,0,0,0,0,0,0,0,0,0,md-flexible,mdLib::MoleculeLJ::MoleculeLJ(mdLib::MoleculeLJ const&),MoleculeLJ.h,0x44f6b0
"mdLib::MoleculeLJ::get<(mdLib::MoleculeLJ::AttributeNames)4, (bool)1>",0,11500000,0,0,0,0,0,0,0,0,92522727,0,0,0,0,92522866,0,46261433,0,0,0,46261433,0,0,0,0,0,0,0,0,0,0,0,0,0,0,0,0,0,0,0,0,0,0,0,0,0,0,0,0,0,0,0,0,0,4626453,0,0,0,0,0,0,46261433,0,0,0,0,0,0,0,0,0,0,0,0,0,0,0,41638077,0,0,0,0,0,0,0,0,0,0,0,md-flexible,"mdLib::MoleculeLJ::get<(mdLib::MoleculeLJ::AttributeNames)4, (bool)1>(void) const",MoleculeLJ.h,0x588ab4
mdLib::MoleculeLJ::operator=,0,11500000,0,0,0,0,0,0,0,0,0,0,0,0,0,0,0,0,0,0,0,0,0,0,0,0,0,0,0,0,0,0,0,0,0,0,0,0,0,0,0,0,0,0,0,0,0,0,0,0,0,0,0,0,0,0,0,0,0,0,0,0,0,0,0,0,0,0,0,0,0,0,0,0,0,0,0,0,0,0,0,0,0,0,0,0,0,0,0,0,md-flexible,mdLib::MoleculeLJ::operator=(mdLib::MoleculeLJ const&),MoleculeLJ.h,0x546a48
mdLib::MoleculeLJ::set<(mdLib::MoleculeLJ::AttributeNames)9>,0,0,0,0,0,4626268,0,0,0,0,0,0,0,0,0,0,0,0,0,0,0,0,0,0,0,0,0,0,0,0,0,0,0,0,0,0,0,0,0,0,0,0,0,0,0,0,0,0,0,0,0,0,0,0,0,0,0,0,0,0,0,0,0,0,0,0,0,0,0,0,0,0,0,0,0,0,0,0,0,0,0,0,0,1415638008,0,0,0,0,0,0,md-flexible,"mdLib::MoleculeLJ::set<(mdLib::MoleculeLJ::AttributeNames)9>(std::tuple_element<(mdLib::MoleculeLJ::AttributeNames)9, std::tuple<std::vector<mdLib::MoleculeLJ*, autopas::AlignedAllocator<std::vector, (unsigned long)64>>, std::tuple<unsigned long, autopas<unsigned long, (unsigned long)64>>, std::tuple<double, autopas<double, (unsigned long)64>>, autopas<double, (unsigned long)64>, autopas<double, (unsigned long)64>, autopas<double, (unsigned long)64>, autopas<double, (unsigned long)64>, autopas<double, (unsigned long)64>, autopas<double, (unsigned long)64>, autopas<double, (unsigned long)64>, autopas<double, (unsigned long)64>, autopas<double, (unsigned long)64>, autopas<double, (unsigned long)64>, autopas<double, (unsigned long)64>, autopas<unsigned long, (unsigned long)64>, std::tuple<mdLib::MoleculeLJ*::OwnershipState, autopas<std::tuple<double, autopas<double, (unsigned long)64>>, (unsigned long)64>>>>::type::value_type)",MoleculeLJ.h,0x568094
omp_get_num_threads,0,0,0,50000016,0,0,0,0,0,0,0,0,0,0,0,0,0,0,0,0,0,0,0,0,0,0,0,0,0,0,0,0,0,0,92522727,0,0,0,0,0,0,0,0,0,0,0,0,0,0,0,0,0,0,0,0,0,0,0,0,0,0,0,0,0,0,0,0,0,0,0,0,0,0,0,0,0,0,0,0,0,0,0,0,0,0,0,0,0,0,0,libgomp.so.1.0.0,omp_get_num_threads,parallel.c,0x18590
sbrk,0,11500000,0,0,0,0,0,0,0,0,0,0,0,0,0,0,0,0,0,0,0,0,0,0,0,0,0,0,0,0,0,0,0,0,0,0,0,0,0,0,0,0,0,0,0,0,0,0,0,0,0,0,0,0,0,0,0,0,0,0,0,0,0,0,0,0,0,0,0,0,0,0,0,0,0,0,0,0,0,0,0,0,0,0,0,0,0,0,0,0,libc.so.6,sbrk,[Unknown],0x12be7e
"std::_Hashtable<mdLib::MoleculeLJ const*, std::pair<mdLib::MoleculeLJ const* const, unsigned long>, std::allocator<std::pair<mdLib::MoleculeLJ const* const, unsigned long>>, std::__detail::_Select1st, std::equal_to<mdLib::MoleculeLJ const*>, std::hash<mdLib::MoleculeLJ const*>, std::__detail::_Mod_range_hashing, std::__detail::_Default_ranged_hash, std::__detail::_Prime_rehash_policy, std::__detail::_Hashtable_traits<(bool)0, (bool)0, (bool)1>>::_M_bucket_index",0,0,0,0,0,0,0,0,0,462751,0,0,0,0,0,0,0,0,0,0,0,0,0,0,0,0,0,0,0,0,0,0,0,0,0,0,0,0,0,0,0,0,0,0,0,0,0,0,0,0,0,0,0,0,0,0,0,0,0,0,0,0,0,0,0,0,0,0,0,3239257,0,0,0,0,0,0,0,0,0,0,0,0,0,0,0,0,0,0,0,0,md-flexible,"std::_Hashtable<mdLib::MoleculeLJ const*, std::pair<mdLib::MoleculeLJ const* const, unsigned long>, std::allocator<std::pair<mdLib::MoleculeLJ const* const, unsigned long>>, std::__detail::_Select1st, std::equal_to<mdLib::MoleculeLJ const*>, std::hash<mdLib::MoleculeLJ const*>, std::__detail::_Mod_range_hashing, std::__detail::_Default_ranged_hash, std::__detail::_Prime_rehash_policy, std::__detail::_Hashtable_traits<(bool)0, (bool)0, (bool)1>>::_M_bucket_index(unsigned long) const",hashtable.h,0x5400e2
"std::_Hashtable<mdLib::MoleculeLJ const*, std::pair<mdLib::MoleculeLJ const* const, unsigned long>, std::allocator<std::pair<mdLib::MoleculeLJ const* const, unsigned long>>, std::__detail::_Select1st, std::equal_to<mdLib::MoleculeLJ const*>, std::hash<mdLib::MoleculeLJ const*>, std::__detail::_Mod_range_hashing, std::__detail::_Default_ranged_hash, std::__detail::_Prime_rehash_policy, std::__detail::_Hashtable_traits<(bool)0, (bool)0, (bool)1>>::_M_find_before_node",0,34500000,0,100000032,37010144,0,0,0,0,0,0,46261433,0,0,0,0,0,0,0,0,0,0,0,0,0,0,0,0,0,0,0,0,0,925226180,92522727,0,185045732,0,0,0,0,0,0,0,0,0,0,0,0,0,0,0,0,0,0,0,0,0,0,0,0,0,46261433,0,0,0,0,0,0,0,0,0,0,0,0,0,1142688196,0,0,0,0,0,0,0,0,0,0,0,0,0,md-flexible,"std::_Hashtable<mdLib::MoleculeLJ const*, std::pair<mdLib::MoleculeLJ const* const, unsigned long>, std::allocator<std::pair<mdLib::MoleculeLJ const* const, unsigned long>>, std::__detail::_Select1st, std::equal_to<mdLib::MoleculeLJ const*>, std::hash<mdLib::MoleculeLJ const*>, std::__detail::_Mod_range_hashing, std::__detail::_Default_ranged_hash, std::__detail::_Prime_rehash_policy, std::__detail::_Hashtable_traits<(bool)0, (bool)0, (bool)1>>::_M_find_before_node(unsigned long, mdLib::MoleculeLJ const* const&, unsigned long) const",hashtable.h,0x5400fd
"std::_Hashtable<mdLib::MoleculeLJ*, std::pair<mdLib::MoleculeLJ* const, std::vector<mdLib::MoleculeLJ*, std::allocator<mdLib::MoleculeLJ*>>>, std::allocator<std::pair<mdLib::MoleculeLJ* const, std::vector<mdLib::MoleculeLJ*, std::allocator<mdLib::MoleculeLJ*>>>>, std::__detail::_Select1st, std::equal_to<mdLib::MoleculeLJ*>, std::hash<mdLib::MoleculeLJ*>, std::__detail::_Mod_range_hashing, std::__detail::_Default_ranged_hash, std::__detail::_Prime_rehash_policy, std::__detail::_Hashtable_traits<(bool)0, (bool)0, (bool)1>>::_M_find_before_node",0,23000000,0,100000032,18505072,0,0,0,0,0,0,138784299,0,0,0,0,0,0,0,0,0,0,0,0,0,0,0,0,0,0,0,0,0,0,0,0,0,0,0,0,0,0,0,0,0,0,0,0,0,0,0,0,0,0,0,0,0,0,0,0,0,0,0,231307165,0,0,0,0,0,0,0,0,0,0,0,0,545899624,0,0,0,0,0,0,0,0,0,0,0,0,0,md-flexible,"std::_Hashtable<mdLib::MoleculeLJ*, std::pair<mdLib::MoleculeLJ* const, std::vector<mdLib::MoleculeLJ*, std::allocator<mdLib::MoleculeLJ*>>>, std::allocator<std::pair<mdLib::MoleculeLJ* const, std::vector<mdLib::MoleculeLJ*, std::allocator<mdLib::MoleculeLJ*>>>>, std::__detail::_Select1st, std::equal_to<mdLib::MoleculeLJ*>, std::hash<mdLib::MoleculeLJ*>, std::__detail::_Mod_range_hashing, std::__detail::_Default_ranged_hash, std::__detail::_Prime_rehash_policy, std::__detail::_Hashtable_traits<(bool)0, (bool)0, (bool)1>>::_M_find_before_node(unsigned long, mdLib::MoleculeLJ* const&, unsigned long) const",hashtable.h,0x501e0f
"std::_Hashtable<mdLib::MoleculeLJ*, std::pair<mdLib::MoleculeLJ* const, std::vector<mdLib::MoleculeLJ*, std::allocator<mdLib::MoleculeLJ*>>>, std::allocator<std::pair<mdLib::MoleculeLJ* const, std::vector<mdLib::MoleculeLJ*, std::allocator<mdLib::MoleculeLJ*>>>>, std::__detail::_Select1st, std::equal_to<mdLib::MoleculeLJ*>, std::hash<mdLib::MoleculeLJ*>, std::__detail::_Mod_range_hashing, std::__detail::_Default_ranged_hash, std::__detail::_Prime_rehash_policy, std::__detail::_Hashtable_traits<(bool)0, (bool)0, (bool)1>>::_M_rehash",0,0,0,50000016,0,9252536,4626268,0,0,0,0,0,0,0,0,0,0,0,0,0,0,0,0,0,0,0,0,0,0,0,0,0,0,0,0,0,0,0,0,0,0,0,0,0,0,0,0,0,0,0,0,0,0,0,0,0,0,0,0,0,0,0,0,0,0,0,0,0,0,0,0,0,0,0,0,0,0,0,0,0,0,0,0,0,0,0,0,0,0,0,md-flexible,"std::_Hashtable<mdLib::MoleculeLJ*, std::pair<mdLib::MoleculeLJ* const, std::vector<mdLib::MoleculeLJ*, std::allocator<mdLib::MoleculeLJ*>>>, std::allocator<std::pair<mdLib::MoleculeLJ* const, std::vector<mdLib::MoleculeLJ*, std::allocator<mdLib::MoleculeLJ*>>>>, std::__detail::_Select1st, std::equal_to<mdLib::MoleculeLJ*>, std::hash<mdLib::MoleculeLJ*>, std::__detail::_Mod_range_hashing, std::__detail::_Default_ranged_hash, std::__detail::_Prime_rehash_policy, std::__detail::_Hashtable_traits<(bool)0, (bool)0, (bool)1>>::_M_rehash(unsigned long, std::integral_constant<bool, (bool)1>)",hashtable.h,0x5412b3
"std::_Hashtable<mdLib::MoleculeLJ*, std::pair<mdLib::MoleculeLJ* const, std::vector<mdLib::MoleculeLJ*, std::allocator<mdLib::MoleculeLJ*>>>, std::allocator<std::pair<mdLib::MoleculeLJ* const, std::vector<mdLib::MoleculeLJ*, std::allocator<mdLib::MoleculeLJ*>>>>, std::__detail::_Select1st, std::equal_to<mdLib::MoleculeLJ*>, std::hash<mdLib::MoleculeLJ*>, std::__detail::_Mod_range_hashing, std::__detail::_Default_ranged_hash, std::__detail::_Prime_rehash_policy, std::__detail::_Hashtable_traits<(bool)0, (bool)0, (bool)1>>::_Scoped_node::_Scoped_node<std::piecewise_construct_t const&, std::tuple<mdLib::MoleculeLJ*&&>, std::tuple<>>",0,0,0,0,0,4626268,0,0,0,0,0,0,0,0,0,0,0,0,0,0,0,0,0,0,0,0,0,0,0,0,0,0,0,0,0,0,0,0,0,0,0,0,0,0,0,0,0,0,0,0,0,0,0,0,0,0,0,0,0,0,0,0,0,0,0,0,0,0,0,0,0,0,0,0,0,0,0,0,0,0,0,0,0,0,0,0,0,0,0,0,md-flexible,"std::_Hashtable<mdLib::MoleculeLJ*, std::pair<mdLib::MoleculeLJ* const, std::vector<mdLib::MoleculeLJ*, std::allocator<mdLib::MoleculeLJ*>>>, std::allocator<std::pair<mdLib::MoleculeLJ* const, std::vector<mdLib::MoleculeLJ*, std::allocator<mdLib::MoleculeLJ*>>>>, std::__detail::_Select1st, std::equal_to<mdLib::MoleculeLJ*>, std::hash<mdLib::MoleculeLJ*>, std::__detail::_Mod_range_hashing, std::__detail::_Default_ranged_hash, std::__detail::_Prime_rehash_policy, std::__detail::_Hashtable_traits<(bool)0, (bool)0, (bool)1>>::_Scoped_node::_Scoped_node<std::piecewise_construct_t const&, std::tuple<mdLib::MoleculeLJ*&&>, std::tuple<>>(std::__detail::_Hashtable_alloc<std::allocator<std::__detail::_Hash_node<std::pair<mdLib::MoleculeLJ* const, std::vector<mdLib::MoleculeLJ*, std::allocator<mdLib::MoleculeLJ*>>>, (bool)0>>>*, std::piecewise_construct_t const&&&)",hashtable.h,0x501e60
"std::_Vector_base<mdLib::MoleculeLJ*, std::allocator<mdLib::MoleculeLJ*>>::~_Vector_base",0,0,0,0,0,0,0,0,0,0,0,0,0,0,0,0,0,0,0,0,0,0,0,0,0,0,0,0,0,0,0,0,0,0,0,0,0,0,0,0,0,0,0,0,0,0,0,0,0,0,0,0,0,0,0,0,46261433,0,0,0,2314036,0,0,0,0,0,0,0,0,0,0,0,0,0,323830031,0,0,0,0,0,0,0,60164936,0,0,0,0,0,0,0,md-flexible,"std::_Vector_base<mdLib::MoleculeLJ*, std::allocator<mdLib::MoleculeLJ*>>::~_Vector_base(void)",stl_vector.h,0x524836
std::__atomic_base<unsigned long>::fetch_add,0,11500000,0,0,0,0,0,0,0,0,0,0,0,0,0,0,0,0,0,0,0,0,0,0,0,0,0,0,0,0,0,0,0,0,0,0,0,0,0,0,0,0,0,0,0,0,0,0,0,0,0,0,0,0,0,0,0,0,0,0,0,0,0,0,0,0,0,0,0,0,0,0,0,0,0,0,0,0,0,0,0,0,0,0,0,0,0,0,0,0,md-flexible,"std::__atomic_base<unsigned long>::fetch_add(unsigned long, std::memory_order)",atomic_base.h,0x4f3bbc
"std::__detail::_Hash_code_base<mdLib::MoleculeLJ const*, std::pair<mdLib::MoleculeLJ const* const, unsigned long>, std::__detail::_Select1st, std::hash<mdLib::MoleculeLJ const*>, std::__detail::_Mod_range_hashing, std::__detail::_Default_ranged_hash, (bool)0>::_M_hash_code",0,0,0,0,41636412,0,0,0,0,462751,0,0,0,0,0,0,0,0,0,0,0,0,0,0,0,0,0,0,0,0,0,0,0,0,0,0,0,0,0,0,0,0,0,0,0,0,0,0,0,0,0,0,0,0,0,0,0,0,0,0,0,0,0,0,0,0,0,0,0,3702008,0,0,0,0,0,0,1498910832,0,0,0,0,0,0,0,0,0,0,0,0,0,md-flexible,"std::__detail::_Hash_code_base<mdLib::MoleculeLJ const*, std::pair<mdLib::MoleculeLJ const* const, unsigned long>, std::__detail::_Select1st, std::hash<mdLib::MoleculeLJ const*>, std::__detail::_Mod_range_hashing, std::__detail::_Default_ranged_hash, (bool)0>::_M_hash_code(mdLib::MoleculeLJ const* const&) const",hashtable_policy.h,0x5400e0
"std::__detail::_Hash_code_base<mdLib::MoleculeLJ*, std::pair<mdLib::MoleculeLJ* const, std::vector<mdLib::MoleculeLJ*, std::allocator<mdLib::MoleculeLJ*>>>, std::__detail::_Select1st, std::hash<mdLib::MoleculeLJ*>, std::__detail::_Mod_range_hashing, std::__detail::_Default_ranged_hash, (bool)0>::_M_hash_code",0,0,0,0,18505072,0,0,0,0,0,0,0,0,0,0,0,0,0,0,0,0,0,0,0,0,0,0,0,0,0,0,0,0,0,0,0,0,0,0,0,0,0,0,0,0,0,0,0,0,0,0,0,0,0,0,0,0,0,0,0,0,0,0,0,0,0,0,0,0,0,0,0,0,0,0,0,356222636,0,0,0,0,0,0,0,0,0,0,0,0,0,md-flexible,"std::__detail::_Hash_code_base<mdLib::MoleculeLJ*, std::pair<mdLib::MoleculeLJ* const, std::vector<mdLib::MoleculeLJ*, std::allocator<mdLib::MoleculeLJ*>>>, std::__detail::_Select1st, std::hash<mdLib::MoleculeLJ*>, std::__detail::_Mod_range_hashing, std::__detail::_Default_ranged_hash, (bool)0>::_M_hash_code(mdLib::MoleculeLJ* const&) const",hashtable_policy.h,0x501df0
std::__detail::_Hash_node_base::_Hash_node_base,0,0,0,0,0,9252536,0,0,0,0,0,0,0,0,0,0,0,0,0,0,0,0,0,0,0,0,0,0,0,0,0,0,0,0,0,0,0,0,0,0,0,0,0,0,0,0,0,0,0,0,0,0,0,0,0,0,0,0,0,0,0,0,0,0,0,0,0,0,0,0,0,0,0,0,0,0,0,0,0,0,0,0,0,0,0,0,0,0,0,0,md-flexible,std::__detail::_Hash_node_base::_Hash_node_base(void),hashtable_policy.h,0x540171
std::__detail::_Hash_node_base::_Hash_node_base,0,0,0,0,0,23131340,0,0,0,0,0,0,0,0,0,0,0,0,0,0,0,0,0,0,0,0,0,0,0,0,0,0,0,0,0,0,0,0,0,0,0,0,0,0,0,0,0,0,0,0,0,0,0,0,0,0,0,0,0,0,0,0,0,0,0,0,0,0,0,0,0,0,0,0,0,0,0,0,0,0,0,0,0,0,0,0,0,0,0,0,md-flexible,std::__detail::_Hash_node_base::_Hash_node_base(void),hashtable_policy.h,0x501e7d
std::__detail::_Mod_range_hashing::operator(),0,0,0,50000016,0,0,0,0,0,0,92522727,46261433,0,0,0,0,0,0,0,0,0,0,0,0,0,0,0,0,0,0,0,0,0,0,0,0,0,0,0,0,0,0,0,0,0,0,0,0,0,0,0,0,0,0,0,0,0,0,0,0,0,0,0,0,0,0,0,0,0,0,0,0,0,0,0,0,0,0,0,0,0,0,0,0,0,0,0,0,0,0,md-flexible,"std::__detail::_Mod_range_hashing::operator()(unsigned long, unsigned long) const",hashtable_policy.h,0x5400e2
std::__detail::_Mod_range_hashing::operator(),0,0,0,50000016,0,0,0,0,106400976,925502,0,46261433,0,0,0,0,0,0,0,0,0,0,0,0,0,0,0,0,0,0,0,0,0,0,0,0,0,0,0,0,0,0,0,0,0,0,0,0,0,0,0,0,0,0,0,0,0,0,0,0,0,0,0,0,0,0,0,0,0,6941265,0,0,0,0,0,0,0,0,0,0,0,0,0,0,0,0,0,0,0,0,md-flexible,"std::__detail::_Mod_range_hashing::operator()(unsigned long, unsigned long) const",hashtable_policy.h,0x54137e
std::__detail::_Mod_range_hashing::operator(),0,11500000,0,0,0,0,0,0,0,0,0,0,0,0,0,0,0,0,0,0,0,0,0,0,0,0,0,0,0,0,0,0,0,0,0,0,0,0,0,0,0,0,0,0,0,0,0,0,0,0,0,0,0,0,0,0,0,0,0,0,0,0,0,0,0,0,0,0,0,0,0,0,0,0,0,0,0,0,0,0,0,0,0,0,0,0,0,0,0,0,md-flexible,"std::__detail::_Mod_range_hashing::operator()(unsigned long, unsigned long) const",hashtable_policy.h,0x541309
"std::__invoke<autopas::utils::TupleUtils::for_each<std::tuple<std::vector<mdLib::MoleculeLJ*, autopas::AlignedAllocator<mdLib::MoleculeLJ*, (unsigned long)64>>, std::vector<unsigned long, autopas::AlignedAllocator<unsigned long, (unsigned long)64>>, std::vector<double, autopas::AlignedAllocator<double, (unsigned long)64>>, std::vector<double, autopas::AlignedAllocator<double, (unsigned long)64>>, std::vector<double, autopas::AlignedAllocator<double, (unsigned long)64>>, std::vector<double, autopas::AlignedAllocator<double, (unsigned long)64>>, std::vector<double, autopas::AlignedAllocator<double, (unsigned long)64>>, std::vector<double, autopas::AlignedAllocator<double, (unsigned long)64>>, std::vector<double, autopas::AlignedAllocator<double, (unsigned long)64>>, std::vector<double, autopas::AlignedAllocator<double, (unsigned long)64>>, std::vector<double, autopas::AlignedAllocator<double, (unsigned long)64>>, std::vector<double, autopas::AlignedAllocator<double, (unsigned long)64>>, std::vector<double, autopas::AlignedAllocator<double, (unsigned long)64>>, std::vector<double, autopas::AlignedAllocator<double, (unsigned long)64>>, std::vector<unsigned long, autopas::AlignedAllocator<unsigned long, (unsigned long)64>>, std::vector<autopas::OwnershipState, autopas::AlignedAllocator<autopas::OwnershipState, (unsigned long)64>>> const&, autopas::SoA<std::tuple<std::vector<mdLib::MoleculeLJ*, autopas::AlignedAllocator<mdLib::MoleculeLJ*, (unsigned long)64>>, std::vector<unsigned long, autopas::AlignedAllocator<unsigned long, (unsigned long)64>>, std::vector<double, autopas::AlignedAllocator<double, (unsigned long)64>>, std::vector<double, autopas::AlignedAllocator<double, (unsigned long)64>>, std::vector<double, autopas::AlignedAllocator<double, (unsigned long)64>>, std::vector<double, autopas::AlignedAllocator<double, (unsigned long)64>>, std::vector<double, autopas::AlignedAllocator<double, (unsigned long)64>>, std::vector<double, autopas::AlignedAllocator<double, (unsigned long)64>>, std::vector<double, autopas::AlignedAllocator<double, (unsigned long)64>>, std::vector<double, autopas::AlignedAllocator<double, (unsigned long)64>>, std::vector<double, autopas::AlignedAllocator<double, (unsigned long)64>>, std::vector<double, autopas::AlignedAllocator<double, (unsigned long)64>>, std::vector<double, autopas::AlignedAllocator<double, (unsigned long)64>>, std::vector<double, autopas::AlignedAllocator<double, (unsigned long)64>>, std::vector<unsigned long, autopas::AlignedAllocator<unsigned long, (unsigned long)64>>, std::vector<autopas::OwnershipState, autopas::AlignedAllocator<autopas::OwnershipState, (unsigned long)64>>>>::size(void) const::{lambda(std::tuple<std::vector<mdLib::MoleculeLJ*, autopas::AlignedAllocator<mdLib::MoleculeLJ*, (unsigned long)64>>, std::vector<unsigned long, autopas::AlignedAllocator<unsigned long, (unsigned long)64>>, std::vector<double, autopas::AlignedAllocator<double, (unsigned long)64>>, std::vector<double, autopas::AlignedAllocator<double, (unsigned long)64>>, std::vector<double, autopas::AlignedAllocator<double, (unsigned long)64>>, std::vector<double, autopas::AlignedAllocator<double, (unsigned long)64>>, std::vector<double, autopas::AlignedAllocator<double, (unsigned long)64>>, std::vector<double, autopas::AlignedAllocator<double, (unsigned long)64>>, std::vector<double, autopas::AlignedAllocator<double, (unsigned long)64>>, std::vector<double, autopas::AlignedAllocator<double, (unsigned long)64>>, std::vector<double, autopas::AlignedAllocator<double, (unsigned long)64>>, std::vector<double, autopas::AlignedAllocator<double, (unsigned long)64>>, std::vector<double, autopas::AlignedAllocator<double, (unsigned long)64>>, std::vector<double, autopas::AlignedAllocator<double, (unsigned long)64>>, std::vector<unsigned long, autopas::AlignedAllocator<unsigned long, (unsigned long)64>>, std::vector<autopas::OwnershipState, autopas::AlignedAllocator<autopas::OwnershipState, (unsigned long)64>>> const&&)#1}>(void, std::tuple<std::vector<mdLib::MoleculeLJ*, autopas::AlignedAllocator<mdLib::MoleculeLJ*, (unsigned long)64>>, std::vector<unsigned long, autopas::AlignedAllocator<unsigned long, (unsigned long)64>>, std::vector<double, autopas::AlignedAllocator<double, (unsigned long)64>>, std::vector<double, autopas::AlignedAllocator<double, (unsigned long)64>>, std::vector<double, autopas::AlignedAllocator<double, (unsigned long)64>>, std::vector<double, autopas::AlignedAllocator<double, (unsigned long)64>>, std::vector<double, autopas::AlignedAllocator<double, (unsigned long)64>>, std::vector<double, autopas::AlignedAllocator<double, (unsigned long)64>>, std::vector<double, autopas::AlignedAllocator<double, (unsigned long)64>>, std::vector<double, autopas::AlignedAllocator<double, (unsigned long)64>>, std::vector<double, autopas::AlignedAllocator<double, (unsigned long)64>>, std::vector<double, autopas::AlignedAllocator<double, (unsigned long)64>>, std::vector<double, autopas::AlignedAllocator<double, (unsigned long)64>>, std::vector<double, autopas::AlignedAllocator<double, (unsigned long)64>>, std::vector<unsigned long, autopas::AlignedAllocator<unsigned long, (unsigned long)64>>, std::vector<autopas::OwnershipState, autopas::AlignedAllocator<autopas::OwnershipState, (unsigned long)64>>> const&&&, autopas::SoA<std::tuple<std::vector<mdLib::MoleculeLJ*, autopas::AlignedAllocator<mdLib::MoleculeLJ*, (unsigned long)64>>, std::vector<unsigned long, autopas::AlignedAllocator<unsigned long, (unsigned long)64>>, std::vector<double, autopas::AlignedAllocator<double, (unsigned long)64>>, std::vector<double, autopas::AlignedAllocator<double, (unsigned long)64>>, std::vector<double, autopas::AlignedAllocator<double, (unsigned long)64>>, std::vector<double, autopas::AlignedAllocator<double, (unsigned long)64>>, std::vector<double, autopas::AlignedAllocator<double, (unsigned long)64>>, std::vector<double, autopas::AlignedAllocator<double, (unsigned long)64>>, std::vector<double, autopas::AlignedAllocator<double, (unsigned long)64>>, std::vector<double, autopas::AlignedAllocator<double, (unsigned long)64>>, std::vector<double, autopas::AlignedAllocator<double, (unsigned long)64>>, std::vector<double, autopas::AlignedAllocator<double, (unsigned long)64>>, std::vector<double, autopas::AlignedAllocator<double, (unsigned long)64>>, std::vector<double, autopas::AlignedAllocator<double, (unsigned long)64>>, std::vector<unsigned long, autopas::AlignedAllocator<unsigned long, (unsigned long)64>>, std::vector<autopas::OwnershipState, autopas::AlignedAllocator<autopas::OwnershipState, (unsigned long)64>>>>::size(void) const::{lambda(std::tuple<std::vector<mdLib::MoleculeLJ*, autopas::AlignedAllocator<mdLib::MoleculeLJ*, (unsigned long)64>>, std::vector<unsigned long, autopas::AlignedAllocator<unsigned long, (unsigned long)64>>, std::vector<double, autopas::AlignedAllocator<double, (unsigned long)64>>, std::vector<double, autopas::AlignedAllocator<double, (unsigned long)64>>, std::vector<double, autopas::AlignedAllocator<double, (unsigned long)64>>, std::vector<double, autopas::AlignedAllocator<double, (unsigned long)64>>, std::vector<double, autopas::AlignedAllocator<double, (unsigned long)64>>, std::vector<double, autopas::AlignedAllocator<double, (unsigned long)64>>, std::vector<double, autopas::AlignedAllocator<double, (unsigned long)64>>, std::vector<double, autopas::AlignedAllocator<double, (unsigned long)64>>, std::vector<double, autopas::AlignedAllocator<double, (unsigned long)64>>, std::vector<double, autopas::AlignedAllocator<double, (unsigned long)64>>, std::vector<double, autopas::AlignedAllocator<double, (unsigned long)64>>, std::vector<double, autopas::AlignedAllocator<double, (unsigned long)64>>, std::vector<unsigned long, autopas::AlignedAllocator<unsigned long, (unsigned long)64>>, std::vector<autopas::OwnershipState, autopas::AlignedAllocator<autopas::OwnershipState, (unsigned long)64>>> const&&)#1}&&)::{lambda(std::tuple<std::vector<mdLib::MoleculeLJ*, autopas::AlignedAllocator<mdLib::MoleculeLJ*, (unsigned long)64>>, std::vector<unsigned long, autopas::AlignedAllocator<unsigned long, (unsigned long)64>>, std::vector<double, autopas::AlignedAllocator<double, (unsigned long)64>>, std::vector<double, autopas::AlignedAllocator<double, (unsigned long)64>>, std::vector<double, autopas::AlignedAllocator<double, (unsigned long)64>>, std::vector<double, autopas::AlignedAllocator<double, (unsigned long)64>>, std::vector<double, autopas::AlignedAllocator<double, (unsigned long)64>>, std::vector<double, autopas::AlignedAllocator<double, (unsigned long)64>>, std::vector<double, autopas::AlignedAllocator<double, (unsigned long)64>>, std::vector<double, autopas::AlignedAllocator<double, (unsigned long)64>>, std::vector<double, autopas::AlignedAllocator<double, (unsigned long)64>>, std::vector<double, autopas::AlignedAllocator<double, (unsigned long)64>>, std::vector<double, autopas::AlignedAllocator<double, (unsigned long)64>>, std::vector<double, autopas::AlignedAllocator<double, (unsigned long)64>>, std::vector<unsigned long, autopas::AlignedAllocator<unsigned long, (unsigned long)64>>, std::vector<autopas::OwnershipState, autopas::AlignedAllocator<autopas::OwnershipState, (unsigned long)64>>> const&&)#1}, std::vector<mdLib::MoleculeLJ*, autopas::AlignedAllocator<mdLib::MoleculeLJ*, (unsigned long)64>> const&, std::vector<unsigned long, autopas::AlignedAllocator<unsigned long, (unsigned long)64>> const&, std::vector<double, autopas::AlignedAllocator<double, (unsigned long)64>> const&, std::vector<double, autopas::AlignedAllocator<double, (unsigned long)64>> const&, std::vector<double, autopas::AlignedAllocator<double, (unsigned long)64>> const&, std::vector<double, autopas::AlignedAllocator<double, (unsigned long)64>> const&, std::vector<double, autopas::AlignedAllocator<double, (unsigned long)64>> const&, std::vector<double, autopas::AlignedAllocator<double, (unsigned long)64>> const&, std::vector<double, autopas::AlignedAllocator<double, (unsigned long)64>> const&, std::vector<double, autopas::AlignedAllocator<double, (unsigned long)64>> const&, std::vector<double, autopas::AlignedAllocator<double, (unsigned long)64>> const&, std::vector<double, autopas::AlignedAllocator<double, (unsigned long)64>> const&, std::vector<double, autopas::AlignedAllocator<double, (unsigned long)64>> const&, std::vector<double, autopas::AlignedAllocator<double, (unsigned long)64>> const&, std::vector<unsigned long, autopas::AlignedAllocator<unsigned long, (unsigned long)64>> const&, std::vector<autopas::OwnershipState, autopas::AlignedAllocator<autopas::OwnershipState, (unsigned long)64>> const&>",0,57500000,0,100000032,9252536,0,0,0,0,0,0,0,0,0,0,0,46261433,46261433,0,0,46261433,0,4626268,0,0,0,0,0,0,0,0,0,0,0,0,0,416352897,0,0,0,0,0,0,0,0,0,0,0,0,0,0,0,0,0,0,4626453,0,0,0,0,0,0,0,0,0,0,0,0,0,0,0,0,0,0,0,0,74020288,0,41638077,0,0,0,0,0,0,0,0,0,0,0,md-flexible,"std::__invoke<autopas::utils::TupleUtils::for_each<std::tuple<std::vector<mdLib::MoleculeLJ*, autopas::AlignedAllocator<mdLib::MoleculeLJ*, (unsigned long)64>>, std::vector<unsigned long, autopas::AlignedAllocator<unsigned long, (unsigned long)64>>, std::vector<double, autopas::AlignedAllocator<double, (unsigned long)64>>, std::vector<double, autopas::AlignedAllocator<double, (unsigned long)64>>, std::vector<double, autopas::AlignedAllocator<double, (unsigned long)64>>, std::vector<double, autopas::AlignedAllocator<double, (unsigned long)64>>, std::vector<double, autopas::AlignedAllocator<double, (unsigned long)64>>, std::vector<double, autopas::AlignedAllocator<double, (unsigned long)64>>, std::vector<double, autopas::AlignedAllocator<double, (unsigned long)64>>, std::vector<double, autopas::AlignedAllocator<double, (unsigned long)64>>, std::vector<double, autopas::AlignedAllocator<double, (unsigned long)64>>, std::vector<double, autopas::AlignedAllocator<double, (unsigned long)64>>, std::vector<double, autopas::AlignedAllocator<double, (unsigned long)64>>, std::vector<double, autopas::AlignedAllocator<double, (unsigned long)64>>, std::vector<unsigned long, autopas::AlignedAllocator<unsigned long, (unsigned long)64>>, std::vector<autopas::OwnershipState, autopas::AlignedAllocator<autopas::OwnershipState, (unsigned long)64>>> const&, autopas::SoA<std::tuple<std::vector<mdLib::MoleculeLJ*, autopas::AlignedAllocator<mdLib::MoleculeLJ*, (unsigned long)64>>, std::vector<unsigned long, autopas::AlignedAllocator<unsigned long, (unsigned long)64>>, std::vector<double, autopas::AlignedAllocator<double, (unsigned long)64>>, std::vector<double, autopas::AlignedAllocator<double, (unsigned long)64>>, std::vector<double, autopas::AlignedAllocator<double, (unsigned long)64>>, std::vector<double, autopas::AlignedAllocator<double, (unsigned long)64>>, std::vector<double, autopas::AlignedAllocator<double, (unsigned long)64>>, std::vector<double, autopas::AlignedAllocator<double, (unsigned long)64>>, std::vector<double, autopas::AlignedAllocator<double, (unsigned long)64>>, std::vector<double, autopas::AlignedAllocator<double, (unsigned long)64>>, std::vector<double, autopas::AlignedAllocator<double, (unsigned long)64>>, std::vector<double, autopas::AlignedAllocator<double, (unsigned long)64>>, std::vector<double, autopas::AlignedAllocator<double, (unsigned long)64>>, std::vector<double, autopas::AlignedAllocator<double, (unsigned long)64>>, std::vector<unsigned long, autopas::AlignedAllocator<unsigned long, (unsigned long)64>>, std::vector<autopas::OwnershipState, autopas::AlignedAllocator<autopas::OwnershipState, (unsigned long)64>>>>::size(void) const::{lambda(std::tuple<std::vector<mdLib::MoleculeLJ*, autopas::AlignedAllocator<mdLib::MoleculeLJ*, (unsigned long)64>>, std::vector<unsigned long, autopas::AlignedAllocator<unsigned long, (unsigned long)64>>, std::vector<double, autopas::AlignedAllocator<double, (unsigned long)64>>, std::vector<double, autopas::AlignedAllocator<double, (unsigned long)64>>, std::vector<double, autopas::AlignedAllocator<double, (unsigned long)64>>, std::vector<double, autopas::AlignedAllocator<double, (unsigned long)64>>, std::vector<double, autopas::AlignedAllocator<double, (unsigned long)64>>, std::vector<double, autopas::AlignedAllocator<double, (unsigned long)64>>, std::vector<double, autopas::AlignedAllocator<double, (unsigned long)64>>, std::vector<double, autopas::AlignedAllocator<double, (unsigned long)64>>, std::vector<double, autopas::AlignedAllocator<double, (unsigned long)64>>, std::vector<double, autopas::AlignedAllocator<double, (unsigned long)64>>, std::vector<double, autopas::AlignedAllocator<double, (unsigned long)64>>, std::vector<double, autopas::AlignedAllocator<double, (unsigned long)64>>, std::vector<unsigned long, autopas::AlignedAllocator<unsigned long, (unsigned long)64>>, std::vector<autopas::OwnershipState, autopas::AlignedAllocator<autopas::OwnershipState, (unsigned long)64>>> const&&)#1}>(void, std::tuple<std::vector<mdLib::MoleculeLJ*, autopas::AlignedAllocator<mdLib::MoleculeLJ*, (unsigned long)64>>, std::vector<unsigned long, autopas::AlignedAllocator<unsigned long, (unsigned long)64>>, std::vector<double, autopas::AlignedAllocator<double, (unsigned long)64>>, std::vector<double, autopas::AlignedAllocator<double, (unsigned long)64>>, std::vector<double, autopas::AlignedAllocator<double, (unsigned long)64>>, std::vector<double, autopas::AlignedAllocator<double, (unsigned long)64>>, std::vector<double, autopas::AlignedAllocator<double, (unsigned long)64>>, std::vector<double, autopas::AlignedAllocator<double, (unsigned long)64>>, std::vector<double, autopas::AlignedAllocator<double, (unsigned long)64>>, std::vector<double, autopas::AlignedAllocator<double, (unsigned long)64>>, std::vector<double, autopas::AlignedAllocator<double, (unsigned long)64>>, std::vector<double, autopas::AlignedAllocator<double, (unsigned long)64>>, std::vector<double, autopas::AlignedAllocator<double, (unsigned long)64>>, std::vector<double, autopas::AlignedAllocator<double, (unsigned long)64>>, std::vector<unsigned long, autopas::AlignedAllocator<unsigned long, (unsigned long)64>>, std::vector<autopas::OwnershipState, autopas::AlignedAllocator<autopas::OwnershipState, (unsigned long)64>>> const&&&, autopas::SoA<std::tuple<std::vector<mdLib::MoleculeLJ*, autopas::AlignedAllocator<mdLib::MoleculeLJ*, (unsigned long)64>>, std::vector<unsigned long, autopas::AlignedAllocator<unsigned long, (unsigned long)64>>, std::vector<double, autopas::AlignedAllocator<double, (unsigned long)64>>, std::vector<double, autopas::AlignedAllocator<double, (unsigned long)64>>, std::vector<double, autopas::AlignedAllocator<double, (unsigned long)64>>, std::vector<double, autopas::AlignedAllocator<double, (unsigned long)64>>, std::vector<double, autopas::AlignedAllocator<double, (unsigned long)64>>, std::vector<double, autopas::AlignedAllocator<double, (unsigned long)64>>, std::vector<double, autopas::AlignedAllocator<double, (unsigned long)64>>, std::vector<double, autopas::AlignedAllocator<double, (unsigned long)64>>, std::vector<double, autopas::AlignedAllocator<double, (unsigned long)64>>, std::vector<double, autopas::AlignedAllocator<double, (unsigned long)64>>, std::vector<double, autopas::AlignedAllocator<double, (unsigned long)64>>, std::vector<double, autopas::AlignedAllocator<double, (unsigned long)64>>, std::vector<unsigned long, autopas::AlignedAllocator<unsigned long, (unsigned long)64>>, std::vector<autopas::OwnershipState, autopas::AlignedAllocator<autopas::OwnershipState, (unsigned long)64>>>>::size(void) const::{lambda(std::tuple<std::vector<mdLib::MoleculeLJ*, autopas::AlignedAllocator<mdLib::MoleculeLJ*, (unsigned long)64>>, std::vector<unsigned long, autopas::AlignedAllocator<unsigned long, (unsigned long)64>>, std::vector<double, autopas::AlignedAllocator<double, (unsigned long)64>>, std::vector<double, autopas::AlignedAllocator<double, (unsigned long)64>>, std::vector<double, autopas::AlignedAllocator<double, (unsigned long)64>>, std::vector<double, autopas::AlignedAllocator<double, (unsigned long)64>>, std::vector<double, autopas::AlignedAllocator<double, (unsigned long)64>>, std::vector<double, autopas::AlignedAllocator<double, (unsigned long)64>>, std::vector<double, autopas::AlignedAllocator<double, (unsigned long)64>>, std::vector<double, autopas::AlignedAllocator<double, (unsigned long)64>>, std::vector<double, autopas::AlignedAllocator<double, (unsigned long)64>>, std::vector<double, autopas::AlignedAllocator<double, (unsigned long)64>>, std::vector<double, autopas::AlignedAllocator<double, (unsigned long)64>>, std::vector<double, autopas::AlignedAllocator<double, (unsigned long)64>>, std::vector<unsigned long, autopas::AlignedAllocator<unsigned long, (unsigned long)64>>, std::vector<autopas::OwnershipState, autopas::AlignedAllocator<autopas::OwnershipState, (unsigned long)64>>> const&&)#1}&&)::{lambda(std::tuple<std::vector<mdLib::MoleculeLJ*, autopas::AlignedAllocator<mdLib::MoleculeLJ*, (unsigned long)64>>, std::vector<unsigned long, autopas::AlignedAllocator<unsigned long, (unsigned long)64>>, std::vector<double, autopas::AlignedAllocator<double, (unsigned long)64>>, std::vector<double, autopas::AlignedAllocator<double, (unsigned long)64>>, std::vector<double, autopas::AlignedAllocator<double, (unsigned long)64>>, std::vector<double, autopas::AlignedAllocator<double, (unsigned long)64>>, std::vector<double, autopas::AlignedAllocator<double, (unsigned long)64>>, std::vector<double, autopas::AlignedAllocator<double, (unsigned long)64>>, std::vector<double, autopas::AlignedAllocator<double, (unsigned long)64>>, std::vector<double, autopas::AlignedAllocator<double, (unsigned long)64>>, std::vector<double, autopas::AlignedAllocator<double, (unsigned long)64>>, std::vector<double, autopas::AlignedAllocator<double, (unsigned long)64>>, std::vector<double, autopas::AlignedAllocator<double, (unsigned long)64>>, std::vector<double, autopas::AlignedAllocator<double, (unsigned long)64>>, std::vector<unsigned long, autopas::AlignedAllocator<unsigned long, (unsigned long)64>>, std::vector<autopas::OwnershipState, autopas::AlignedAllocator<autopas::OwnershipState, (unsigned long)64>>> const&&)#1}, std::vector<mdLib::MoleculeLJ*, autopas::AlignedAllocator<mdLib::MoleculeLJ*, (unsigned long)64>> const&, std::vector<unsigned long, autopas::AlignedAllocator<unsigned long, (unsigned long)64>> const&, std::vector<double, autopas::AlignedAllocator<double, (unsigned long)64>> const&, std::vector<double, autopas::AlignedAllocator<double, (unsigned long)64>> const&, std::vector<double, autopas::AlignedAllocator<double, (unsigned long)64>> const&, std::vector<double, autopas::AlignedAllocator<double, (unsigned long)64>> const&, std::vector<double, autopas::AlignedAllocator<double, (unsigned long)64>> const&, std::vector<double, autopas::AlignedAllocator<double, (unsigned long)64>> const&, std::vector<double, autopas::AlignedAllocator<double, (unsigned long)64>> const&, std::vector<double, autopas::AlignedAllocator<double, (unsigned long)64>> const&, std::vector<double, autopas::AlignedAllocator<double, (unsigned long)64>> const&, std::vector<double, autopas::AlignedAllocator<double, (unsigned long)64>> const&, std::vector<double, autopas::AlignedAllocator<double, (unsigned long)64>> const&, std::vector<double, autopas::AlignedAllocator<double, (unsigned long)64>> const&, std::vector<unsigned long, autopas::AlignedAllocator<unsigned long, (unsigned long)64>> const&, std::vector<autopas::OwnershipState, autopas::AlignedAllocator<autopas::OwnershipState, (unsigned long)64>> const&>(std::tuple<std::vector<mdLib::MoleculeLJ*, autopas::AlignedAllocator<mdLib::MoleculeLJ*, (unsigned long)64>>, std::vector<unsigned long, autopas::AlignedAllocator<unsigned long, (unsigned long)64>>, std::vector<double, autopas::AlignedAllocator<double, (unsigned long)64>>, std::vector<double, autopas::AlignedAllocator<double, (unsigned long)64>>, std::vector<double, autopas::AlignedAllocator<double, (unsigned long)64>>, std::vector<double, autopas::AlignedAllocator<double, (unsigned long)64>>, std::vector<double, autopas::AlignedAllocator<double, (unsigned long)64>>, std::vector<double, autopas::AlignedAllocator<double, (unsigned long)64>>, std::vector<double, autopas::AlignedAllocator<double, (unsigned long)64>>, std::vector<double, autopas::AlignedAllocator<double, (unsigned long)64>>, std::vector<double, autopas::AlignedAllocator<double, (unsigned long)64>>, std::vector<double, autopas::AlignedAllocator<double, (unsigned long)64>>, std::vector<double, autopas::AlignedAllocator<double, (unsigned long)64>>, std::vector<double, autopas::AlignedAllocator<double, (unsigned long)64>>, std::vector<unsigned long, autopas::AlignedAllocator<unsigned long, (unsigned long)64>>, std::vector<autopas::OwnershipState, autopas::AlignedAllocator<autopas::OwnershipState, (unsigned long)64>>> const&&&, std::vector<mdLib::MoleculeLJ*, autopas::AlignedAllocator<mdLib::MoleculeLJ*, (unsigned long)64>> const&&&)",invoke.h,0x54b410
"std::__new_allocator<std::__detail::_Hash_node<std::pair<mdLib::MoleculeLJ const* const, unsigned long>, (bool)0>>::allocate",0,0,0,0,0,23131340,0,0,0,0,0,0,0,0,0,0,0,0,0,0,0,0,0,0,0,0,0,0,0,0,0,0,0,462613090,0,0,0,0,0,0,0,0,0,0,0,0,0,0,0,0,0,0,0,0,0,0,0,0,0,0,0,0,0,0,0,0,0,0,0,0,0,0,0,0,0,0,0,0,0,0,0,0,0,0,0,0,0,0,0,0,md-flexible,"std::__new_allocator<std::__detail::_Hash_node<std::pair<mdLib::MoleculeLJ const* const, unsigned long>, (bool)0>>::allocate(unsigned long, void const*)",new_allocator.h,0x540158
"std::__new_allocator<std::__detail::_Hash_node<std::pair<mdLib::MoleculeLJ* const, std::vector<mdLib::MoleculeLJ*, std::allocator<mdLib::MoleculeLJ*>>>, (bool)0>>::allocate",0,11500000,0,0,0,0,0,0,0,0,0,0,0,0,0,0,0,0,0,0,0,0,0,0,0,0,0,0,0,0,0,0,0,0,0,0,0,0,0,0,0,0,0,0,0,0,0,0,0,0,0,0,0,0,0,0,0,0,0,0,0,0,0,0,0,0,0,0,0,0,0,0,0,0,0,0,0,0,0,0,0,0,0,0,0,0,0,0,0,0,md-flexible,"std::__new_allocator<std::__detail::_Hash_node<std::pair<mdLib::MoleculeLJ* const, std::vector<mdLib::MoleculeLJ*, std::allocator<mdLib::MoleculeLJ*>>>, (bool)0>>::allocate(unsigned long, void const*)",new_allocator.h,0x501e60
std::max<unsigned long>,0,0,0,0,0,0,4626268,0,0,0,0,0,0,0,0,0,0,0,0,0,0,0,0,0,0,0,0,0,0,0,0,0,0,0,0,0,0,0,0,0,0,0,0,0,0,0,0,0,0,0,0,0,0,0,0,0,0,0,0,0,0,0,46261433,0,0,0,0,0,0,0,0,0,0,0,0,0,0,0,0,0,0,0,0,0,0,0,0,0,0,0,md-flexible,"std::max<unsigned long>(unsigned long const&, unsigned long const&)",stl_algobase.h,0x54b417
"std::tuple<mdLib::MoleculeLJ const*&, unsigned long&, unsigned long&>::operator=<mdLib::MoleculeLJ const*, unsigned long, unsigned long>",0,11500000,0,0,0,0,0,0,0,0,0,0,0,0,0,0,0,0,0,0,0,0,0,0,0,0,0,0,0,0,0,0,0,0,0,0,0,0,0,0,0,0,0,0,0,0,0,0,0,0,0,0,0,0,0,0,0,0,0,0,0,0,0,0,0,0,0,0,0,0,0,0,0,0,0,0,0,0,0,0,0,0,0,0,0,0,0,0,0,0,md-flexible,"std::tuple<mdLib::MoleculeLJ const*&, unsigned long&, unsigned long&>::operator=<mdLib::MoleculeLJ const*, unsigned long, unsigned long>(std::tuple<mdLib::MoleculeLJ const*>&&)",tuple,0x4f21f0
"std::tuple<unsigned long&, unsigned long&>::operator=<unsigned long, unsigned long>",0,0,0,0,0,0,0,0,0,462751,0,0,0,0,0,0,0,0,0,0,0,0,0,0,0,0,0,0,0,0,0,0,0,0,0,0,0,0,0,0,0,0,0,0,0,0,0,0,0,0,0,0,0,0,0,0,0,0,0,0,0,0,0,0,0,0,0,0,0,3239257,0,0,0,0,0,0,0,0,0,0,0,0,0,0,0,0,0,0,0,0,md-flexible,"std::tuple<unsigned long&, unsigned long&>::operator=<unsigned long, unsigned long>(std::tuple<unsigned long>&&)",tuple,0x50e4f5
"std::tuple<unsigned long, unsigned long>::tuple<unsigned long, unsigned long>",0,0,0,50000016,0,60141484,0,0,0,0,0,0,0,0,0,0,0,0,0,0,0,0,0,0,0,0,0,0,0,0,0,0,0,0,0,0,0,0,0,0,0,0,0,0,0,0,0,0,0,0,0,0,0,0,0,0,0,0,0,0,0,0,0,0,0,0,0,0,0,0,0,0,0,0,0,0,0,0,0,0,0,0,0,0,0,0,0,0,0,0,md-flexible,"std::tuple<unsigned long, unsigned long>::tuple<unsigned long, unsigned long>(unsigned long&&)",tuple,0x50e35b
"std::unordered_map<mdLib::MoleculeLJ const*, unsigned long, std::hash<mdLib::MoleculeLJ const*>, std::equal_to<mdLib::MoleculeLJ const*>, std::allocator<std::pair<mdLib::MoleculeLJ const* const, unsigned long>>>::operator[]",0,0,0,0,0,4626268,0,0,0,0,92522727,46261433,0,0,0,0,0,0,0,0,0,0,0,0,0,0,0,0,0,0,0,0,0,0,0,0,0,0,0,0,0,0,0,0,0,0,0,0,0,0,0,0,0,0,0,0,0,0,0,0,0,0,0,0,0,0,0,0,0,0,0,0,0,0,0,0,0,0,0,0,0,0,0,0,0,0,0,0,0,0,md-flexible,"std::unordered_map<mdLib::MoleculeLJ const*, unsigned long, std::hash<mdLib::MoleculeLJ const*>, std::equal_to<mdLib::MoleculeLJ const*>, std::allocator<std::pair<mdLib::MoleculeLJ const* const, unsigned long>>>::operator[](mdLib::MoleculeLJ const* const&)",unordered_map.h,0x540450
"std::unordered_map<mdLib::MoleculeLJ const*, unsigned long, std::hash<mdLib::MoleculeLJ const*>, std::equal_to<mdLib::MoleculeLJ const*>, std::allocator<std::pair<mdLib::MoleculeLJ const* const, unsigned long>>>::~unordered_map",0,0,0,100000032,0,0,0,0,0,0,0,0,0,0,0,0,0,0,0,0,0,0,0,0,0,0,0,0,0,0,0,0,0,925226180,0,0,185045732,0,0,0,0,0,0,0,0,0,0,0,0,0,0,0,0,0,0,0,0,0,0,0,0,0,0,0,0,0,0,0,0,0,0,0,0,0,0,0,0,0,0,0,0,0,0,0,0,0,0,0,0,0,md-flexible,"std::unordered_map<mdLib::MoleculeLJ const*, unsigned long, std::hash<mdLib::MoleculeLJ const*>, std::equal_to<mdLib::MoleculeLJ const*>, std::allocator<std::pair<mdLib::MoleculeLJ const* const, unsigned long>>>::~unordered_map(void)",unordered_map.h,0x524d87
"std::vector<ParticlePropertiesLibrary<double, unsigned long>::PackedLJMixingData, autopas::AlignedAllocator<ParticlePropertiesLibrary<double, unsigned long>::PackedLJMixingData, (unsigned long)64>>::operator[]",0,0,0,0,0,0,0,0,0,0,0,0,0,0,46261433,0,0,0,0,0,0,0,0,0,0,0,0,0,0,0,0,0,0,0,0,0,0,0,0,0,0,0,0,0,0,0,0,0,0,0,0,0,0,0,0,0,0,0,0,0,0,0,0,0,0,0,0,0,0,0,0,0,0,0,0,0,0,0,0,0,0,0,0,0,0,0,0,0,0,0,md-flexible,"std::vector<ParticlePropertiesLibrary<double, unsigned long>::PackedLJMixingData, autopas::AlignedAllocator<ParticlePropertiesLibrary<double, unsigned long>::PackedLJMixingData, (unsigned long)64>>::operator[](unsigned long) const",stl_vector.h,0x555a08
"std::vector<autopas::ReferenceParticleCell<mdLib::MoleculeLJ>, std::allocator<autopas::ReferenceParticleCell<mdLib::MoleculeLJ>>>::operator[]",0,0,0,0,13878804,0,0,0,0,462751,0,0,0,0,0,0,0,0,0,0,0,0,0,0,0,0,0,0,0,0,0,0,0,0,0,0,0,0,0,0,0,0,0,0,0,0,0,0,0,0,0,0,0,0,0,0,0,0,0,0,0,0,0,0,0,0,0,0,0,4164759,0,0,0,0,0,0,1369375328,0,0,0,0,0,0,0,0,0,0,0,0,0,md-flexible,"std::vector<autopas::ReferenceParticleCell<mdLib::MoleculeLJ>, std::allocator<autopas::ReferenceParticleCell<mdLib::MoleculeLJ>>>::operator[](unsigned long) const",stl_vector.h,0x5393b0
"std::vector<autopas::ReferenceParticleCell<mdLib::MoleculeLJ>, std::allocator<autopas::ReferenceParticleCell<mdLib::MoleculeLJ>>>::operator[]",0,34500000,0,50000016,9252536,0,0,0,0,0,0,0,0,0,0,0,0,0,0,0,0,0,0,0,0,0,0,0,0,0,0,0,0,0,0,0,0,0,0,0,0,0,0,0,0,0,0,0,0,0,0,0,0,0,0,0,138784299,0,0,0,0,0,0,0,0,0,0,0,0,0,0,0,0,0,2914470279,0,64767752,0,0,0,0,0,0,0,0,0,0,0,0,0,md-flexible,"std::vector<autopas::ReferenceParticleCell<mdLib::MoleculeLJ>, std::allocator<autopas::ReferenceParticleCell<mdLib::MoleculeLJ>>>::operator[](unsigned long) const",stl_vector.h,0x539243
"std::vector<autopas::ReferenceParticleCell<mdLib::MoleculeLJ>, std::allocator<autopas::ReferenceParticleCell<mdLib::MoleculeLJ>>>::size",0,0,0,50000016,18505072,0,0,0,0,0,0,0,0,0,0,0,0,0,0,0,0,0,0,0,0,0,0,0,0,0,0,0,0,0,0,0,0,0,0,0,0,0,0,0,0,0,0,0,0,0,0,0,0,0,0,0,0,0,0,0,0,0,0,0,0,0,0,0,0,0,0,0,0,0,0,0,360848904,0,0,0,0,0,0,0,0,0,0,0,0,0,md-flexible,"std::vector<autopas::ReferenceParticleCell<mdLib::MoleculeLJ>, std::allocator<autopas::ReferenceParticleCell<mdLib::MoleculeLJ>>>::size(void) const",stl_vector.h,0x50e470
"std::vector<double, autopas::AlignedAllocator<double, (unsigned long)64>>::data",0,0,0,0,18505072,0,0,0,0,0,0,0,0,0,0,0,0,0,0,0,0,0,0,0,0,0,0,0,0,0,0,0,0,0,0,0,0,0,0,0,0,0,0,0,0,0,0,0,0,0,0,0,0,0,0,0,92522866,0,0,0,0,0,0,0,0,0,0,0,0,0,0,0,0,0,647660062,0,2178972228,0,0,0,0,0,0,0,0,0,0,0,0,0,md-flexible,"std::vector<double, autopas::AlignedAllocator<double, (unsigned long)64>>::data(void)",stl_vector.h,0x5556ac
"std::vector<double, autopas::AlignedAllocator<double, (unsigned long)64>>::data",0,0,0,0,0,0,0,0,0,462751,0,0,0,0,0,0,0,0,0,0,0,0,0,0,0,0,0,0,0,0,0,0,0,0,0,0,0,0,0,0,0,0,0,0,0,0,0,0,0,0,0,0,0,0,0,0,0,0,0,0,0,0,0,0,0,0,0,0,0,3239257,0,0,0,0,0,0,0,0,0,0,0,0,0,0,0,0,0,0,0,0,md-flexible,"std::vector<double, autopas::AlignedAllocator<double, (unsigned long)64>>::data(void)",stl_vector.h,0x509972
"std::vector<double, autopas::AlignedAllocator<double, (unsigned long)64>>::data",0,0,0,0,0,0,0,0,0,0,0,0,0,0,0,0,0,0,0,0,0,0,0,4626268,0,0,0,0,0,0,0,0,0,0,92522727,0,0,0,0,0,0,0,0,0,0,0,0,0,0,0,0,0,0,0,0,0,0,0,0,0,0,0,0,0,0,0,0,0,0,0,0,0,0,0,0,0,0,0,0,0,0,0,0,0,0,0,0,0,0,0,md-flexible,"std::vector<double, autopas::AlignedAllocator<double, (unsigned long)64>>::data(void)",stl_vector.h,0x509991
"std::vector<double, autopas::AlignedAllocator<double, (unsigned long)64>>::data",0,0,0,0,0,0,0,0,0,462751,0,0,0,0,0,0,0,0,0,0,0,0,0,0,0,0,0,0,0,0,0,0,0,0,0,0,0,0,0,0,0,0,0,0,0,0,0,0,0,0,0,0,0,0,0,0,0,0,0,0,0,0,0,0,0,0,0,0,0,3239257,0,0,0,0,0,0,0,0,0,0,0,0,0,0,0,0,0,0,0,0,md-flexible,"std::vector<double, autopas::AlignedAllocator<double, (unsigned long)64>>::data(void)",stl_vector.h,0x50999d
"std::vector<double, autopas::AlignedAllocator<double, (unsigned long)64>>::size",0,0,0,0,4626268,0,0,0,0,462751,0,0,0,0,0,0,0,0,0,0,0,0,0,0,0,0,0,0,0,0,0,0,0,0,0,0,0,0,0,0,0,0,0,0,0,0,0,0,0,0,0,0,0,0,0,0,0,0,0,0,0,0,0,0,0,0,0,0,0,6478514,0,0,0,0,0,0,41636412,0,0,0,0,0,0,0,0,0,0,0,0,0,md-flexible,"std::vector<double, autopas::AlignedAllocator<double, (unsigned long)64>>::size(void) const",stl_vector.h,0x54bb40
"std::vector<mdLib::MoleculeLJ*, std::allocator<mdLib::MoleculeLJ*>>::_M_check_len",0,23000000,0,0,0,0,0,0,0,0,0,0,0,0,0,0,0,0,0,0,0,0,0,0,0,0,0,0,0,0,0,0,0,0,0,0,0,0,0,0,0,0,0,0,0,0,0,0,0,0,0,0,0,0,0,0,0,0,0,0,0,0,0,0,0,0,0,0,0,0,0,0,0,0,0,0,0,0,0,0,0,0,0,0,0,0,0,0,0,0,md-flexible,"std::vector<mdLib::MoleculeLJ*, std::allocator<mdLib::MoleculeLJ*>>::_M_check_len(unsigned long, char const*) const",stl_vector.h,0x509979
"std::vector<mdLib::MoleculeLJ*, std::allocator<mdLib::MoleculeLJ*>>::clear",0,0,0,0,0,0,0,0,0,0,0,0,0,0,0,0,0,0,0,0,0,0,0,0,0,0,0,0,0,0,46261433,0,0,0,0,0,46261433,0,0,0,0,0,0,0,0,0,0,0,0,0,0,0,0,0,0,0,0,0,0,0,0,0,0,0,0,0,0,0,0,0,0,0,0,0,0,0,0,0,0,0,0,0,0,0,0,0,0,0,0,0,md-flexible,"std::vector<mdLib::MoleculeLJ*, std::allocator<mdLib::MoleculeLJ*>>::clear(void)",stl_vector.h,0x546740
"std::vector<mdLib::MoleculeLJ*, std::allocator<mdLib::MoleculeLJ*>>::clear",0,0,0,50000016,0,0,0,0,0,0,0,0,0,0,0,0,0,0,0,0,46261433,0,0,0,0,0,0,0,0,0,0,0,0,0,0,0,0,0,0,0,0,0,0,0,0,0,0,0,0,0,0,0,0,0,0,0,0,0,0,0,0,0,0,0,0,0,0,0,0,0,0,0,0,0,0,0,0,0,0,0,0,0,0,0,0,0,0,0,0,0,md-flexible,"std::vector<mdLib::MoleculeLJ*, std::allocator<mdLib::MoleculeLJ*>>::clear(void)",stl_vector.h,0x51ca70
"std::vector<mdLib::MoleculeLJ*, std::allocator<mdLib::MoleculeLJ*>>::operator[]",0,0,0,0,41636412,0,0,0,0,462751,0,0,0,0,0,0,0,0,0,0,0,0,0,0,0,0,0,0,0,0,0,0,0,0,0,0,0,0,0,0,0,0,0,0,0,0,0,0,0,0,0,0,0,0,0,0,0,0,0,0,0,0,0,0,0,0,0,0,0,3239257,0,0,0,0,0,0,758707952,0,0,0,0,0,0,0,0,0,0,0,0,0,md-flexible,"std::vector<mdLib::MoleculeLJ*, std::allocator<mdLib::MoleculeLJ*>>::operator[](unsigned long) const",stl_vector.h,0x50e408
"std::vector<mdLib::MoleculeLJ*, std::allocator<mdLib::MoleculeLJ*>>::reserve",0,0,0,0,0,0,0,0,0,0,0,0,0,0,0,0,46261433,0,0,0,0,0,0,0,0,0,0,0,0,0,46261433,0,0,0,0,0,0,0,0,0,0,0,0,0,0,0,0,0,0,0,0,0,0,0,0,0,0,0,0,0,0,0,0,0,0,0,0,0,0,0,0,0,0,0,0,0,0,0,0,0,0,0,0,0,0,0,0,0,0,0,md-flexible,"std::vector<mdLib::MoleculeLJ*, std::allocator<mdLib::MoleculeLJ*>>::reserve(unsigned long)",vector.tcc,0x50c189
"std::vector<mdLib::MoleculeLJ*, std::allocator<mdLib::MoleculeLJ*>>::size",0,11500000,0,0,0,0,0,0,0,462751,0,0,0,0,0,92522866,0,0,0,0,46261433,46261433,0,0,0,0,0,0,0,0,0,0,0,0,0,0,46261433,0,0,0,0,0,0,0,0,0,0,0,0,0,0,0,0,0,0,0,0,0,0,0,0,0,0,46261433,0,0,0,0,0,3239257,0,0,0,0,0,0,0,0,0,0,0,0,0,0,0,0,0,0,0,0,md-flexible,"std::vector<mdLib::MoleculeLJ*, std::allocator<mdLib::MoleculeLJ*>>::size(void) const",stl_vector.h,0x4fdd4a
"std::vector<mdLib::MoleculeLJ*, std::allocator<mdLib::MoleculeLJ*>>::size",0,0,0,0,18505072,0,0,0,0,462751,0,0,0,0,0,0,0,0,0,0,0,0,0,0,0,0,0,0,0,0,0,0,0,0,0,0,0,0,0,0,0,0,0,0,0,0,0,0,0,0,0,0,0,0,0,0,0,0,0,0,0,0,0,0,0,0,0,0,0,3239257,0,0,0,0,0,0,226687132,0,0,0,0,0,0,0,0,0,0,0,0,0,md-flexible,"std::vector<mdLib::MoleculeLJ*, std::allocator<mdLib::MoleculeLJ*>>::size(void) const",stl_vector.h,0x50e3b8
"std::vector<mdLib::MoleculeLJ*, std::allocator<mdLib::MoleculeLJ*>>::size",0,0,0,0,0,0,0,0,0,0,0,0,0,0,0,0,0,0,0,0,0,0,0,0,0,0,0,0,0,0,0,0,0,0,0,0,0,0,0,0,0,0,0,0,0,0,0,0,0,0,0,0,0,0,0,4626453,0,0,0,0,0,0,0,0,0,0,0,0,0,0,0,0,0,0,0,0,0,0,32385171,0,0,0,0,0,0,0,0,0,0,0,md-flexible,"std::vector<mdLib::MoleculeLJ*, std::allocator<mdLib::MoleculeLJ*>>::size(void) const",stl_vector.h,0x5404ab
"std::vector<mdLib::MoleculeLJ, std::allocator<mdLib::MoleculeLJ>>::erase",0,11500000,0,50000016,0,0,0,0,0,0,0,0,0,0,0,0,0,0,0,0,0,0,0,0,0,0,0,0,0,0,0,0,0,0,0,0,0,0,0,0,0,0,0,0,0,0,0,0,0,0,0,0,0,0,0,0,0,0,0,0,0,0,0,0,0,0,0,0,0,0,0,0,0,0,0,0,0,0,0,0,0,0,0,0,0,0,0,0,0,0,md-flexible,"std::vector<mdLib::MoleculeLJ, std::allocator<mdLib::MoleculeLJ>>::erase(__gnu_cxx::__normal_iterator<mdLib::MoleculeLJ const*, std::vector<mdLib::MoleculeLJ, std::allocator<mdLib::MoleculeLJ>>>, __gnu_cxx::__normal_iterator<mdLib::MoleculeLJ const*, std::vector<mdLib::MoleculeLJ, std::allocator<mdLib::MoleculeLJ>>>)",stl_vector.h,0x43a736
"std::vector<mdLib::MoleculeLJ, std::allocator<mdLib::MoleculeLJ>>::push_back",0,11500000,0,50000016,0,0,0,0,0,0,92522727,46261433,0,0,0,0,0,0,0,0,0,0,0,0,0,0,0,0,0,0,0,0,0,0,0,0,0,0,0,0,0,0,0,0,0,0,0,0,0,0,0,0,0,0,0,0,0,0,0,0,0,0,0,0,0,0,0,0,0,0,0,0,0,0,0,0,0,0,0,0,0,0,0,0,0,0,0,0,0,0,md-flexible,"std::vector<mdLib::MoleculeLJ, std::allocator<mdLib::MoleculeLJ>>::push_back(mdLib::MoleculeLJ const&)",stl_vector.h,0x443348
"std::vector<mdLib::MoleculeLJ, std::allocator<mdLib::MoleculeLJ>>::~vector",0,0,0,50000016,9252536,0,0,0,0,0,0,0,0,0,0,0,0,0,0,0,0,0,0,0,0,0,0,0,0,0,0,0,0,0,0,0,0,0,0,0,0,0,0,0,0,0,0,0,0,0,0,0,0,0,0,0,0,0,0,0,0,0,0,0,0,0,0,0,0,0,0,0,0,0,0,0,656930056,0,0,0,0,0,0,0,0,0,0,0,0,0,md-flexible,"std::vector<mdLib::MoleculeLJ, std::allocator<mdLib::MoleculeLJ>>::~vector(void)",stl_vector.h,0x4460c4
"std::vector<std::vector<unsigned long, autopas::AlignedAllocator<unsigned long, (unsigned long)64>>, std::allocator<std::vector<unsigned long, autopas::AlignedAllocator<unsigned long, (unsigned long)64>>>>::operator[]",0,0,0,0,0,0,4626268,0,0,925502,0,0,0,0,0,0,0,0,0,0,0,0,0,0,0,0,0,0,0,0,0,0,0,0,0,0,0,0,0,0,0,0,0,0,0,0,0,0,0,0,0,0,0,0,0,0,0,0,0,0,0,0,0,0,0,0,0,0,0,7866767,0,0,0,0,0,0,0,0,0,0,0,0,0,0,0,0,0,0,0,0,md-flexible,"std::vector<std::vector<unsigned long, autopas::AlignedAllocator<unsigned long, (unsigned long)64>>, std::allocator<std::vector<unsigned long, autopas::AlignedAllocator<unsigned long, (unsigned long)64>>>>::operator[](unsigned long)",stl_vector.h,0x5404ec
"std::vector<unsigned long, autopas::AlignedAllocator<unsigned long, (unsigned long)64>>::size",0,57500000,0,50000016,4626268,0,0,0,0,0,0,0,0,0,0,46261433,46261433,92522866,92522727,0,46261433,0,4626268,0,0,0,0,0,0,0,0,0,0,0,0,0,92522866,0,0,0,0,0,0,0,0,0,0,0,0,0,0,0,0,0,0,0,0,0,0,0,0,0,0,0,0,0,0,0,0,0,0,0,0,0,0,0,41636412,0,0,0,0,0,0,0,0,0,0,0,0,0,md-flexible,"std::vector<unsigned long, autopas::AlignedAllocator<unsigned long, (unsigned long)64>>::size(void) const",stl_vector.h,0x537920
sysmalloc,0,11500000,0,50000016,0,0,0,0,0,0,0,0,0,0,0,0,0,0,0,0,0,0,0,0,0,0,0,0,0,0,0,0,0,0,0,0,0,0,0,0,0,0,0,0,0,0,0,0,0,0,0,0,0,0,0,0,0,0,0,0,0,0,0,0,0,0,0,0,0,0,0,0,0,0,0,0,0,0,0,0,0,0,0,0,0,0,0,0,0,0,libc.so.6,sysmalloc,[Unknown],0xb612e
