Function,CPU Time,CPU Time:Effective Time,CPU Time:Spin Time,CPU Time:Spin Time:Imbalance or Serial Spinning,CPU Time:Spin Time:Lock Contention,CPU Time:Spin Time:Other,CPU Time:Overhead Time,CPU Time:Overhead Time:Creation,CPU Time:Overhead Time:Scheduling,CPU Time:Overhead Time:Reduction,CPU Time:Overhead Time:Atomics,CPU Time:Overhead Time:Other,Module,Function (Full),Source File,Start Address
_mm256_sub_pd,10.090108,10.090108,0.0,0.0,0.0,0.0,0.0,0.0,0.0,0.0,0.0,0.0,md-flexible,_mm256_sub_pd,avxintrin.h,0x5564f8
autopas::VerletListHelpers<mdLib::MoleculeLJ>::VerletListGeneratorFunctor::SoAFunctorPair,5.788028,5.788028,0.0,0.0,0.0,0.0,0.0,0.0,0.0,0.0,0.0,0.0,md-flexible,"autopas::VerletListHelpers<mdLib::MoleculeLJ>::VerletListGeneratorFunctor::SoAFunctorPair(autopas::SoAView<std::tuple<std::vector<mdLib::MoleculeLJ*, autopas::AlignedAllocator<mdLib::MoleculeLJ*, (unsigned long)64>>, std::vector<unsigned long, autopas::AlignedAllocator<unsigned long, (unsigned long)64>>, std::vector<double, autopas::AlignedAllocator<double, (unsigned long)64>>, std::vector<double, autopas::AlignedAllocator<double, (unsigned long)64>>, std::vector<double, autopas::AlignedAllocator<double, (unsigned long)64>>, std::vector<double, autopas::AlignedAllocator<double, (unsigned long)64>>, std::vector<double, autopas::AlignedAllocator<double, (unsigned long)64>>, std::vector<double, autopas::AlignedAllocator<double, (unsigned long)64>>, std::vector<double, autopas::AlignedAllocator<double, (unsigned long)64>>, std::vector<double, autopas::AlignedAllocator<double, (unsigned long)64>>, std::vector<double, autopas::AlignedAllocator<double, (unsigned long)64>>, std::vector<double, autopas::AlignedAllocator<double, (unsigned long)64>>, std::vector<double, autopas::AlignedAllocator<double, (unsigned long)64>>, std::vector<double, autopas::AlignedAllocator<double, (unsigned long)64>>, std::vector<unsigned long, autopas::AlignedAllocator<unsigned long, (unsigned long)64>>, std::vector<autopas::OwnershipState, autopas::AlignedAllocator<autopas::OwnershipState, (unsigned long)64>>>>, autopas::SoAView<std::tuple<std::vector<mdLib::MoleculeLJ*, autopas::AlignedAllocator<mdLib::MoleculeLJ*, (unsigned long)64>>, std::vector<unsigned long, autopas::AlignedAllocator<unsigned long, (unsigned long)64>>, std::vector<double, autopas::AlignedAllocator<double, (unsigned long)64>>, std::vector<double, autopas::AlignedAllocator<double, (unsigned long)64>>, std::vector<double, autopas::AlignedAllocator<double, (unsigned long)64>>, std::vector<double, autopas::AlignedAllocator<double, (unsigned long)64>>, std::vector<double, autopas::AlignedAllocator<double, (unsigned long)64>>, std::vector<double, autopas::AlignedAllocator<double, (unsigned long)64>>, std::vector<double, autopas::AlignedAllocator<double, (unsigned long)64>>, std::vector<double, autopas::AlignedAllocator<double, (unsigned long)64>>, std::vector<double, autopas::AlignedAllocator<double, (unsigned long)64>>, std::vector<double, autopas::AlignedAllocator<double, (unsigned long)64>>, std::vector<double, autopas::AlignedAllocator<double, (unsigned long)64>>, std::vector<double, autopas::AlignedAllocator<double, (unsigned long)64>>, std::vector<unsigned long, autopas::AlignedAllocator<unsigned long, (unsigned long)64>>, std::vector<autopas::OwnershipState, autopas::AlignedAllocator<autopas::OwnershipState, (unsigned long)64>>>>, bool)",VerletListHelpers.h,0x509c40
"mdLib::LJFunctorAVX<mdLib::MoleculeLJ, (bool)1, (bool)1, (autopas::FunctorN3Modes)2, (bool)0, (bool)0, (bool)1>::SoAFunctorVerletImpl<(bool)0>",4.754176,4.754176,0.0,0.0,0.0,0.0,0.0,0.0,0.0,0.0,0.0,0.0,md-flexible,"mdLib::LJFunctorAVX<mdLib::MoleculeLJ, (bool)1, (bool)1, (autopas::FunctorN3Modes)2, (bool)0, (bool)0, (bool)1>::SoAFunctorVerletImpl<(bool)0>(autopas::SoAView<std::tuple<std::vector<mdLib::MoleculeLJ*, autopas::AlignedAllocator<mdLib::MoleculeLJ*, (unsigned long)64>>, std::vector<unsigned long, autopas::AlignedAllocator<unsigned long, (unsigned long)64>>, std::vector<double, autopas::AlignedAllocator<double, (unsigned long)64>>, std::vector<double, autopas::AlignedAllocator<double, (unsigned long)64>>, std::vector<double, autopas::AlignedAllocator<double, (unsigned long)64>>, std::vector<double, autopas::AlignedAllocator<double, (unsigned long)64>>, std::vector<double, autopas::AlignedAllocator<double, (unsigned long)64>>, std::vector<double, autopas::AlignedAllocator<double, (unsigned long)64>>, std::vector<double, autopas::AlignedAllocator<double, (unsigned long)64>>, std::vector<double, autopas::AlignedAllocator<double, (unsigned long)64>>, std::vector<double, autopas::AlignedAllocator<double, (unsigned long)64>>, std::vector<double, autopas::AlignedAllocator<double, (unsigned long)64>>, std::vector<double, autopas::AlignedAllocator<double, (unsigned long)64>>, std::vector<double, autopas::AlignedAllocator<double, (unsigned long)64>>, std::vector<unsigned long, autopas::AlignedAllocator<unsigned long, (unsigned long)64>>, std::vector<autopas::OwnershipState, autopas::AlignedAllocator<autopas::OwnershipState, (unsigned long)64>>>>, unsigned long, std::vector<unsigned long, autopas::AlignedAllocator<unsigned long, (unsigned long)64>> const&)",LJFunctorAVX.h,0x556330
"std::sort<__gnu_cxx::__normal_iterator<unsigned long*, std::vector<unsigned long, autopas::AlignedAllocator<unsigned long, (unsigned long)64>>>>",3.763939,3.763939,0.0,0.0,0.0,0.0,0.0,0.0,0.0,0.0,0.0,0.0,md-flexible,"std::sort<__gnu_cxx::__normal_iterator<unsigned long*, std::vector<unsigned long, autopas::AlignedAllocator<unsigned long, (unsigned long)64>>>>(__gnu_cxx::__normal_iterator<unsigned long*, std::vector<unsigned long, autopas::AlignedAllocator<unsigned long, (unsigned long)64>>>, __gnu_cxx::__normal_iterator<unsigned long*, std::vector<unsigned long, autopas::AlignedAllocator<unsigned long, (unsigned long)64>>>)",stl_algo.h,0x5384df
"std::unordered_map<mdLib::MoleculeLJ const*, unsigned long, std::hash<mdLib::MoleculeLJ const*>, std::equal_to<mdLib::MoleculeLJ const*>, std::allocator<std::pair<mdLib::MoleculeLJ const* const, unsigned long>>>::find",2.047869,2.047869,0.0,0.0,0.0,0.0,0.0,0.0,0.0,0.0,0.0,0.0,md-flexible,"std::unordered_map<mdLib::MoleculeLJ const*, unsigned long, std::hash<mdLib::MoleculeLJ const*>, std::equal_to<mdLib::MoleculeLJ const*>, std::allocator<std::pair<mdLib::MoleculeLJ const* const, unsigned long>>>::find(mdLib::MoleculeLJ const* const&)",unordered_map.h,0x5415cb
_ZN5mdLib12LJFunctorAVXINS_10MoleculeLJELb1ELb1ELN7autopas14FunctorN3ModesE2ELb0ELb0ELb1EE9SoAKernelILb0ELb0EEEvmDv4_xPKlRKDv4_dSB_SB_PKdSD_SD_PdSE_SE_PKmSG_RS9_SH_SH_PS9_SI_SI_SI_j,1.716272,1.716272,0.0,0.0,0.0,0.0,0.0,0.0,0.0,0.0,0.0,0.0,md-flexible,_ZN5mdLib12LJFunctorAVXINS_10MoleculeLJELb1ELb1ELN7autopas14FunctorN3ModesE2ELb0ELb0ELb1EE9SoAKernelILb0ELb0EEEvmDv4_xPKlRKDv4_dSB_SB_PKdSD_SD_PdSE_SE_PKmSG_RS9_SH_SH_PS9_SI_SI_SI_j,LJFunctorAVX.h,0x556430
"std::vector<mdLib::MoleculeLJ*, std::allocator<mdLib::MoleculeLJ*>>::push_back",1.635939,1.635939,0.0,0.0,0.0,0.0,0.0,0.0,0.0,0.0,0.0,0.0,md-flexible,"std::vector<mdLib::MoleculeLJ*, std::allocator<mdLib::MoleculeLJ*>>::push_back(mdLib::MoleculeLJ* const&)",stl_vector.h,0x509cb9
_mm256_and_pd,1.360037,1.360037,0.0,0.0,0.0,0.0,0.0,0.0,0.0,0.0,0.0,0.0,md-flexible,_mm256_and_pd,avxintrin.h,0x556531
_mm256_add_pd,1.135637,1.135637,0.0,0.0,0.0,0.0,0.0,0.0,0.0,0.0,0.0,0.0,md-flexible,_mm256_add_pd,avxintrin.h,0x556621
_mm256_cmp_pd,1.125955,1.125955,0.0,0.0,0.0,0.0,0.0,0.0,0.0,0.0,0.0,0.0,md-flexible,_mm256_cmp_pd,avxintrin.h,0x55650d
_mm256_sub_pd,1.075827,1.075827,0.0,0.0,0.0,0.0,0.0,0.0,0.0,0.0,0.0,0.0,md-flexible,_mm256_sub_pd,avxintrin.h,0x5565ec
_mm256_cmp_pd,1.048023,1.048023,0.0,0.0,0.0,0.0,0.0,0.0,0.0,0.0,0.0,0.0,md-flexible,_mm256_cmp_pd,avxintrin.h,0x55652b
_mm256_and_pd,1.043753,1.043753,0.0,0.0,0.0,0.0,0.0,0.0,0.0,0.0,0.0,0.0,md-flexible,_mm256_and_pd,avxintrin.h,0x5565fa
_mm256_add_pd,1.021893,1.021893,0.0,0.0,0.0,0.0,0.0,0.0,0.0,0.0,0.0,0.0,md-flexible,_mm256_add_pd,avxintrin.h,0x556526
_mm256_set_pd,0.944021,0.944021,0.0,0.0,0.0,0.0,0.0,0.0,0.0,0.0,0.0,0.0,md-flexible,_mm256_set_pd,avxintrin.h,0x5564f8
_mm256_mul_pd,0.887758,0.887758,0.0,0.0,0.0,0.0,0.0,0.0,0.0,0.0,0.0,0.0,md-flexible,_mm256_mul_pd,avxintrin.h,0x5565e4
_mm256_add_pd,0.847882,0.847882,0.0,0.0,0.0,0.0,0.0,0.0,0.0,0.0,0.0,0.0,md-flexible,_mm256_add_pd,avxintrin.h,0x5565f5
__memset_evex_unaligned_erms,0.824492,0.824492,0.0,0.0,0.0,0.0,0.0,0.0,0.0,0.0,0.0,0.0,libc.so.6,__memset_evex_unaligned_erms,[Unknown],0x18f6ce
"std::vector<mdLib::MoleculeLJ*, std::allocator<mdLib::MoleculeLJ*>>::push_back",0.672000,0.672000,0.0,0.0,0.0,0.0,0.0,0.0,0.0,0.0,0.0,0.0,md-flexible,"std::vector<mdLib::MoleculeLJ*, std::allocator<mdLib::MoleculeLJ*>>::push_back(mdLib::MoleculeLJ* const&)",stl_vector.h,0x50a323
_mm256_mul_pd,0.573900,0.573900,0.0,0.0,0.0,0.0,0.0,0.0,0.0,0.0,0.0,0.0,md-flexible,_mm256_mul_pd,avxintrin.h,0x5565fa
"__gnu_cxx::__normal_iterator<unsigned long*, std::vector<unsigned long, autopas::AlignedAllocator<unsigned long, (unsigned long)64>>>::operator--",0.559785,0.559785,0.0,0.0,0.0,0.0,0.0,0.0,0.0,0.0,0.0,0.0,md-flexible,"__gnu_cxx::__normal_iterator<unsigned long*, std::vector<unsigned long, autopas::AlignedAllocator<unsigned long, (unsigned long)64>>>::operator--(void)",stl_iterator.h,0x538604
"autopas::VerletLists<mdLib::MoleculeLJ, autopas::VerletListsLinkedReferencesBase>::sortSoANeighborListsByIndex",0.550104,0.550104,0.0,0.0,0.0,0.0,0.0,0.0,0.0,0.0,0.0,0.0,md-flexible,"autopas::VerletLists<mdLib::MoleculeLJ, autopas::VerletListsLinkedReferencesBase>::sortSoANeighborListsByIndex(void)",VerletLists.h,0x5384a0
"ParticlePropertiesLibrary<double, unsigned long>::getMixing24Epsilon",0.540061,0.540061,0.0,0.0,0.0,0.0,0.0,0.0,0.0,0.0,0.0,0.0,md-flexible,"ParticlePropertiesLibrary<double, unsigned long>::getMixing24Epsilon(unsigned long, unsigned long) const",ParticlePropertiesLibrary.h,0x556437
autopas::VerletListsLinkedReferencesBase<mdLib::MoleculeLJ>::sortingKeyForParticle,0.536057,0.536057,0.0,0.0,0.0,0.0,0.0,0.0,0.0,0.0,0.0,0.0,md-flexible,autopas::VerletListsLinkedReferencesBase<mdLib::MoleculeLJ>::sortingKeyForParticle(mdLib::MoleculeLJ const&) const,VerletListsLinkedReferencesBase.h,0x538840
_mm256_set_pd,0.502212,0.502212,0.0,0.0,0.0,0.0,0.0,0.0,0.0,0.0,0.0,0.0,md-flexible,_mm256_set_pd,avxintrin.h,0x5564f8
"autopas::containerIteratorUtils::particleFulfillsIteratorRequirements<(bool)0, mdLib::MoleculeLJ, std::array<double, (unsigned long)3>>",0.494337,0.494337,0.0,0.0,0.0,0.0,0.0,0.0,0.0,0.0,0.0,0.0,md-flexible,"autopas::containerIteratorUtils::particleFulfillsIteratorRequirements<(bool)0, mdLib::MoleculeLJ, std::array<double, (unsigned long)3>>(mdLib::MoleculeLJ const&, autopas::options::IteratorBehavior, std::array<double, (unsigned long)3> const&, std::array<double, (unsigned long)3> const&)",ContainerIterator.h,0x50e71f
"__gnu_cxx::__ops::_Iter_less_iter::operator()<__gnu_cxx::__normal_iterator<unsigned long*, std::vector<unsigned long, autopas::AlignedAllocator<unsigned long, (unsigned long)64>>>, __gnu_cxx::__normal_iterator<unsigned long*, std::vector<unsigned long, autopas::AlignedAllocator<unsigned long, (unsigned long)64>>>>",0.488069,0.488069,0.0,0.0,0.0,0.0,0.0,0.0,0.0,0.0,0.0,0.0,md-flexible,"__gnu_cxx::__ops::_Iter_less_iter::operator()<__gnu_cxx::__normal_iterator<unsigned long*, std::vector<unsigned long, autopas::AlignedAllocator<unsigned long, (unsigned long)64>>>, __gnu_cxx::__normal_iterator<unsigned long*, std::vector<unsigned long, autopas::AlignedAllocator<unsigned long, (unsigned long)64>>>>(__gnu_cxx::__normal_iterator<unsigned long*, std::vector<unsigned long, autopas::AlignedAllocator<unsigned long, (unsigned long)64>>>, __gnu_cxx::__normal_iterator<unsigned long*, std::vector<unsigned long, autopas::AlignedAllocator<unsigned long, (unsigned long)64>>>) const",predefined_ops.h,0x4fd63e
_mm256_movemask_pd,0.430043,0.430043,0.0,0.0,0.0,0.0,0.0,0.0,0.0,0.0,0.0,0.0,md-flexible,_mm256_movemask_pd,avxintrin.h,0x556535
autopas::VerletListsLinkedReferencesBase<mdLib::MoleculeLJ>::getBlockCoordinateForPosition,0.403979,0.403979,0.0,0.0,0.0,0.0,0.0,0.0,0.0,0.0,0.0,0.0,md-flexible,"autopas::VerletListsLinkedReferencesBase<mdLib::MoleculeLJ>::getBlockCoordinateForPosition(std::array<double, (unsigned long)3> const&) const",VerletListsLinkedReferencesBase.h,0x538a14
_mid_memalign.isra.0,0.396085,0.396085,0.0,0.0,0.0,0.0,0.0,0.0,0.0,0.0,0.0,0.0,libc.so.6,_mid_memalign.isra.0,[Unknown],0xb844e
autopas::VerletListHelpers<mdLib::MoleculeLJ>::VerletListGeneratorFunctor::SoAFunctorSingle,0.367924,0.367924,0.0,0.0,0.0,0.0,0.0,0.0,0.0,0.0,0.0,0.0,md-flexible,"autopas::VerletListHelpers<mdLib::MoleculeLJ>::VerletListGeneratorFunctor::SoAFunctorSingle(autopas::SoAView<std::tuple<std::vector<mdLib::MoleculeLJ*, autopas::AlignedAllocator<mdLib::MoleculeLJ*, (unsigned long)64>>, std::vector<unsigned long, autopas::AlignedAllocator<unsigned long, (unsigned long)64>>, std::vector<double, autopas::AlignedAllocator<double, (unsigned long)64>>, std::vector<double, autopas::AlignedAllocator<double, (unsigned long)64>>, std::vector<double, autopas::AlignedAllocator<double, (unsigned long)64>>, std::vector<double, autopas::AlignedAllocator<double, (unsigned long)64>>, std::vector<double, autopas::AlignedAllocator<double, (unsigned long)64>>, std::vector<double, autopas::AlignedAllocator<double, (unsigned long)64>>, std::vector<double, autopas::AlignedAllocator<double, (unsigned long)64>>, std::vector<double, autopas::AlignedAllocator<double, (unsigned long)64>>, std::vector<double, autopas::AlignedAllocator<double, (unsigned long)64>>, std::vector<double, autopas::AlignedAllocator<double, (unsigned long)64>>, std::vector<double, autopas::AlignedAllocator<double, (unsigned long)64>>, std::vector<double, autopas::AlignedAllocator<double, (unsigned long)64>>, std::vector<unsigned long, autopas::AlignedAllocator<unsigned long, (unsigned long)64>>, std::vector<autopas::OwnershipState, autopas::AlignedAllocator<autopas::OwnershipState, (unsigned long)64>>>>, bool)",VerletListHelpers.h,0x50a140
"__gnu_cxx::__normal_iterator<unsigned long*, std::vector<unsigned long, autopas::AlignedAllocator<unsigned long, (unsigned long)64>>>::operator++",0.353863,0.353863,0.0,0.0,0.0,0.0,0.0,0.0,0.0,0.0,0.0,0.0,md-flexible,"__gnu_cxx::__normal_iterator<unsigned long*, std::vector<unsigned long, autopas::AlignedAllocator<unsigned long, (unsigned long)64>>>::operator++(void)",stl_iterator.h,0x538613
autopas::internal::CellBlock3D<autopas::ReferenceParticleCell<mdLib::MoleculeLJ>>::get3DIndexOfPosition,0.332143,0.332143,0.0,0.0,0.0,0.0,0.0,0.0,0.0,0.0,0.0,0.0,md-flexible,"autopas::internal::CellBlock3D<autopas::ReferenceParticleCell<mdLib::MoleculeLJ>>::get3DIndexOfPosition(std::array<double, (unsigned long)3> const&) const",CellBlock3D.h,0x537b20
TimeDiscretization::calculatePositionsAndResetForces._omp_fn.0,0.327932,0.327932,0.0,0.0,0.0,0.0,0.0,0.0,0.0,0.0,0.0,0.0,md-flexible,TimeDiscretization::calculatePositionsAndResetForces._omp_fn.0,TimeDiscretization.cpp,0x4593c0
autopas::VerletListsLinkedReferencesBase<mdLib::MoleculeLJ>::ceilDiv,0.323926,0.323926,0.0,0.0,0.0,0.0,0.0,0.0,0.0,0.0,0.0,0.0,md-flexible,"autopas::VerletListsLinkedReferencesBase<mdLib::MoleculeLJ>::ceilDiv(unsigned long, unsigned long) const",VerletListsLinkedReferencesBase.h,0x538ac4
_mm256_add_pd,0.323747,0.323747,0.0,0.0,0.0,0.0,0.0,0.0,0.0,0.0,0.0,0.0,md-flexible,_mm256_add_pd,avxintrin.h,0x55661c
"std::vector<mdLib::MoleculeLJ*, std::allocator<mdLib::MoleculeLJ*>>::push_back",0.307955,0.307955,0.0,0.0,0.0,0.0,0.0,0.0,0.0,0.0,0.0,0.0,md-flexible,"std::vector<mdLib::MoleculeLJ*, std::allocator<mdLib::MoleculeLJ*>>::push_back(mdLib::MoleculeLJ* const&)",stl_vector.h,0x50a2be
"__gnu_cxx::__ops::_Iter_less_iter::operator()<__gnu_cxx::__normal_iterator<unsigned long*, std::vector<unsigned long, autopas::AlignedAllocator<unsigned long, (unsigned long)64>>>, __gnu_cxx::__normal_iterator<unsigned long*, std::vector<unsigned long, autopas::AlignedAllocator<unsigned long, (unsigned long)64>>>>",0.301978,0.301978,0.0,0.0,0.0,0.0,0.0,0.0,0.0,0.0,0.0,0.0,md-flexible,"__gnu_cxx::__ops::_Iter_less_iter::operator()<__gnu_cxx::__normal_iterator<unsigned long*, std::vector<unsigned long, autopas::AlignedAllocator<unsigned long, (unsigned long)64>>>, __gnu_cxx::__normal_iterator<unsigned long*, std::vector<unsigned long, autopas::AlignedAllocator<unsigned long, (unsigned long)64>>>>(__gnu_cxx::__normal_iterator<unsigned long*, std::vector<unsigned long, autopas::AlignedAllocator<unsigned long, (unsigned long)64>>>, __gnu_cxx::__normal_iterator<unsigned long*, std::vector<unsigned long, autopas::AlignedAllocator<unsigned long, (unsigned long)64>>>) const",predefined_ops.h,0x4fd637
"std::unordered_map<mdLib::MoleculeLJ*, std::vector<mdLib::MoleculeLJ*, std::allocator<mdLib::MoleculeLJ*>>, std::hash<mdLib::MoleculeLJ*>, std::equal_to<mdLib::MoleculeLJ*>, std::allocator<std::pair<mdLib::MoleculeLJ* const, std::vector<mdLib::MoleculeLJ*, std::allocator<mdLib::MoleculeLJ*>>>>>::clear",0.289998,0.289998,0.0,0.0,0.0,0.0,0.0,0.0,0.0,0.0,0.0,0.0,md-flexible,"std::unordered_map<mdLib::MoleculeLJ*, std::vector<mdLib::MoleculeLJ*, std::allocator<mdLib::MoleculeLJ*>>, std::hash<mdLib::MoleculeLJ*>, std::equal_to<mdLib::MoleculeLJ*>, std::allocator<std::pair<mdLib::MoleculeLJ* const, std::vector<mdLib::MoleculeLJ*, std::allocator<mdLib::MoleculeLJ*>>>>>::clear(void)",unordered_map.h,0x542740
"std::vector<ParticlePropertiesLibrary<double, unsigned long>::PackedLJMixingData, autopas::AlignedAllocator<ParticlePropertiesLibrary<double, unsigned long>::PackedLJMixingData, (unsigned long)64>>::operator[]",0.284022,0.284022,0.0,0.0,0.0,0.0,0.0,0.0,0.0,0.0,0.0,0.0,md-flexible,"std::vector<ParticlePropertiesLibrary<double, unsigned long>::PackedLJMixingData, autopas::AlignedAllocator<ParticlePropertiesLibrary<double, unsigned long>::PackedLJMixingData, (unsigned long)64>>::operator[](unsigned long) const",stl_vector.h,0x556460
TimeDiscretization::calculateVelocities._omp_fn.0,0.264746,0.264746,0.0,0.0,0.0,0.0,0.0,0.0,0.0,0.0,0.0,0.0,md-flexible,TimeDiscretization::calculateVelocities._omp_fn.0,TimeDiscretization.cpp,0x459720
_mm256_mul_pd,0.236030,0.236030,0.0,0.0,0.0,0.0,0.0,0.0,0.0,0.0,0.0,0.0,md-flexible,_mm256_mul_pd,avxintrin.h,0x5565fa
"autopas::VerletLists<mdLib::MoleculeLJ, autopas::VerletListsLinkedReferencesBase>::generateSoAListFromAoSVerletLists",0.231931,0.231931,0.0,0.0,0.0,0.0,0.0,0.0,0.0,0.0,0.0,0.0,md-flexible,"autopas::VerletLists<mdLib::MoleculeLJ, autopas::VerletListsLinkedReferencesBase>::generateSoAListFromAoSVerletLists(void)",VerletLists.h,0x541380
autopas::VerletListsLinkedReferencesBase<mdLib::MoleculeLJ>::ceilDiv,0.227804,0.227804,0.0,0.0,0.0,0.0,0.0,0.0,0.0,0.0,0.0,0.0,md-flexible,"autopas::VerletListsLinkedReferencesBase<mdLib::MoleculeLJ>::ceilDiv(unsigned long, unsigned long) const",VerletListsLinkedReferencesBase.h,0x538aaf
"mdLib::MoleculeLJ::get<(mdLib::MoleculeLJ::AttributeNames)2, (bool)1>",0.223949,0.223949,0.0,0.0,0.0,0.0,0.0,0.0,0.0,0.0,0.0,0.0,md-flexible,"mdLib::MoleculeLJ::get<(mdLib::MoleculeLJ::AttributeNames)2, (bool)1>(void) const",MoleculeLJ.h,0x589b8d
"std::unordered_map<mdLib::MoleculeLJ*, std::vector<mdLib::MoleculeLJ*, std::allocator<mdLib::MoleculeLJ*>>, std::hash<mdLib::MoleculeLJ*>, std::equal_to<mdLib::MoleculeLJ*>, std::allocator<std::pair<mdLib::MoleculeLJ* const, std::vector<mdLib::MoleculeLJ*, std::allocator<mdLib::MoleculeLJ*>>>>>::operator[]",0.215984,0.215984,0.0,0.0,0.0,0.0,0.0,0.0,0.0,0.0,0.0,0.0,md-flexible,"std::unordered_map<mdLib::MoleculeLJ*, std::vector<mdLib::MoleculeLJ*, std::allocator<mdLib::MoleculeLJ*>>, std::hash<mdLib::MoleculeLJ*>, std::equal_to<mdLib::MoleculeLJ*>, std::allocator<std::pair<mdLib::MoleculeLJ* const, std::vector<mdLib::MoleculeLJ*, std::allocator<mdLib::MoleculeLJ*>>>>>::operator[](mdLib::MoleculeLJ*&&)",unordered_map.h,0x542810
"std::pair<std::array<double, (unsigned long)3>, std::array<double, (unsigned long)3>>::pair<std::array<double, (unsigned long)3>&, std::array<double, (unsigned long)3>&>",0.203971,0.203971,0.0,0.0,0.0,0.0,0.0,0.0,0.0,0.0,0.0,0.0,md-flexible,"std::pair<std::array<double, (unsigned long)3>, std::array<double, (unsigned long)3>>::pair<std::array<double, (unsigned long)3>&, std::array<double, (unsigned long)3>&>(std::array<double, (unsigned long)3>&&&, std::array<double, (unsigned long)3>&&&)",stl_pair.h,0x53a258
"__gnu_cxx::__normal_iterator<unsigned long*, std::vector<unsigned long, autopas::AlignedAllocator<unsigned long, (unsigned long)64>>>::operator+",0.203937,0.203937,0.0,0.0,0.0,0.0,0.0,0.0,0.0,0.0,0.0,0.0,md-flexible,"__gnu_cxx::__normal_iterator<unsigned long*, std::vector<unsigned long, autopas::AlignedAllocator<unsigned long, (unsigned long)64>>>::operator+(long) const",stl_iterator.h,0x4fd5f4
_mm256_sub_pd,0.184178,0.184178,0.0,0.0,0.0,0.0,0.0,0.0,0.0,0.0,0.0,0.0,md-flexible,_mm256_sub_pd,avxintrin.h,0x556504
autopas::utils::inBox<double>,0.180085,0.180085,0.0,0.0,0.0,0.0,0.0,0.0,0.0,0.0,0.0,0.0,md-flexible,"autopas::utils::inBox<double>(std::array<double, (unsigned long)3> const&, std::array<double, (unsigned long)3> const&, std::array<double, (unsigned long)3> const&)",inBox.h,0x51d320
"std::unordered_map<mdLib::MoleculeLJ const*, unsigned long, std::hash<mdLib::MoleculeLJ const*>, std::equal_to<mdLib::MoleculeLJ const*>, std::allocator<std::pair<mdLib::MoleculeLJ const* const, unsigned long>>>::find",0.172133,0.172133,0.0,0.0,0.0,0.0,0.0,0.0,0.0,0.0,0.0,0.0,md-flexible,"std::unordered_map<mdLib::MoleculeLJ const*, unsigned long, std::hash<mdLib::MoleculeLJ const*>, std::equal_to<mdLib::MoleculeLJ const*>, std::allocator<std::pair<mdLib::MoleculeLJ const* const, unsigned long>>>::find(mdLib::MoleculeLJ const* const&)",unordered_map.h,0x541550
"std::vector<ParticlePropertiesLibrary<double, unsigned long>::PackedLJMixingData, autopas::AlignedAllocator<ParticlePropertiesLibrary<double, unsigned long>::PackedLJMixingData, (unsigned long)64>>::operator[]",0.172058,0.172058,0.0,0.0,0.0,0.0,0.0,0.0,0.0,0.0,0.0,0.0,md-flexible,"std::vector<ParticlePropertiesLibrary<double, unsigned long>::PackedLJMixingData, autopas::AlignedAllocator<ParticlePropertiesLibrary<double, unsigned long>::PackedLJMixingData, (unsigned long)64>>::operator[](unsigned long) const",stl_vector.h,0x5564f8
_ZN7autopas7FunctorIN5mdLib10MoleculeLJENS1_12LJFunctorAVXIS2_Lb1ELb1ELNS_14FunctorN3ModesE2ELb0ELb0ELb1EEEE16SoAExtractorImplIJLm0ELm1ELm2EEEEvRSt6vectorIPS2_SaIS9_EERNS_3SoAISt5tupleIJS8_IS9_NS_16AlignedAllocatorIS9_Lm64EEEES8_ImNSF_ImLm64EEEES8_IdNSF_IdLm64EEEESL_SL_SL_SL_SL_SL_SL_SL_SL_SL_SL_SJ_S8_INS_14OwnershipStateENSF_ISM_Lm64EEEEEEEESt16integer_sequenceImJXspT_EEE,0.171871,0.171871,0.0,0.0,0.0,0.0,0.0,0.0,0.0,0.0,0.0,0.0,md-flexible,_ZN7autopas7FunctorIN5mdLib10MoleculeLJENS1_12LJFunctorAVXIS2_Lb1ELb1ELNS_14FunctorN3ModesE2ELb0ELb0ELb1EEEE16SoAExtractorImplIJLm0ELm1ELm2EEEEvRSt6vectorIPS2_SaIS9_EERNS_3SoAISt5tupleIJS8_IS9_NS_16AlignedAllocatorIS9_Lm64EEEES8_ImNSF_ImLm64EEEES8_IdNSF_IdLm64EEEESL_SL_SL_SL_SL_SL_SL_SL_SL_SL_SL_SJ_S8_INS_14OwnershipStateENSF_ISM_Lm64EEEEEEEESt16integer_sequenceImJXspT_EEE,Functor.h,0x5691e8
"__gnu_cxx::__ops::_Val_less_iter::operator()<unsigned long, __gnu_cxx::__normal_iterator<unsigned long*, std::vector<unsigned long, autopas::AlignedAllocator<unsigned long, (unsigned long)64>>>>",0.151996,0.151996,0.0,0.0,0.0,0.0,0.0,0.0,0.0,0.0,0.0,0.0,md-flexible,"__gnu_cxx::__ops::_Val_less_iter::operator()<unsigned long, __gnu_cxx::__normal_iterator<unsigned long*, std::vector<unsigned long, autopas::AlignedAllocator<unsigned long, (unsigned long)64>>>>(unsigned long&, __gnu_cxx::__normal_iterator<unsigned long*, std::vector<unsigned long, autopas::AlignedAllocator<unsigned long, (unsigned long)64>>>) const",predefined_ops.h,0x5385d3
_mm256_div_pd,0.147946,0.147946,0.0,0.0,0.0,0.0,0.0,0.0,0.0,0.0,0.0,0.0,md-flexible,_mm256_div_pd,avxintrin.h,0x5565a6
std::max<long>,0.136077,0.136077,0.0,0.0,0.0,0.0,0.0,0.0,0.0,0.0,0.0,0.0,md-flexible,"std::max<long>(long const&, long const&)",stl_algobase.h,0x537b53
autopas::VerletListsLinkedReferencesBase<mdLib::MoleculeLJ>::getCellCoordinateForPosition,0.124034,0.124034,0.0,0.0,0.0,0.0,0.0,0.0,0.0,0.0,0.0,0.0,md-flexible,"autopas::VerletListsLinkedReferencesBase<mdLib::MoleculeLJ>::getCellCoordinateForPosition(std::array<double, (unsigned long)3> const&) const",VerletListsLinkedReferencesBase.h,0x538a34
std::min<unsigned long>,0.123970,0.123970,0.0,0.0,0.0,0.0,0.0,0.0,0.0,0.0,0.0,0.0,md-flexible,"std::min<unsigned long>(unsigned long const&, unsigned long const&)",stl_algobase.h,0x537b77
"__gnu_cxx::__normal_iterator<unsigned long*, std::vector<unsigned long, autopas::AlignedAllocator<unsigned long, (unsigned long)64>>>::operator++",0.120110,0.120110,0.0,0.0,0.0,0.0,0.0,0.0,0.0,0.0,0.0,0.0,md-flexible,"__gnu_cxx::__normal_iterator<unsigned long*, std::vector<unsigned long, autopas::AlignedAllocator<unsigned long, (unsigned long)64>>>::operator++(void)",stl_iterator.h,0x4fd688
autopas::LinkedCellsReferences<mdLib::MoleculeLJ>::getParticle,0.116025,0.116025,0.0,0.0,0.0,0.0,0.0,0.0,0.0,0.0,0.0,0.0,md-flexible,"autopas::LinkedCellsReferences<mdLib::MoleculeLJ>::getParticle(unsigned long, unsigned long, autopas::options::IteratorBehavior) const",LinkedCellsReferences.h,0x50e640
"__gnu_cxx::__normal_iterator<unsigned long*, std::vector<unsigned long, autopas::AlignedAllocator<unsigned long, (unsigned long)64>>>::operator--",0.108076,0.108076,0.0,0.0,0.0,0.0,0.0,0.0,0.0,0.0,0.0,0.0,md-flexible,"__gnu_cxx::__normal_iterator<unsigned long*, std::vector<unsigned long, autopas::AlignedAllocator<unsigned long, (unsigned long)64>>>::operator--(void)",stl_iterator.h,0x5385d3
_mm256_sub_pd,0.108035,0.108035,0.0,0.0,0.0,0.0,0.0,0.0,0.0,0.0,0.0,0.0,md-flexible,_mm256_sub_pd,avxintrin.h,0x55678d
"std::unordered_map<mdLib::MoleculeLJ const*, unsigned long, std::hash<mdLib::MoleculeLJ const*>, std::equal_to<mdLib::MoleculeLJ const*>, std::allocator<std::pair<mdLib::MoleculeLJ const* const, unsigned long>>>::operator[]",0.107984,0.107984,0.0,0.0,0.0,0.0,0.0,0.0,0.0,0.0,0.0,0.0,md-flexible,"std::unordered_map<mdLib::MoleculeLJ const*, unsigned long, std::hash<mdLib::MoleculeLJ const*>, std::equal_to<mdLib::MoleculeLJ const*>, std::allocator<std::pair<mdLib::MoleculeLJ const* const, unsigned long>>>::operator[](mdLib::MoleculeLJ const* const&)",unordered_map.h,0x541510
"std::unordered_map<mdLib::MoleculeLJ*, std::vector<mdLib::MoleculeLJ*, std::allocator<mdLib::MoleculeLJ*>>, std::hash<mdLib::MoleculeLJ*>, std::equal_to<mdLib::MoleculeLJ*>, std::allocator<std::pair<mdLib::MoleculeLJ* const, std::vector<mdLib::MoleculeLJ*, std::allocator<mdLib::MoleculeLJ*>>>>>::~unordered_map",0.100019,0.100019,0.0,0.0,0.0,0.0,0.0,0.0,0.0,0.0,0.0,0.0,md-flexible,"std::unordered_map<mdLib::MoleculeLJ*, std::vector<mdLib::MoleculeLJ*, std::allocator<mdLib::MoleculeLJ*>>, std::hash<mdLib::MoleculeLJ*>, std::equal_to<mdLib::MoleculeLJ*>, std::allocator<std::pair<mdLib::MoleculeLJ* const, std::vector<mdLib::MoleculeLJ*, std::allocator<mdLib::MoleculeLJ*>>>>>::~unordered_map(void)",unordered_map.h,0x525143
mdLib::MoleculeLJ::getTypeId,0.099569,0.099569,0.0,0.0,0.0,0.0,0.0,0.0,0.0,0.0,0.0,0.0,md-flexible,mdLib::MoleculeLJ::getTypeId(void) const,MoleculeLJ.cpp,0x6923b0
autopas::internal::CellBlock3D<autopas::ReferenceParticleCell<mdLib::MoleculeLJ>>::getCellBoundingBox,0.096115,0.096115,0.0,0.0,0.0,0.0,0.0,0.0,0.0,0.0,0.0,0.0,md-flexible,"autopas::internal::CellBlock3D<autopas::ReferenceParticleCell<mdLib::MoleculeLJ>>::getCellBoundingBox(std::array<unsigned long, (unsigned long)3> const&) const",CellBlock3D.h,0x53a18d
autopas::VerletListsLinkedReferencesBase<mdLib::MoleculeLJ>::ceilDiv,0.091999,0.091999,0.0,0.0,0.0,0.0,0.0,0.0,0.0,0.0,0.0,0.0,md-flexible,"autopas::VerletListsLinkedReferencesBase<mdLib::MoleculeLJ>::ceilDiv(unsigned long, unsigned long) const",VerletListsLinkedReferencesBase.h,0x538a9d
"std::vector<double, autopas::AlignedAllocator<double, (unsigned long)64>>::size",0.091984,0.091984,0.0,0.0,0.0,0.0,0.0,0.0,0.0,0.0,0.0,0.0,md-flexible,"std::vector<double, autopas::AlignedAllocator<double, (unsigned long)64>>::size(void) const",stl_vector.h,0x54c15c
"autopas::VLListIterationTraversal<autopas::ReferenceParticleCell<mdLib::MoleculeLJ>, mdLib::LJFunctorAVX<mdLib::MoleculeLJ, (bool)1, (bool)1, (autopas::FunctorN3Modes)2, (bool)0, (bool)0, (bool)1>>::traverseParticles._omp_fn.1",0.080040,0.080040,0.0,0.0,0.0,0.0,0.0,0.0,0.0,0.0,0.0,0.0,md-flexible,"autopas::VLListIterationTraversal<autopas::ReferenceParticleCell<mdLib::MoleculeLJ>, mdLib::LJFunctorAVX<mdLib::MoleculeLJ, (bool)1, (bool)1, (autopas::FunctorN3Modes)2, (bool)0, (bool)0, (bool)1>>::traverseParticles._omp_fn.1",VLListIterationTraversal.h,0x5808f0
"std::unordered_map<mdLib::MoleculeLJ const*, unsigned long, std::hash<mdLib::MoleculeLJ const*>, std::equal_to<mdLib::MoleculeLJ const*>, std::allocator<std::pair<mdLib::MoleculeLJ const* const, unsigned long>>>::clear",0.079996,0.079996,0.0,0.0,0.0,0.0,0.0,0.0,0.0,0.0,0.0,0.0,md-flexible,"std::unordered_map<mdLib::MoleculeLJ const*, unsigned long, std::hash<mdLib::MoleculeLJ const*>, std::equal_to<mdLib::MoleculeLJ const*>, std::allocator<std::pair<mdLib::MoleculeLJ const* const, unsigned long>>>::clear(void)",unordered_map.h,0x5413fe
autopas::VerletListsLinkedReferencesBase<mdLib::MoleculeLJ>::validateBlockSize,0.079975,0.079975,0.0,0.0,0.0,0.0,0.0,0.0,0.0,0.0,0.0,0.0,md-flexible,autopas::VerletListsLinkedReferencesBase<mdLib::MoleculeLJ>::validateBlockSize(void) const,VerletListsLinkedReferencesBase.h,0x538a14
"std::tuple<std::vector<mdLib::MoleculeLJ*, autopas::AlignedAllocator<mdLib::MoleculeLJ*, (unsigned long)64>>, std::vector<unsigned long, autopas::AlignedAllocator<unsigned long, (unsigned long)64>>, std::vector<double, autopas::AlignedAllocator<double, (unsigned long)64>>, std::vector<double, autopas::AlignedAllocator<double, (unsigned long)64>>, std::vector<double, autopas::AlignedAllocator<double, (unsigned long)64>>, std::vector<double, autopas::AlignedAllocator<double, (unsigned long)64>>, std::vector<double, autopas::AlignedAllocator<double, (unsigned long)64>>, std::vector<double, autopas::AlignedAllocator<double, (unsigned long)64>>, std::vector<double, autopas::AlignedAllocator<double, (unsigned long)64>>, std::vector<double, autopas::AlignedAllocator<double, (unsigned long)64>>, std::vector<double, autopas::AlignedAllocator<double, (unsigned long)64>>, std::vector<double, autopas::AlignedAllocator<double, (unsigned long)64>>, std::vector<double, autopas::AlignedAllocator<double, (unsigned long)64>>, std::vector<double, autopas::AlignedAllocator<double, (unsigned long)64>>, std::vector<unsigned long, autopas::AlignedAllocator<unsigned long, (unsigned long)64>>, std::vector<autopas::OwnershipState, autopas::AlignedAllocator<autopas::OwnershipState, (unsigned long)64>>>::~tuple",0.077508,0.077508,0.0,0.0,0.0,0.0,0.0,0.0,0.0,0.0,0.0,0.0,md-flexible,"std::tuple<std::vector<mdLib::MoleculeLJ*, autopas::AlignedAllocator<mdLib::MoleculeLJ*, (unsigned long)64>>, std::vector<unsigned long, autopas::AlignedAllocator<unsigned long, (unsigned long)64>>, std::vector<double, autopas::AlignedAllocator<double, (unsigned long)64>>, std::vector<double, autopas::AlignedAllocator<double, (unsigned long)64>>, std::vector<double, autopas::AlignedAllocator<double, (unsigned long)64>>, std::vector<double, autopas::AlignedAllocator<double, (unsigned long)64>>, std::vector<double, autopas::AlignedAllocator<double, (unsigned long)64>>, std::vector<double, autopas::AlignedAllocator<double, (unsigned long)64>>, std::vector<double, autopas::AlignedAllocator<double, (unsigned long)64>>, std::vector<double, autopas::AlignedAllocator<double, (unsigned long)64>>, std::vector<double, autopas::AlignedAllocator<double, (unsigned long)64>>, std::vector<double, autopas::AlignedAllocator<double, (unsigned long)64>>, std::vector<double, autopas::AlignedAllocator<double, (unsigned long)64>>, std::vector<double, autopas::AlignedAllocator<double, (unsigned long)64>>, std::vector<unsigned long, autopas::AlignedAllocator<unsigned long, (unsigned long)64>>, std::vector<autopas::OwnershipState, autopas::AlignedAllocator<autopas::OwnershipState, (unsigned long)64>>>::~tuple(void)",tuple,0x575334
autopas::LinkedCellsReferences<mdLib::MoleculeLJ>::advanceIteratorIndices<(bool)0>,0.077437,0.077437,0.0,0.0,0.0,0.0,0.0,0.0,0.0,0.0,0.0,0.0,md-flexible,"autopas::LinkedCellsReferences<mdLib::MoleculeLJ>::advanceIteratorIndices<(bool)0>(unsigned long, unsigned long, autopas::options::IteratorBehavior, std::array<double, (unsigned long)3> const&, std::array<double, (unsigned long)3> const&, std::array<double, (unsigned long)3> const&, std::array<double, (unsigned long)3> const&, unsigned long) const",LinkedCellsReferences.h,0x4fe180
"__gnu_cxx::__normal_iterator<unsigned long*, std::vector<unsigned long, autopas::AlignedAllocator<unsigned long, (unsigned long)64>>>::operator--",0.076083,0.076083,0.0,0.0,0.0,0.0,0.0,0.0,0.0,0.0,0.0,0.0,md-flexible,"__gnu_cxx::__normal_iterator<unsigned long*, std::vector<unsigned long, autopas::AlignedAllocator<unsigned long, (unsigned long)64>>>::operator--(void)",stl_iterator.h,0x4fd660
"ParticlePropertiesLibrary<double, unsigned long>::getMixing24Epsilon",0.076068,0.076068,0.0,0.0,0.0,0.0,0.0,0.0,0.0,0.0,0.0,0.0,md-flexible,"ParticlePropertiesLibrary<double, unsigned long>::getMixing24Epsilon(unsigned long, unsigned long) const",ParticlePropertiesLibrary.h,0x5564f8
gomp_unset_lock_30,0.075980,0.075980,0.0,0.0,0.0,0.0,0.0,0.0,0.0,0.0,0.0,0.0,libgomp.so.1,gomp_unset_lock_30,lock.c,0x23de0
_mm256_set_pd,0.074036,0.074036,0.0,0.0,0.0,0.0,0.0,0.0,0.0,0.0,0.0,0.0,md-flexible,_mm256_set_pd,avxintrin.h,0x556756
autopas::LogicHandler<mdLib::MoleculeLJ>::checkNeighborListsInvalidDoDynamicRebuild._omp_fn.0,0.071993,0.071993,0.0,0.0,0.0,0.0,0.0,0.0,0.0,0.0,0.0,0.0,md-flexible,autopas::LogicHandler<mdLib::MoleculeLJ>::checkNeighborListsInvalidDoDynamicRebuild._omp_fn.0,LogicHandler.h,0x514b60
mdLib::MoleculeLJ::set<(mdLib::MoleculeLJ::AttributeNames)8>,0.071973,0.071973,0.0,0.0,0.0,0.0,0.0,0.0,0.0,0.0,0.0,0.0,md-flexible,"mdLib::MoleculeLJ::set<(mdLib::MoleculeLJ::AttributeNames)8>(std::tuple_element<(mdLib::MoleculeLJ::AttributeNames)8, std::tuple<std::vector<mdLib::MoleculeLJ*, autopas::AlignedAllocator<std::vector, (unsigned long)64>>, std::tuple<unsigned long, autopas<unsigned long, (unsigned long)64>>, std::tuple<double, autopas<double, (unsigned long)64>>, autopas<double, (unsigned long)64>, autopas<double, (unsigned long)64>, autopas<double, (unsigned long)64>, autopas<double, (unsigned long)64>, autopas<double, (unsigned long)64>, autopas<double, (unsigned long)64>, autopas<double, (unsigned long)64>, autopas<double, (unsigned long)64>, autopas<double, (unsigned long)64>, autopas<double, (unsigned long)64>, autopas<double, (unsigned long)64>, autopas<unsigned long, (unsigned long)64>, std::tuple<mdLib::MoleculeLJ*::OwnershipState, autopas<std::tuple<double, autopas<double, (unsigned long)64>>, (unsigned long)64>>>>::type::value_type)",MoleculeLJ.h,0x569249
autopas::LinkedCellsReferences<mdLib::MoleculeLJ>::getParticleImpl<(bool)0>,0.068040,0.068040,0.0,0.0,0.0,0.0,0.0,0.0,0.0,0.0,0.0,0.0,md-flexible,"autopas::LinkedCellsReferences<mdLib::MoleculeLJ>::getParticleImpl<(bool)0>(unsigned long, unsigned long, autopas::options::IteratorBehavior, std::array<double, (unsigned long)3> const&, std::array<double, (unsigned long)3> const&) const",LinkedCellsReferences.h,0x50e651
"std::unordered_map<mdLib::MoleculeLJ*, std::vector<mdLib::MoleculeLJ*, std::allocator<mdLib::MoleculeLJ*>>, std::hash<mdLib::MoleculeLJ*>, std::equal_to<mdLib::MoleculeLJ*>, std::allocator<std::pair<mdLib::MoleculeLJ* const, std::vector<mdLib::MoleculeLJ*, std::allocator<mdLib::MoleculeLJ*>>>>>::at",0.067994,0.067994,0.0,0.0,0.0,0.0,0.0,0.0,0.0,0.0,0.0,0.0,md-flexible,"std::unordered_map<mdLib::MoleculeLJ*, std::vector<mdLib::MoleculeLJ*, std::allocator<mdLib::MoleculeLJ*>>, std::hash<mdLib::MoleculeLJ*>, std::equal_to<mdLib::MoleculeLJ*>, std::allocator<std::pair<mdLib::MoleculeLJ* const, std::vector<mdLib::MoleculeLJ*, std::allocator<mdLib::MoleculeLJ*>>>>>::at(mdLib::MoleculeLJ* const&)",unordered_map.h,0x509d1a
"autopas::utils::boxesOverlap<double>(std::array<double, (unsigned long)3> const&, std::array<double, (unsigned long)3> const&, std::array<double, (unsigned long)3> const&, std::array<double, (unsigned long)3> const&)::{lambda(unsigned long)#1}::operator()",0.063971,0.063971,0.0,0.0,0.0,0.0,0.0,0.0,0.0,0.0,0.0,0.0,md-flexible,"autopas::utils::boxesOverlap<double>(std::array<double, (unsigned long)3> const&, std::array<double, (unsigned long)3> const&, std::array<double, (unsigned long)3> const&, std::array<double, (unsigned long)3> const&)::{lambda(unsigned long)#1}::operator()(unsigned long) const",inBox.h,0x53a295
"__gnu_cxx::__ops::_Iter_less_iter::operator()<__gnu_cxx::__normal_iterator<unsigned long*, std::vector<unsigned long, autopas::AlignedAllocator<unsigned long, (unsigned long)64>>>, __gnu_cxx::__normal_iterator<unsigned long*, std::vector<unsigned long, autopas::AlignedAllocator<unsigned long, (unsigned long)64>>>>",0.060048,0.060048,0.0,0.0,0.0,0.0,0.0,0.0,0.0,0.0,0.0,0.0,md-flexible,"__gnu_cxx::__ops::_Iter_less_iter::operator()<__gnu_cxx::__normal_iterator<unsigned long*, std::vector<unsigned long, autopas::AlignedAllocator<unsigned long, (unsigned long)64>>>, __gnu_cxx::__normal_iterator<unsigned long*, std::vector<unsigned long, autopas::AlignedAllocator<unsigned long, (unsigned long)64>>>>(__gnu_cxx::__normal_iterator<unsigned long*, std::vector<unsigned long, autopas::AlignedAllocator<unsigned long, (unsigned long)64>>>, __gnu_cxx::__normal_iterator<unsigned long*, std::vector<unsigned long, autopas::AlignedAllocator<unsigned long, (unsigned long)64>>>) const",predefined_ops.h,0x4fd5ef
_mm256_add_pd,0.060004,0.060004,0.0,0.0,0.0,0.0,0.0,0.0,0.0,0.0,0.0,0.0,md-flexible,_mm256_add_pd,avxintrin.h,0x556626
"__gnu_cxx::__normal_iterator<unsigned long*, std::vector<unsigned long, autopas::AlignedAllocator<unsigned long, (unsigned long)64>>>::operator+",0.059961,0.059961,0.0,0.0,0.0,0.0,0.0,0.0,0.0,0.0,0.0,0.0,md-flexible,"__gnu_cxx::__normal_iterator<unsigned long*, std::vector<unsigned long, autopas::AlignedAllocator<unsigned long, (unsigned long)64>>>::operator+(long) const",stl_iterator.h,0x4fd5de
"std::vector<autopas::ReferenceParticleCell<mdLib::MoleculeLJ>, std::allocator<autopas::ReferenceParticleCell<mdLib::MoleculeLJ>>>::operator[]",0.056072,0.056072,0.0,0.0,0.0,0.0,0.0,0.0,0.0,0.0,0.0,0.0,md-flexible,"std::vector<autopas::ReferenceParticleCell<mdLib::MoleculeLJ>, std::allocator<autopas::ReferenceParticleCell<mdLib::MoleculeLJ>>>::operator[](unsigned long) const",stl_vector.h,0x50e712
_ZN7autopas7FunctorIN5mdLib10MoleculeLJENS1_12LJFunctorAVXIS2_Lb1ELb1ELNS_14FunctorN3ModesE2ELb0ELb0ELb1EEEE13SoALoaderImplIJLm0ELm1ELm2ELm3ELm4ELm5ELm6ELm7ELm8EEEEvRSt6vectorIPS2_SaIS9_EERNS_3SoAISt5tupleIJS8_IS9_NS_16AlignedAllocatorIS9_Lm64EEEES8_ImNSF_ImLm64EEEES8_IdNSF_IdLm64EEEESL_SL_SL_SL_SL_SL_SL_SL_SL_SL_SL_SJ_S8_INS_14OwnershipStateENSF_ISM_Lm64EEEEEEEESt16integer_sequenceImJXspT_EEE,0.055980,0.055980,0.0,0.0,0.0,0.0,0.0,0.0,0.0,0.0,0.0,0.0,md-flexible,_ZN7autopas7FunctorIN5mdLib10MoleculeLJENS1_12LJFunctorAVXIS2_Lb1ELb1ELNS_14FunctorN3ModesE2ELb0ELb0ELb1EEEE13SoALoaderImplIJLm0ELm1ELm2ELm3ELm4ELm5ELm6ELm7ELm8EEEEvRSt6vectorIPS2_SaIS9_EERNS_3SoAISt5tupleIJS8_IS9_NS_16AlignedAllocatorIS9_Lm64EEEES8_ImNSF_ImLm64EEEES8_IdNSF_IdLm64EEEESL_SL_SL_SL_SL_SL_SL_SL_SL_SL_SL_SJ_S8_INS_14OwnershipStateENSF_ISM_Lm64EEEEEEEESt16integer_sequenceImJXspT_EEE,Functor.h,0x589af0
"mdLib::MoleculeLJ::get<(mdLib::MoleculeLJ::AttributeNames)14, (bool)1>",0.055950,0.055950,0.0,0.0,0.0,0.0,0.0,0.0,0.0,0.0,0.0,0.0,md-flexible,"mdLib::MoleculeLJ::get<(mdLib::MoleculeLJ::AttributeNames)14, (bool)1>(void) const",MoleculeLJ.h,0x589b92
_mm256_add_pd,0.052040,0.052040,0.0,0.0,0.0,0.0,0.0,0.0,0.0,0.0,0.0,0.0,md-flexible,_mm256_add_pd,avxintrin.h,0x5567c4
autopas::VerletListsLinkedReferencesBase<mdLib::MoleculeLJ>::validateBlockSize,0.052011,0.052011,0.0,0.0,0.0,0.0,0.0,0.0,0.0,0.0,0.0,0.0,md-flexible,autopas::VerletListsLinkedReferencesBase<mdLib::MoleculeLJ>::validateBlockSize(void) const,VerletListsLinkedReferencesBase.h,0x538a42
_ZN5mdLib12LJFunctorAVXINS_10MoleculeLJELb1ELb1ELN7autopas14FunctorN3ModesE2ELb0ELb0ELb1EE9SoAKernelILb0ELb1EEEvmDv4_xPKlRKDv4_dSB_SB_PKdSD_SD_PdSE_SE_PKmSG_RS9_SH_SH_PS9_SI_SI_SI_j,0.048033,0.048033,0.0,0.0,0.0,0.0,0.0,0.0,0.0,0.0,0.0,0.0,md-flexible,_ZN5mdLib12LJFunctorAVXINS_10MoleculeLJELb1ELb1ELN7autopas14FunctorN3ModesE2ELb0ELb0ELb1EE9SoAKernelILb0ELb1EEEvmDv4_xPKlRKDv4_dSB_SB_PKdSD_SD_PdSE_SE_PKmSG_RS9_SH_SH_PS9_SI_SI_SI_j,LJFunctorAVX.h,0x5566dd
autopas::utils::ThreeDimensionalMapping::oneToThreeD<unsigned long>,0.047977,0.047977,0.0,0.0,0.0,0.0,0.0,0.0,0.0,0.0,0.0,0.0,md-flexible,"autopas::utils::ThreeDimensionalMapping::oneToThreeD<unsigned long>(unsigned long, std::array<unsigned long, (unsigned long)3> const&)",ThreeDimensionalMapping.h,0x4fe1ea
"std::vector<std::vector<unsigned long, autopas::AlignedAllocator<unsigned long, (unsigned long)64>>, std::allocator<std::vector<unsigned long, autopas::AlignedAllocator<unsigned long, (unsigned long)64>>>>::operator[]",0.046008,0.046008,0.0,0.0,0.0,0.0,0.0,0.0,0.0,0.0,0.0,0.0,md-flexible,"std::vector<std::vector<unsigned long, autopas::AlignedAllocator<unsigned long, (unsigned long)64>>, std::allocator<std::vector<unsigned long, autopas::AlignedAllocator<unsigned long, (unsigned long)64>>>>::operator[](unsigned long)",stl_vector.h,0x5415ac
_mm256_cmp_pd,0.040046,0.040046,0.0,0.0,0.0,0.0,0.0,0.0,0.0,0.0,0.0,0.0,md-flexible,_mm256_cmp_pd,avxintrin.h,0x5567c9
autopas::LinkedCellsReferences<mdLib::MoleculeLJ>::advanceIteratorIndices<(bool)1>,0.040018,0.040018,0.0,0.0,0.0,0.0,0.0,0.0,0.0,0.0,0.0,0.0,md-flexible,"autopas::LinkedCellsReferences<mdLib::MoleculeLJ>::advanceIteratorIndices<(bool)1>(unsigned long, unsigned long, autopas::options::IteratorBehavior, std::array<double, (unsigned long)3> const&, std::array<double, (unsigned long)3> const&, std::array<double, (unsigned long)3> const&, std::array<double, (unsigned long)3> const&, unsigned long) const",LinkedCellsReferences.h,0x53a080
autopas::utils::ThreeDimensionalMapping::oneToThreeD<unsigned long>,0.036003,0.036003,0.0,0.0,0.0,0.0,0.0,0.0,0.0,0.0,0.0,0.0,md-flexible,"autopas::utils::ThreeDimensionalMapping::oneToThreeD<unsigned long>(unsigned long, std::array<unsigned long, (unsigned long)3> const&)",ThreeDimensionalMapping.h,0x53a0f4
autopas::LinkedCellsReferences<mdLib::MoleculeLJ>::updateDirtyParticleReferences,0.035998,0.035998,0.0,0.0,0.0,0.0,0.0,0.0,0.0,0.0,0.0,0.0,md-flexible,autopas::LinkedCellsReferences<mdLib::MoleculeLJ>::updateDirtyParticleReferences(void),LinkedCellsReferences.h,0x41b450
autopas::internal::CellBlock3D<autopas::ReferenceParticleCell<mdLib::MoleculeLJ>>::get3DIndexOfPosition,0.035996,0.035996,0.0,0.0,0.0,0.0,0.0,0.0,0.0,0.0,0.0,0.0,md-flexible,"autopas::internal::CellBlock3D<autopas::ReferenceParticleCell<mdLib::MoleculeLJ>>::get3DIndexOfPosition(std::array<double, (unsigned long)3> const&) const",CellBlock3D.h,0x501376
ParticleVector<mdLib::MoleculeLJ>::clearHaloParticles,0.032040,0.032040,0.0,0.0,0.0,0.0,0.0,0.0,0.0,0.0,0.0,0.0,md-flexible,ParticleVector<mdLib::MoleculeLJ>::clearHaloParticles(void),ParticleVector.h,0x530860
"__gnu_cxx::__ops::_Iter_less_iter::operator()<__gnu_cxx::__normal_iterator<unsigned long*, std::vector<unsigned long, autopas::AlignedAllocator<unsigned long, (unsigned long)64>>>, __gnu_cxx::__normal_iterator<unsigned long*, std::vector<unsigned long, autopas::AlignedAllocator<unsigned long, (unsigned long)64>>>>",0.032022,0.032022,0.0,0.0,0.0,0.0,0.0,0.0,0.0,0.0,0.0,0.0,md-flexible,"__gnu_cxx::__ops::_Iter_less_iter::operator()<__gnu_cxx::__normal_iterator<unsigned long*, std::vector<unsigned long, autopas::AlignedAllocator<unsigned long, (unsigned long)64>>>, __gnu_cxx::__normal_iterator<unsigned long*, std::vector<unsigned long, autopas::AlignedAllocator<unsigned long, (unsigned long)64>>>>(__gnu_cxx::__normal_iterator<unsigned long*, std::vector<unsigned long, autopas::AlignedAllocator<unsigned long, (unsigned long)64>>>, __gnu_cxx::__normal_iterator<unsigned long*, std::vector<unsigned long, autopas::AlignedAllocator<unsigned long, (unsigned long)64>>>) const",predefined_ops.h,0x538567
"std::vector<mdLib::MoleculeLJ*, std::allocator<mdLib::MoleculeLJ*>>::_M_check_len",0.032002,0.032002,0.0,0.0,0.0,0.0,0.0,0.0,0.0,0.0,0.0,0.0,md-flexible,"std::vector<mdLib::MoleculeLJ*, std::allocator<mdLib::MoleculeLJ*>>::_M_check_len(unsigned long, char const*) const",stl_vector.h,0x509cb9
mdLib::MoleculeLJ::set<(mdLib::MoleculeLJ::AttributeNames)9>,0.031984,0.031984,0.0,0.0,0.0,0.0,0.0,0.0,0.0,0.0,0.0,0.0,md-flexible,"mdLib::MoleculeLJ::set<(mdLib::MoleculeLJ::AttributeNames)9>(std::tuple_element<(mdLib::MoleculeLJ::AttributeNames)9, std::tuple<std::vector<mdLib::MoleculeLJ*, autopas::AlignedAllocator<std::vector, (unsigned long)64>>, std::tuple<unsigned long, autopas<unsigned long, (unsigned long)64>>, std::tuple<double, autopas<double, (unsigned long)64>>, autopas<double, (unsigned long)64>, autopas<double, (unsigned long)64>, autopas<double, (unsigned long)64>, autopas<double, (unsigned long)64>, autopas<double, (unsigned long)64>, autopas<double, (unsigned long)64>, autopas<double, (unsigned long)64>, autopas<double, (unsigned long)64>, autopas<double, (unsigned long)64>, autopas<double, (unsigned long)64>, autopas<double, (unsigned long)64>, autopas<unsigned long, (unsigned long)64>, std::tuple<mdLib::MoleculeLJ*::OwnershipState, autopas<std::tuple<double, autopas<double, (unsigned long)64>>, (unsigned long)64>>>>::type::value_type)",MoleculeLJ.h,0x569254
"std::unordered_map<mdLib::MoleculeLJ const*, unsigned long, std::hash<mdLib::MoleculeLJ const*>, std::equal_to<mdLib::MoleculeLJ const*>, std::allocator<std::pair<mdLib::MoleculeLJ const* const, unsigned long>>>::~unordered_map",0.031954,0.031954,0.0,0.0,0.0,0.0,0.0,0.0,0.0,0.0,0.0,0.0,md-flexible,"std::unordered_map<mdLib::MoleculeLJ const*, unsigned long, std::hash<mdLib::MoleculeLJ const*>, std::equal_to<mdLib::MoleculeLJ const*>, std::allocator<std::pair<mdLib::MoleculeLJ const* const, unsigned long>>>::~unordered_map(void)",unordered_map.h,0x5250c7
"std::vector<unsigned long, autopas::AlignedAllocator<unsigned long, (unsigned long)64>>::resize",0.028040,0.028040,0.0,0.0,0.0,0.0,0.0,0.0,0.0,0.0,0.0,0.0,md-flexible,"std::vector<unsigned long, autopas::AlignedAllocator<unsigned long, (unsigned long)64>>::resize(unsigned long)",stl_vector.h,0x5382e0
autopas::ReferenceParticleCell<mdLib::MoleculeLJ>::operator[],0.028023,0.028023,0.0,0.0,0.0,0.0,0.0,0.0,0.0,0.0,0.0,0.0,md-flexible,autopas::ReferenceParticleCell<mdLib::MoleculeLJ>::operator[](unsigned long) const,ReferenceParticleCell.h,0x50e748
"__gnu_cxx::operator-<unsigned long*, std::vector<unsigned long, autopas::AlignedAllocator<unsigned long, (unsigned long)64>>>",0.027997,0.027997,0.0,0.0,0.0,0.0,0.0,0.0,0.0,0.0,0.0,0.0,md-flexible,"__gnu_cxx::operator-<unsigned long*, std::vector<unsigned long, autopas::AlignedAllocator<unsigned long, (unsigned long)64>>>(__gnu_cxx::__normal_iterator<unsigned long*, std::vector<unsigned long, autopas::AlignedAllocator<unsigned long, (unsigned long)64>>> const&, __gnu_cxx::__normal_iterator<unsigned long*, std::vector<unsigned long, autopas::AlignedAllocator<unsigned long, (unsigned long)64>>> const&)",stl_iterator.h,0x4fd5b3
"autopas::containerIteratorUtils::particleFulfillsIteratorRequirements<(bool)1, mdLib::MoleculeLJ, std::array<double, (unsigned long)3>>",0.027977,0.027977,0.0,0.0,0.0,0.0,0.0,0.0,0.0,0.0,0.0,0.0,md-flexible,"autopas::containerIteratorUtils::particleFulfillsIteratorRequirements<(bool)1, mdLib::MoleculeLJ, std::array<double, (unsigned long)3>>(mdLib::MoleculeLJ const&, autopas::options::IteratorBehavior, std::array<double, (unsigned long)3> const&, std::array<double, (unsigned long)3> const&)",ContainerIterator.h,0x51d320
"__gnu_cxx::operator-<unsigned long*, std::vector<unsigned long, autopas::AlignedAllocator<unsigned long, (unsigned long)64>>>",0.027939,0.027939,0.0,0.0,0.0,0.0,0.0,0.0,0.0,0.0,0.0,0.0,md-flexible,"__gnu_cxx::operator-<unsigned long*, std::vector<unsigned long, autopas::AlignedAllocator<unsigned long, (unsigned long)64>>>(__gnu_cxx::__normal_iterator<unsigned long*, std::vector<unsigned long, autopas::AlignedAllocator<unsigned long, (unsigned long)64>>> const&, __gnu_cxx::__normal_iterator<unsigned long*, std::vector<unsigned long, autopas::AlignedAllocator<unsigned long, (unsigned long)64>>> const&)",stl_iterator.h,0x4fd5c5
std::max<unsigned long>,0.024030,0.024030,0.0,0.0,0.0,0.0,0.0,0.0,0.0,0.0,0.0,0.0,md-flexible,"std::max<unsigned long>(unsigned long const&, unsigned long const&)",stl_algobase.h,0x54c15c
func@0x408750,0.024011,0.024011,0.0,0.0,0.0,0.0,0.0,0.0,0.0,0.0,0.0,0.0,md-flexible,func@0x408750,[Unknown],0x408750
std::max<unsigned long>,0.024008,0.024008,0.0,0.0,0.0,0.0,0.0,0.0,0.0,0.0,0.0,0.0,md-flexible,"std::max<unsigned long>(unsigned long const&, unsigned long const&)",stl_algobase.h,0x54c117
"autopas::ParticleBase<double, unsigned long>::isDummy",0.024007,0.024007,0.0,0.0,0.0,0.0,0.0,0.0,0.0,0.0,0.0,0.0,md-flexible,"autopas::ParticleBase<double, unsigned long>::isDummy(void) const",ParticleBase.h,0x4fe3c3
"autopas::ColorBasedTraversal<autopas::ReferenceParticleCell<mdLib::MoleculeLJ>, autopas::VerletListHelpers<mdLib::MoleculeLJ>::VerletListGeneratorFunctor, (int)3>::initTraversal._omp_fn.0",0.023997,0.023997,0.0,0.0,0.0,0.0,0.0,0.0,0.0,0.0,0.0,0.0,md-flexible,"autopas::ColorBasedTraversal<autopas::ReferenceParticleCell<mdLib::MoleculeLJ>, autopas::VerletListHelpers<mdLib::MoleculeLJ>::VerletListGeneratorFunctor, (int)3>::initTraversal._omp_fn.0",ColorBasedTraversal.h,0x502320
_mm256_movemask_pd,0.023992,0.023992,0.0,0.0,0.0,0.0,0.0,0.0,0.0,0.0,0.0,0.0,md-flexible,_mm256_movemask_pd,avxintrin.h,0x5567d6
gomp_set_lock_30,0.023752,0.0,0.023752,0.0,0.023752,0.0,0.0,0.0,0.0,0.0,0.0,0.0,libgomp.so.1,gomp_set_lock_30,lock.c,0x23dc0
cfree,0.020025,0.020025,0.0,0.0,0.0,0.0,0.0,0.0,0.0,0.0,0.0,0.0,libc.so.6,cfree,[Unknown],0xb880e
"autopas::ParticleBase<double, unsigned long>::ParticleBase",0.020018,0.020018,0.0,0.0,0.0,0.0,0.0,0.0,0.0,0.0,0.0,0.0,md-flexible,"autopas::ParticleBase<double, unsigned long>::ParticleBase(autopas::ParticleBase<double, unsigned long> const&)",ParticleBase.h,0x452297
"__gnu_cxx::__normal_iterator<unsigned long*, std::vector<unsigned long, autopas::AlignedAllocator<unsigned long, (unsigned long)64>>>::__normal_iterator",0.020008,0.020008,0.0,0.0,0.0,0.0,0.0,0.0,0.0,0.0,0.0,0.0,md-flexible,"__gnu_cxx::__normal_iterator<unsigned long*, std::vector<unsigned long, autopas::AlignedAllocator<unsigned long, (unsigned long)64>>>::__normal_iterator(unsigned long* const&)",stl_iterator.h,0x5384d8
ParticleVector<mdLib::MoleculeLJ>::deleteDummyParticles,0.019994,0.019994,0.0,0.0,0.0,0.0,0.0,0.0,0.0,0.0,0.0,0.0,md-flexible,ParticleVector<mdLib::MoleculeLJ>::deleteDummyParticles(void),ParticleVector.h,0x530fa0
_mm256_and_pd,0.019988,0.019988,0.0,0.0,0.0,0.0,0.0,0.0,0.0,0.0,0.0,0.0,md-flexible,_mm256_and_pd,avxintrin.h,0x5567d2
autopas::VerletListsLinkedReferencesBase<mdLib::MoleculeLJ>::sortParticlesByConfiguredKey(void)::{lambda(mdLib::MoleculeLJ const&mdLib::MoleculeLJ const&)#1}::operator(),0.019979,0.019979,0.0,0.0,0.0,0.0,0.0,0.0,0.0,0.0,0.0,0.0,md-flexible,"autopas::VerletListsLinkedReferencesBase<mdLib::MoleculeLJ>::sortParticlesByConfiguredKey(void)::{lambda(mdLib::MoleculeLJ const&mdLib::MoleculeLJ const&)#1}::operator()(mdLib::MoleculeLJ const&, mdLib::MoleculeLJ const&) const",VerletListsLinkedReferencesBase.h,0x547010
autopas::internal::CellBlock3D<autopas::ReferenceParticleCell<mdLib::MoleculeLJ>>::cellCanContainHaloParticles,0.019969,0.019969,0.0,0.0,0.0,0.0,0.0,0.0,0.0,0.0,0.0,0.0,md-flexible,autopas::internal::CellBlock3D<autopas::ReferenceParticleCell<mdLib::MoleculeLJ>>::cellCanContainHaloParticles(unsigned long) const,CellBlock3D.h,0x4fe1d0
"std::vector<mdLib::MoleculeLJ*, std::allocator<mdLib::MoleculeLJ*>>::size",0.019957,0.019957,0.0,0.0,0.0,0.0,0.0,0.0,0.0,0.0,0.0,0.0,md-flexible,"std::vector<mdLib::MoleculeLJ*, std::allocator<mdLib::MoleculeLJ*>>::size(void) const",stl_vector.h,0x589b18
"autopas::SoAView<std::tuple<std::vector<mdLib::MoleculeLJ*, autopas::AlignedAllocator<mdLib::MoleculeLJ*, (unsigned long)64>>, std::vector<unsigned long, autopas::AlignedAllocator<unsigned long, (unsigned long)64>>, std::vector<double, autopas::AlignedAllocator<double, (unsigned long)64>>, std::vector<double, autopas::AlignedAllocator<double, (unsigned long)64>>, std::vector<double, autopas::AlignedAllocator<double, (unsigned long)64>>, std::vector<double, autopas::AlignedAllocator<double, (unsigned long)64>>, std::vector<double, autopas::AlignedAllocator<double, (unsigned long)64>>, std::vector<double, autopas::AlignedAllocator<double, (unsigned long)64>>, std::vector<double, autopas::AlignedAllocator<double, (unsigned long)64>>, std::vector<double, autopas::AlignedAllocator<double, (unsigned long)64>>, std::vector<double, autopas::AlignedAllocator<double, (unsigned long)64>>, std::vector<double, autopas::AlignedAllocator<double, (unsigned long)64>>, std::vector<double, autopas::AlignedAllocator<double, (unsigned long)64>>, std::vector<double, autopas::AlignedAllocator<double, (unsigned long)64>>, std::vector<unsigned long, autopas::AlignedAllocator<unsigned long, (unsigned long)64>>, std::vector<autopas::OwnershipState, autopas::AlignedAllocator<autopas::OwnershipState, (unsigned long)64>>>>::size",0.016008,0.016008,0.0,0.0,0.0,0.0,0.0,0.0,0.0,0.0,0.0,0.0,md-flexible,"autopas::SoAView<std::tuple<std::vector<mdLib::MoleculeLJ*, autopas::AlignedAllocator<mdLib::MoleculeLJ*, (unsigned long)64>>, std::vector<unsigned long, autopas::AlignedAllocator<unsigned long, (unsigned long)64>>, std::vector<double, autopas::AlignedAllocator<double, (unsigned long)64>>, std::vector<double, autopas::AlignedAllocator<double, (unsigned long)64>>, std::vector<double, autopas::AlignedAllocator<double, (unsigned long)64>>, std::vector<double, autopas::AlignedAllocator<double, (unsigned long)64>>, std::vector<double, autopas::AlignedAllocator<double, (unsigned long)64>>, std::vector<double, autopas::AlignedAllocator<double, (unsigned long)64>>, std::vector<double, autopas::AlignedAllocator<double, (unsigned long)64>>, std::vector<double, autopas::AlignedAllocator<double, (unsigned long)64>>, std::vector<double, autopas::AlignedAllocator<double, (unsigned long)64>>, std::vector<double, autopas::AlignedAllocator<double, (unsigned long)64>>, std::vector<double, autopas::AlignedAllocator<double, (unsigned long)64>>, std::vector<double, autopas::AlignedAllocator<double, (unsigned long)64>>, std::vector<unsigned long, autopas::AlignedAllocator<unsigned long, (unsigned long)64>>, std::vector<autopas::OwnershipState, autopas::AlignedAllocator<autopas::OwnershipState, (unsigned long)64>>>>::size(void) const",SoAView.h,0x509d52
_mm256_cmp_pd,0.015994,0.015994,0.0,0.0,0.0,0.0,0.0,0.0,0.0,0.0,0.0,0.0,md-flexible,_mm256_cmp_pd,avxintrin.h,0x5567b4
_mm256_maskload_pd,0.015973,0.015973,0.0,0.0,0.0,0.0,0.0,0.0,0.0,0.0,0.0,0.0,md-flexible,_mm256_maskload_pd,avxintrin.h,0x556786
"std::__invoke<autopas::utils::TupleUtils::for_each<std::tuple<std::vector<mdLib::MoleculeLJ*, autopas::AlignedAllocator<mdLib::MoleculeLJ*, (unsigned long)64>>, std::vector<unsigned long, autopas::AlignedAllocator<unsigned long, (unsigned long)64>>, std::vector<double, autopas::AlignedAllocator<double, (unsigned long)64>>, std::vector<double, autopas::AlignedAllocator<double, (unsigned long)64>>, std::vector<double, autopas::AlignedAllocator<double, (unsigned long)64>>, std::vector<double, autopas::AlignedAllocator<double, (unsigned long)64>>, std::vector<double, autopas::AlignedAllocator<double, (unsigned long)64>>, std::vector<double, autopas::AlignedAllocator<double, (unsigned long)64>>, std::vector<double, autopas::AlignedAllocator<double, (unsigned long)64>>, std::vector<double, autopas::AlignedAllocator<double, (unsigned long)64>>, std::vector<double, autopas::AlignedAllocator<double, (unsigned long)64>>, std::vector<double, autopas::AlignedAllocator<double, (unsigned long)64>>, std::vector<double, autopas::AlignedAllocator<double, (unsigned long)64>>, std::vector<double, autopas::AlignedAllocator<double, (unsigned long)64>>, std::vector<unsigned long, autopas::AlignedAllocator<unsigned long, (unsigned long)64>>, std::vector<autopas::OwnershipState, autopas::AlignedAllocator<autopas::OwnershipState, (unsigned long)64>>> const&, autopas::SoA<std::tuple<std::vector<mdLib::MoleculeLJ*, autopas::AlignedAllocator<mdLib::MoleculeLJ*, (unsigned long)64>>, std::vector<unsigned long, autopas::AlignedAllocator<unsigned long, (unsigned long)64>>, std::vector<double, autopas::AlignedAllocator<double, (unsigned long)64>>, std::vector<double, autopas::AlignedAllocator<double, (unsigned long)64>>, std::vector<double, autopas::AlignedAllocator<double, (unsigned long)64>>, std::vector<double, autopas::AlignedAllocator<double, (unsigned long)64>>, std::vector<double, autopas::AlignedAllocator<double, (unsigned long)64>>, std::vector<double, autopas::AlignedAllocator<double, (unsigned long)64>>, std::vector<double, autopas::AlignedAllocator<double, (unsigned long)64>>, std::vector<double, autopas::AlignedAllocator<double, (unsigned long)64>>, std::vector<double, autopas::AlignedAllocator<double, (unsigned long)64>>, std::vector<double, autopas::AlignedAllocator<double, (unsigned long)64>>, std::vector<double, autopas::AlignedAllocator<double, (unsigned long)64>>, std::vector<double, autopas::AlignedAllocator<double, (unsigned long)64>>, std::vector<unsigned long, autopas::AlignedAllocator<unsigned long, (unsigned long)64>>, std::vector<autopas::OwnershipState, autopas::AlignedAllocator<autopas::OwnershipState, (unsigned long)64>>>>::size(void) const::{lambda(std::tuple<std::vector<mdLib::MoleculeLJ*, autopas::AlignedAllocator<mdLib::MoleculeLJ*, (unsigned long)64>>, std::vector<unsigned long, autopas::AlignedAllocator<unsigned long, (unsigned long)64>>, std::vector<double, autopas::AlignedAllocator<double, (unsigned long)64>>, std::vector<double, autopas::AlignedAllocator<double, (unsigned long)64>>, std::vector<double, autopas::AlignedAllocator<double, (unsigned long)64>>, std::vector<double, autopas::AlignedAllocator<double, (unsigned long)64>>, std::vector<double, autopas::AlignedAllocator<double, (unsigned long)64>>, std::vector<double, autopas::AlignedAllocator<double, (unsigned long)64>>, std::vector<double, autopas::AlignedAllocator<double, (unsigned long)64>>, std::vector<double, autopas::AlignedAllocator<double, (unsigned long)64>>, std::vector<double, autopas::AlignedAllocator<double, (unsigned long)64>>, std::vector<double, autopas::AlignedAllocator<double, (unsigned long)64>>, std::vector<double, autopas::AlignedAllocator<double, (unsigned long)64>>, std::vector<double, autopas::AlignedAllocator<double, (unsigned long)64>>, std::vector<unsigned long, autopas::AlignedAllocator<unsigned long, (unsigned long)64>>, std::vector<autopas::OwnershipState, autopas::AlignedAllocator<autopas::OwnershipState, (unsigned long)64>>> const&&)#1}>(void, std::tuple<std::vector<mdLib::MoleculeLJ*, autopas::AlignedAllocator<mdLib::MoleculeLJ*, (unsigned long)64>>, std::vector<unsigned long, autopas::AlignedAllocator<unsigned long, (unsigned long)64>>, std::vector<double, autopas::AlignedAllocator<double, (unsigned long)64>>, std::vector<double, autopas::AlignedAllocator<double, (unsigned long)64>>, std::vector<double, autopas::AlignedAllocator<double, (unsigned long)64>>, std::vector<double, autopas::AlignedAllocator<double, (unsigned long)64>>, std::vector<double, autopas::AlignedAllocator<double, (unsigned long)64>>, std::vector<double, autopas::AlignedAllocator<double, (unsigned long)64>>, std::vector<double, autopas::AlignedAllocator<double, (unsigned long)64>>, std::vector<double, autopas::AlignedAllocator<double, (unsigned long)64>>, std::vector<double, autopas::AlignedAllocator<double, (unsigned long)64>>, std::vector<double, autopas::AlignedAllocator<double, (unsigned long)64>>, std::vector<double, autopas::AlignedAllocator<double, (unsigned long)64>>, std::vector<double, autopas::AlignedAllocator<double, (unsigned long)64>>, std::vector<unsigned long, autopas::AlignedAllocator<unsigned long, (unsigned long)64>>, std::vector<autopas::OwnershipState, autopas::AlignedAllocator<autopas::OwnershipState, (unsigned long)64>>> const&&&, autopas::SoA<std::tuple<std::vector<mdLib::MoleculeLJ*, autopas::AlignedAllocator<mdLib::MoleculeLJ*, (unsigned long)64>>, std::vector<unsigned long, autopas::AlignedAllocator<unsigned long, (unsigned long)64>>, std::vector<double, autopas::AlignedAllocator<double, (unsigned long)64>>, std::vector<double, autopas::AlignedAllocator<double, (unsigned long)64>>, std::vector<double, autopas::AlignedAllocator<double, (unsigned long)64>>, std::vector<double, autopas::AlignedAllocator<double, (unsigned long)64>>, std::vector<double, autopas::AlignedAllocator<double, (unsigned long)64>>, std::vector<double, autopas::AlignedAllocator<double, (unsigned long)64>>, std::vector<double, autopas::AlignedAllocator<double, (unsigned long)64>>, std::vector<double, autopas::AlignedAllocator<double, (unsigned long)64>>, std::vector<double, autopas::AlignedAllocator<double, (unsigned long)64>>, std::vector<double, autopas::AlignedAllocator<double, (unsigned long)64>>, std::vector<double, autopas::AlignedAllocator<double, (unsigned long)64>>, std::vector<double, autopas::AlignedAllocator<double, (unsigned long)64>>, std::vector<unsigned long, autopas::AlignedAllocator<unsigned long, (unsigned long)64>>, std::vector<autopas::OwnershipState, autopas::AlignedAllocator<autopas::OwnershipState, (unsigned long)64>>>>::size(void) const::{lambda(std::tuple<std::vector<mdLib::MoleculeLJ*, autopas::AlignedAllocator<mdLib::MoleculeLJ*, (unsigned long)64>>, std::vector<unsigned long, autopas::AlignedAllocator<unsigned long, (unsigned long)64>>, std::vector<double, autopas::AlignedAllocator<double, (unsigned long)64>>, std::vector<double, autopas::AlignedAllocator<double, (unsigned long)64>>, std::vector<double, autopas::AlignedAllocator<double, (unsigned long)64>>, std::vector<double, autopas::AlignedAllocator<double, (unsigned long)64>>, std::vector<double, autopas::AlignedAllocator<double, (unsigned long)64>>, std::vector<double, autopas::AlignedAllocator<double, (unsigned long)64>>, std::vector<double, autopas::AlignedAllocator<double, (unsigned long)64>>, std::vector<double, autopas::AlignedAllocator<double, (unsigned long)64>>, std::vector<double, autopas::AlignedAllocator<double, (unsigned long)64>>, std::vector<double, autopas::AlignedAllocator<double, (unsigned long)64>>, std::vector<double, autopas::AlignedAllocator<double, (unsigned long)64>>, std::vector<double, autopas::AlignedAllocator<double, (unsigned long)64>>, std::vector<unsigned long, autopas::AlignedAllocator<unsigned long, (unsigned long)64>>, std::vector<autopas::OwnershipState, autopas::AlignedAllocator<autopas::OwnershipState, (unsigned long)64>>> const&&)#1}&&)::{lambda(std::tuple<std::vector<mdLib::MoleculeLJ*, autopas::AlignedAllocator<mdLib::MoleculeLJ*, (unsigned long)64>>, std::vector<unsigned long, autopas::AlignedAllocator<unsigned long, (unsigned long)64>>, std::vector<double, autopas::AlignedAllocator<double, (unsigned long)64>>, std::vector<double, autopas::AlignedAllocator<double, (unsigned long)64>>, std::vector<double, autopas::AlignedAllocator<double, (unsigned long)64>>, std::vector<double, autopas::AlignedAllocator<double, (unsigned long)64>>, std::vector<double, autopas::AlignedAllocator<double, (unsigned long)64>>, std::vector<double, autopas::AlignedAllocator<double, (unsigned long)64>>, std::vector<double, autopas::AlignedAllocator<double, (unsigned long)64>>, std::vector<double, autopas::AlignedAllocator<double, (unsigned long)64>>, std::vector<double, autopas::AlignedAllocator<double, (unsigned long)64>>, std::vector<double, autopas::AlignedAllocator<double, (unsigned long)64>>, std::vector<double, autopas::AlignedAllocator<double, (unsigned long)64>>, std::vector<double, autopas::AlignedAllocator<double, (unsigned long)64>>, std::vector<unsigned long, autopas::AlignedAllocator<unsigned long, (unsigned long)64>>, std::vector<autopas::OwnershipState, autopas::AlignedAllocator<autopas::OwnershipState, (unsigned long)64>>> const&&)#1}, std::vector<mdLib::MoleculeLJ*, autopas::AlignedAllocator<mdLib::MoleculeLJ*, (unsigned long)64>> const&, std::vector<unsigned long, autopas::AlignedAllocator<unsigned long, (unsigned long)64>> const&, std::vector<double, autopas::AlignedAllocator<double, (unsigned long)64>> const&, std::vector<double, autopas::AlignedAllocator<double, (unsigned long)64>> const&, std::vector<double, autopas::AlignedAllocator<double, (unsigned long)64>> const&, std::vector<double, autopas::AlignedAllocator<double, (unsigned long)64>> const&, std::vector<double, autopas::AlignedAllocator<double, (unsigned long)64>> const&, std::vector<double, autopas::AlignedAllocator<double, (unsigned long)64>> const&, std::vector<double, autopas::AlignedAllocator<double, (unsigned long)64>> const&, std::vector<double, autopas::AlignedAllocator<double, (unsigned long)64>> const&, std::vector<double, autopas::AlignedAllocator<double, (unsigned long)64>> const&, std::vector<double, autopas::AlignedAllocator<double, (unsigned long)64>> const&, std::vector<double, autopas::AlignedAllocator<double, (unsigned long)64>> const&, std::vector<double, autopas::AlignedAllocator<double, (unsigned long)64>> const&, std::vector<unsigned long, autopas::AlignedAllocator<unsigned long, (unsigned long)64>> const&, std::vector<autopas::OwnershipState, autopas::AlignedAllocator<autopas::OwnershipState, (unsigned long)64>> const&>",0.015972,0.015972,0.0,0.0,0.0,0.0,0.0,0.0,0.0,0.0,0.0,0.0,md-flexible,"std::__invoke<autopas::utils::TupleUtils::for_each<std::tuple<std::vector<mdLib::MoleculeLJ*, autopas::AlignedAllocator<mdLib::MoleculeLJ*, (unsigned long)64>>, std::vector<unsigned long, autopas::AlignedAllocator<unsigned long, (unsigned long)64>>, std::vector<double, autopas::AlignedAllocator<double, (unsigned long)64>>, std::vector<double, autopas::AlignedAllocator<double, (unsigned long)64>>, std::vector<double, autopas::AlignedAllocator<double, (unsigned long)64>>, std::vector<double, autopas::AlignedAllocator<double, (unsigned long)64>>, std::vector<double, autopas::AlignedAllocator<double, (unsigned long)64>>, std::vector<double, autopas::AlignedAllocator<double, (unsigned long)64>>, std::vector<double, autopas::AlignedAllocator<double, (unsigned long)64>>, std::vector<double, autopas::AlignedAllocator<double, (unsigned long)64>>, std::vector<double, autopas::AlignedAllocator<double, (unsigned long)64>>, std::vector<double, autopas::AlignedAllocator<double, (unsigned long)64>>, std::vector<double, autopas::AlignedAllocator<double, (unsigned long)64>>, std::vector<double, autopas::AlignedAllocator<double, (unsigned long)64>>, std::vector<unsigned long, autopas::AlignedAllocator<unsigned long, (unsigned long)64>>, std::vector<autopas::OwnershipState, autopas::AlignedAllocator<autopas::OwnershipState, (unsigned long)64>>> const&, autopas::SoA<std::tuple<std::vector<mdLib::MoleculeLJ*, autopas::AlignedAllocator<mdLib::MoleculeLJ*, (unsigned long)64>>, std::vector<unsigned long, autopas::AlignedAllocator<unsigned long, (unsigned long)64>>, std::vector<double, autopas::AlignedAllocator<double, (unsigned long)64>>, std::vector<double, autopas::AlignedAllocator<double, (unsigned long)64>>, std::vector<double, autopas::AlignedAllocator<double, (unsigned long)64>>, std::vector<double, autopas::AlignedAllocator<double, (unsigned long)64>>, std::vector<double, autopas::AlignedAllocator<double, (unsigned long)64>>, std::vector<double, autopas::AlignedAllocator<double, (unsigned long)64>>, std::vector<double, autopas::AlignedAllocator<double, (unsigned long)64>>, std::vector<double, autopas::AlignedAllocator<double, (unsigned long)64>>, std::vector<double, autopas::AlignedAllocator<double, (unsigned long)64>>, std::vector<double, autopas::AlignedAllocator<double, (unsigned long)64>>, std::vector<double, autopas::AlignedAllocator<double, (unsigned long)64>>, std::vector<double, autopas::AlignedAllocator<double, (unsigned long)64>>, std::vector<unsigned long, autopas::AlignedAllocator<unsigned long, (unsigned long)64>>, std::vector<autopas::OwnershipState, autopas::AlignedAllocator<autopas::OwnershipState, (unsigned long)64>>>>::size(void) const::{lambda(std::tuple<std::vector<mdLib::MoleculeLJ*, autopas::AlignedAllocator<mdLib::MoleculeLJ*, (unsigned long)64>>, std::vector<unsigned long, autopas::AlignedAllocator<unsigned long, (unsigned long)64>>, std::vector<double, autopas::AlignedAllocator<double, (unsigned long)64>>, std::vector<double, autopas::AlignedAllocator<double, (unsigned long)64>>, std::vector<double, autopas::AlignedAllocator<double, (unsigned long)64>>, std::vector<double, autopas::AlignedAllocator<double, (unsigned long)64>>, std::vector<double, autopas::AlignedAllocator<double, (unsigned long)64>>, std::vector<double, autopas::AlignedAllocator<double, (unsigned long)64>>, std::vector<double, autopas::AlignedAllocator<double, (unsigned long)64>>, std::vector<double, autopas::AlignedAllocator<double, (unsigned long)64>>, std::vector<double, autopas::AlignedAllocator<double, (unsigned long)64>>, std::vector<double, autopas::AlignedAllocator<double, (unsigned long)64>>, std::vector<double, autopas::AlignedAllocator<double, (unsigned long)64>>, std::vector<double, autopas::AlignedAllocator<double, (unsigned long)64>>, std::vector<unsigned long, autopas::AlignedAllocator<unsigned long, (unsigned long)64>>, std::vector<autopas::OwnershipState, autopas::AlignedAllocator<autopas::OwnershipState, (unsigned long)64>>> const&&)#1}>(void, std::tuple<std::vector<mdLib::MoleculeLJ*, autopas::AlignedAllocator<mdLib::MoleculeLJ*, (unsigned long)64>>, std::vector<unsigned long, autopas::AlignedAllocator<unsigned long, (unsigned long)64>>, std::vector<double, autopas::AlignedAllocator<double, (unsigned long)64>>, std::vector<double, autopas::AlignedAllocator<double, (unsigned long)64>>, std::vector<double, autopas::AlignedAllocator<double, (unsigned long)64>>, std::vector<double, autopas::AlignedAllocator<double, (unsigned long)64>>, std::vector<double, autopas::AlignedAllocator<double, (unsigned long)64>>, std::vector<double, autopas::AlignedAllocator<double, (unsigned long)64>>, std::vector<double, autopas::AlignedAllocator<double, (unsigned long)64>>, std::vector<double, autopas::AlignedAllocator<double, (unsigned long)64>>, std::vector<double, autopas::AlignedAllocator<double, (unsigned long)64>>, std::vector<double, autopas::AlignedAllocator<double, (unsigned long)64>>, std::vector<double, autopas::AlignedAllocator<double, (unsigned long)64>>, std::vector<double, autopas::AlignedAllocator<double, (unsigned long)64>>, std::vector<unsigned long, autopas::AlignedAllocator<unsigned long, (unsigned long)64>>, std::vector<autopas::OwnershipState, autopas::AlignedAllocator<autopas::OwnershipState, (unsigned long)64>>> const&&&, autopas::SoA<std::tuple<std::vector<mdLib::MoleculeLJ*, autopas::AlignedAllocator<mdLib::MoleculeLJ*, (unsigned long)64>>, std::vector<unsigned long, autopas::AlignedAllocator<unsigned long, (unsigned long)64>>, std::vector<double, autopas::AlignedAllocator<double, (unsigned long)64>>, std::vector<double, autopas::AlignedAllocator<double, (unsigned long)64>>, std::vector<double, autopas::AlignedAllocator<double, (unsigned long)64>>, std::vector<double, autopas::AlignedAllocator<double, (unsigned long)64>>, std::vector<double, autopas::AlignedAllocator<double, (unsigned long)64>>, std::vector<double, autopas::AlignedAllocator<double, (unsigned long)64>>, std::vector<double, autopas::AlignedAllocator<double, (unsigned long)64>>, std::vector<double, autopas::AlignedAllocator<double, (unsigned long)64>>, std::vector<double, autopas::AlignedAllocator<double, (unsigned long)64>>, std::vector<double, autopas::AlignedAllocator<double, (unsigned long)64>>, std::vector<double, autopas::AlignedAllocator<double, (unsigned long)64>>, std::vector<double, autopas::AlignedAllocator<double, (unsigned long)64>>, std::vector<unsigned long, autopas::AlignedAllocator<unsigned long, (unsigned long)64>>, std::vector<autopas::OwnershipState, autopas::AlignedAllocator<autopas::OwnershipState, (unsigned long)64>>>>::size(void) const::{lambda(std::tuple<std::vector<mdLib::MoleculeLJ*, autopas::AlignedAllocator<mdLib::MoleculeLJ*, (unsigned long)64>>, std::vector<unsigned long, autopas::AlignedAllocator<unsigned long, (unsigned long)64>>, std::vector<double, autopas::AlignedAllocator<double, (unsigned long)64>>, std::vector<double, autopas::AlignedAllocator<double, (unsigned long)64>>, std::vector<double, autopas::AlignedAllocator<double, (unsigned long)64>>, std::vector<double, autopas::AlignedAllocator<double, (unsigned long)64>>, std::vector<double, autopas::AlignedAllocator<double, (unsigned long)64>>, std::vector<double, autopas::AlignedAllocator<double, (unsigned long)64>>, std::vector<double, autopas::AlignedAllocator<double, (unsigned long)64>>, std::vector<double, autopas::AlignedAllocator<double, (unsigned long)64>>, std::vector<double, autopas::AlignedAllocator<double, (unsigned long)64>>, std::vector<double, autopas::AlignedAllocator<double, (unsigned long)64>>, std::vector<double, autopas::AlignedAllocator<double, (unsigned long)64>>, std::vector<double, autopas::AlignedAllocator<double, (unsigned long)64>>, std::vector<unsigned long, autopas::AlignedAllocator<unsigned long, (unsigned long)64>>, std::vector<autopas::OwnershipState, autopas::AlignedAllocator<autopas::OwnershipState, (unsigned long)64>>> const&&)#1}&&)::{lambda(std::tuple<std::vector<mdLib::MoleculeLJ*, autopas::AlignedAllocator<mdLib::MoleculeLJ*, (unsigned long)64>>, std::vector<unsigned long, autopas::AlignedAllocator<unsigned long, (unsigned long)64>>, std::vector<double, autopas::AlignedAllocator<double, (unsigned long)64>>, std::vector<double, autopas::AlignedAllocator<double, (unsigned long)64>>, std::vector<double, autopas::AlignedAllocator<double, (unsigned long)64>>, std::vector<double, autopas::AlignedAllocator<double, (unsigned long)64>>, std::vector<double, autopas::AlignedAllocator<double, (unsigned long)64>>, std::vector<double, autopas::AlignedAllocator<double, (unsigned long)64>>, std::vector<double, autopas::AlignedAllocator<double, (unsigned long)64>>, std::vector<double, autopas::AlignedAllocator<double, (unsigned long)64>>, std::vector<double, autopas::AlignedAllocator<double, (unsigned long)64>>, std::vector<double, autopas::AlignedAllocator<double, (unsigned long)64>>, std::vector<double, autopas::AlignedAllocator<double, (unsigned long)64>>, std::vector<double, autopas::AlignedAllocator<double, (unsigned long)64>>, std::vector<unsigned long, autopas::AlignedAllocator<unsigned long, (unsigned long)64>>, std::vector<autopas::OwnershipState, autopas::AlignedAllocator<autopas::OwnershipState, (unsigned long)64>>> const&&)#1}, std::vector<mdLib::MoleculeLJ*, autopas::AlignedAllocator<mdLib::MoleculeLJ*, (unsigned long)64>> const&, std::vector<unsigned long, autopas::AlignedAllocator<unsigned long, (unsigned long)64>> const&, std::vector<double, autopas::AlignedAllocator<double, (unsigned long)64>> const&, std::vector<double, autopas::AlignedAllocator<double, (unsigned long)64>> const&, std::vector<double, autopas::AlignedAllocator<double, (unsigned long)64>> const&, std::vector<double, autopas::AlignedAllocator<double, (unsigned long)64>> const&, std::vector<double, autopas::AlignedAllocator<double, (unsigned long)64>> const&, std::vector<double, autopas::AlignedAllocator<double, (unsigned long)64>> const&, std::vector<double, autopas::AlignedAllocator<double, (unsigned long)64>> const&, std::vector<double, autopas::AlignedAllocator<double, (unsigned long)64>> const&, std::vector<double, autopas::AlignedAllocator<double, (unsigned long)64>> const&, std::vector<double, autopas::AlignedAllocator<double, (unsigned long)64>> const&, std::vector<double, autopas::AlignedAllocator<double, (unsigned long)64>> const&, std::vector<double, autopas::AlignedAllocator<double, (unsigned long)64>> const&, std::vector<unsigned long, autopas::AlignedAllocator<unsigned long, (unsigned long)64>> const&, std::vector<autopas::OwnershipState, autopas::AlignedAllocator<autopas::OwnershipState, (unsigned long)64>> const&>(std::tuple<std::vector<mdLib::MoleculeLJ*, autopas::AlignedAllocator<mdLib::MoleculeLJ*, (unsigned long)64>>, std::vector<unsigned long, autopas::AlignedAllocator<unsigned long, (unsigned long)64>>, std::vector<double, autopas::AlignedAllocator<double, (unsigned long)64>>, std::vector<double, autopas::AlignedAllocator<double, (unsigned long)64>>, std::vector<double, autopas::AlignedAllocator<double, (unsigned long)64>>, std::vector<double, autopas::AlignedAllocator<double, (unsigned long)64>>, std::vector<double, autopas::AlignedAllocator<double, (unsigned long)64>>, std::vector<double, autopas::AlignedAllocator<double, (unsigned long)64>>, std::vector<double, autopas::AlignedAllocator<double, (unsigned long)64>>, std::vector<double, autopas::AlignedAllocator<double, (unsigned long)64>>, std::vector<double, autopas::AlignedAllocator<double, (unsigned long)64>>, std::vector<double, autopas::AlignedAllocator<double, (unsigned long)64>>, std::vector<double, autopas::AlignedAllocator<double, (unsigned long)64>>, std::vector<double, autopas::AlignedAllocator<double, (unsigned long)64>>, std::vector<unsigned long, autopas::AlignedAllocator<unsigned long, (unsigned long)64>>, std::vector<autopas::OwnershipState, autopas::AlignedAllocator<autopas::OwnershipState, (unsigned long)64>>> const&&&, std::vector<mdLib::MoleculeLJ*, autopas::AlignedAllocator<mdLib::MoleculeLJ*, (unsigned long)64>> const&&&)",invoke.h,0x54c110
"std::unordered_map<mdLib::MoleculeLJ*, std::vector<mdLib::MoleculeLJ*, std::allocator<mdLib::MoleculeLJ*>>, std::hash<mdLib::MoleculeLJ*>, std::equal_to<mdLib::MoleculeLJ*>, std::allocator<std::pair<mdLib::MoleculeLJ* const, std::vector<mdLib::MoleculeLJ*, std::allocator<mdLib::MoleculeLJ*>>>>>::at",0.015972,0.015972,0.0,0.0,0.0,0.0,0.0,0.0,0.0,0.0,0.0,0.0,md-flexible,"std::unordered_map<mdLib::MoleculeLJ*, std::vector<mdLib::MoleculeLJ*, std::allocator<mdLib::MoleculeLJ*>>, std::hash<mdLib::MoleculeLJ*>, std::equal_to<mdLib::MoleculeLJ*>, std::allocator<std::pair<mdLib::MoleculeLJ* const, std::vector<mdLib::MoleculeLJ*, std::allocator<mdLib::MoleculeLJ*>>>>>::at(mdLib::MoleculeLJ* const&)",unordered_map.h,0x50a1d4
"autopas::ParticleBase<double, unsigned long>::ParticleBase",0.012117,0.012117,0.0,0.0,0.0,0.0,0.0,0.0,0.0,0.0,0.0,0.0,md-flexible,"autopas::ParticleBase<double, unsigned long>::ParticleBase(autopas::ParticleBase<double, unsigned long> const&)",ParticleBase.h,0x443408
"std::vector<unsigned long, autopas::AlignedAllocator<unsigned long, (unsigned long)64>>::size",0.012095,0.012095,0.0,0.0,0.0,0.0,0.0,0.0,0.0,0.0,0.0,0.0,md-flexible,"std::vector<unsigned long, autopas::AlignedAllocator<unsigned long, (unsigned long)64>>::size(void) const",stl_vector.h,0x54c15c
MDFlexConfig::MDFlexConfig,0.012006,0.012006,0.0,0.0,0.0,0.0,0.0,0.0,0.0,0.0,0.0,0.0,md-flexible,MDFlexConfig::MDFlexConfig(MDFlexConfig const&),MDFlexConfig.h,0x44d0a0
"std::unordered_map<mdLib::MoleculeLJ*, std::vector<mdLib::MoleculeLJ*, std::allocator<mdLib::MoleculeLJ*>>, std::hash<mdLib::MoleculeLJ*>, std::equal_to<mdLib::MoleculeLJ*>, std::allocator<std::pair<mdLib::MoleculeLJ* const, std::vector<mdLib::MoleculeLJ*, std::allocator<mdLib::MoleculeLJ*>>>>>::at",0.012006,0.012006,0.0,0.0,0.0,0.0,0.0,0.0,0.0,0.0,0.0,0.0,md-flexible,"std::unordered_map<mdLib::MoleculeLJ*, std::vector<mdLib::MoleculeLJ*, std::allocator<mdLib::MoleculeLJ*>>, std::hash<mdLib::MoleculeLJ*>, std::equal_to<mdLib::MoleculeLJ*>, std::allocator<std::pair<mdLib::MoleculeLJ* const, std::vector<mdLib::MoleculeLJ*, std::allocator<mdLib::MoleculeLJ*>>>>>::at(mdLib::MoleculeLJ* const&)",unordered_map.h,0x50a2eb
_ZSt12construct_atIPN5mdLib10MoleculeLJEJRKS2_EEDTgsnwcvPvLi0E_T_pispcl7declvalIT0_EEEEPS6_DpOS7_,0.012006,0.012006,0.0,0.0,0.0,0.0,0.0,0.0,0.0,0.0,0.0,0.0,md-flexible,_ZSt12construct_atIPN5mdLib10MoleculeLJEJRKS2_EEDTgsnwcvPvLi0E_T_pispcl7declvalIT0_EEEEPS6_DpOS7_,stl_construct.h,0x509f3e
"std::vector<unsigned long, autopas::AlignedAllocator<unsigned long, (unsigned long)64>>::size",0.012004,0.012004,0.0,0.0,0.0,0.0,0.0,0.0,0.0,0.0,0.0,0.0,md-flexible,"std::vector<unsigned long, autopas::AlignedAllocator<unsigned long, (unsigned long)64>>::size(void) const",stl_vector.h,0x54c11e
"mdLib::MoleculeLJ::get<(mdLib::MoleculeLJ::AttributeNames)4, (bool)1>",0.012002,0.012002,0.0,0.0,0.0,0.0,0.0,0.0,0.0,0.0,0.0,0.0,md-flexible,"mdLib::MoleculeLJ::get<(mdLib::MoleculeLJ::AttributeNames)4, (bool)1>(void) const",MoleculeLJ.h,0x589bb4
"__gnu_cxx::__ops::_Iter_less_iter::operator()<__gnu_cxx::__normal_iterator<unsigned long*, std::vector<unsigned long, autopas::AlignedAllocator<unsigned long, (unsigned long)64>>>, __gnu_cxx::__normal_iterator<unsigned long*, std::vector<unsigned long, autopas::AlignedAllocator<unsigned long, (unsigned long)64>>>>",0.012002,0.012002,0.0,0.0,0.0,0.0,0.0,0.0,0.0,0.0,0.0,0.0,md-flexible,"__gnu_cxx::__ops::_Iter_less_iter::operator()<__gnu_cxx::__normal_iterator<unsigned long*, std::vector<unsigned long, autopas::AlignedAllocator<unsigned long, (unsigned long)64>>>, __gnu_cxx::__normal_iterator<unsigned long*, std::vector<unsigned long, autopas::AlignedAllocator<unsigned long, (unsigned long)64>>>>(__gnu_cxx::__normal_iterator<unsigned long*, std::vector<unsigned long, autopas::AlignedAllocator<unsigned long, (unsigned long)64>>>, __gnu_cxx::__normal_iterator<unsigned long*, std::vector<unsigned long, autopas::AlignedAllocator<unsigned long, (unsigned long)64>>>) const",predefined_ops.h,0x4fd5f9
"std::vector<double, autopas::AlignedAllocator<double, (unsigned long)64>>::size",0.012001,0.012001,0.0,0.0,0.0,0.0,0.0,0.0,0.0,0.0,0.0,0.0,md-flexible,"std::vector<double, autopas::AlignedAllocator<double, (unsigned long)64>>::size(void) const",stl_vector.h,0x54c15c
GOMP_parallel,0.012001,0.012001,0.0,0.0,0.0,0.0,0.0,0.0,0.0,0.0,0.0,0.0,libgomp.so.1,GOMP_parallel,parallel.c,0x18260
func@0x408620,0.012000,0.012000,0.0,0.0,0.0,0.0,0.0,0.0,0.0,0.0,0.0,0.0,md-flexible,func@0x408620,[Unknown],0x408620
"autopas::SoAView<std::tuple<std::vector<mdLib::MoleculeLJ*, autopas::AlignedAllocator<mdLib::MoleculeLJ*, (unsigned long)64>>, std::vector<unsigned long, autopas::AlignedAllocator<unsigned long, (unsigned long)64>>, std::vector<double, autopas::AlignedAllocator<double, (unsigned long)64>>, std::vector<double, autopas::AlignedAllocator<double, (unsigned long)64>>, std::vector<double, autopas::AlignedAllocator<double, (unsigned long)64>>, std::vector<double, autopas::AlignedAllocator<double, (unsigned long)64>>, std::vector<double, autopas::AlignedAllocator<double, (unsigned long)64>>, std::vector<double, autopas::AlignedAllocator<double, (unsigned long)64>>, std::vector<double, autopas::AlignedAllocator<double, (unsigned long)64>>, std::vector<double, autopas::AlignedAllocator<double, (unsigned long)64>>, std::vector<double, autopas::AlignedAllocator<double, (unsigned long)64>>, std::vector<double, autopas::AlignedAllocator<double, (unsigned long)64>>, std::vector<double, autopas::AlignedAllocator<double, (unsigned long)64>>, std::vector<double, autopas::AlignedAllocator<double, (unsigned long)64>>, std::vector<unsigned long, autopas::AlignedAllocator<unsigned long, (unsigned long)64>>, std::vector<autopas::OwnershipState, autopas::AlignedAllocator<autopas::OwnershipState, (unsigned long)64>>>>::begin<(unsigned long)14>",0.012000,0.012000,0.0,0.0,0.0,0.0,0.0,0.0,0.0,0.0,0.0,0.0,md-flexible,"autopas::SoAView<std::tuple<std::vector<mdLib::MoleculeLJ*, autopas::AlignedAllocator<mdLib::MoleculeLJ*, (unsigned long)64>>, std::vector<unsigned long, autopas::AlignedAllocator<unsigned long, (unsigned long)64>>, std::vector<double, autopas::AlignedAllocator<double, (unsigned long)64>>, std::vector<double, autopas::AlignedAllocator<double, (unsigned long)64>>, std::vector<double, autopas::AlignedAllocator<double, (unsigned long)64>>, std::vector<double, autopas::AlignedAllocator<double, (unsigned long)64>>, std::vector<double, autopas::AlignedAllocator<double, (unsigned long)64>>, std::vector<double, autopas::AlignedAllocator<double, (unsigned long)64>>, std::vector<double, autopas::AlignedAllocator<double, (unsigned long)64>>, std::vector<double, autopas::AlignedAllocator<double, (unsigned long)64>>, std::vector<double, autopas::AlignedAllocator<double, (unsigned long)64>>, std::vector<double, autopas::AlignedAllocator<double, (unsigned long)64>>, std::vector<double, autopas::AlignedAllocator<double, (unsigned long)64>>, std::vector<double, autopas::AlignedAllocator<double, (unsigned long)64>>, std::vector<unsigned long, autopas::AlignedAllocator<unsigned long, (unsigned long)64>>, std::vector<autopas::OwnershipState, autopas::AlignedAllocator<autopas::OwnershipState, (unsigned long)64>>>>::begin<(unsigned long)14>(signed char, void)",SoAView.h,0x5563c4
autopas::LinkedCellsReferences<mdLib::MoleculeLJ>::updateContainer._omp_fn.0,0.011999,0.011999,0.0,0.0,0.0,0.0,0.0,0.0,0.0,0.0,0.0,0.0,md-flexible,autopas::LinkedCellsReferences<mdLib::MoleculeLJ>::updateContainer._omp_fn.0,LinkedCellsReferences.h,0x501630
_mm_add_pd,0.011999,0.011999,0.0,0.0,0.0,0.0,0.0,0.0,0.0,0.0,0.0,0.0,md-flexible,"_mm_add_pd(, void, _d)",emmintrin.h,0x556872
"autopas::SoAView<std::tuple<std::vector<mdLib::MoleculeLJ*, autopas::AlignedAllocator<mdLib::MoleculeLJ*, (unsigned long)64>>, std::vector<unsigned long, autopas::AlignedAllocator<unsigned long, (unsigned long)64>>, std::vector<double, autopas::AlignedAllocator<double, (unsigned long)64>>, std::vector<double, autopas::AlignedAllocator<double, (unsigned long)64>>, std::vector<double, autopas::AlignedAllocator<double, (unsigned long)64>>, std::vector<double, autopas::AlignedAllocator<double, (unsigned long)64>>, std::vector<double, autopas::AlignedAllocator<double, (unsigned long)64>>, std::vector<double, autopas::AlignedAllocator<double, (unsigned long)64>>, std::vector<double, autopas::AlignedAllocator<double, (unsigned long)64>>, std::vector<double, autopas::AlignedAllocator<double, (unsigned long)64>>, std::vector<double, autopas::AlignedAllocator<double, (unsigned long)64>>, std::vector<double, autopas::AlignedAllocator<double, (unsigned long)64>>, std::vector<double, autopas::AlignedAllocator<double, (unsigned long)64>>, std::vector<double, autopas::AlignedAllocator<double, (unsigned long)64>>, std::vector<unsigned long, autopas::AlignedAllocator<unsigned long, (unsigned long)64>>, std::vector<autopas::OwnershipState, autopas::AlignedAllocator<autopas::OwnershipState, (unsigned long)64>>>>::SoAView",0.011996,0.011996,0.0,0.0,0.0,0.0,0.0,0.0,0.0,0.0,0.0,0.0,md-flexible,"autopas::SoAView<std::tuple<std::vector<mdLib::MoleculeLJ*, autopas::AlignedAllocator<mdLib::MoleculeLJ*, (unsigned long)64>>, std::vector<unsigned long, autopas::AlignedAllocator<unsigned long, (unsigned long)64>>, std::vector<double, autopas::AlignedAllocator<double, (unsigned long)64>>, std::vector<double, autopas::AlignedAllocator<double, (unsigned long)64>>, std::vector<double, autopas::AlignedAllocator<double, (unsigned long)64>>, std::vector<double, autopas::AlignedAllocator<double, (unsigned long)64>>, std::vector<double, autopas::AlignedAllocator<double, (unsigned long)64>>, std::vector<double, autopas::AlignedAllocator<double, (unsigned long)64>>, std::vector<double, autopas::AlignedAllocator<double, (unsigned long)64>>, std::vector<double, autopas::AlignedAllocator<double, (unsigned long)64>>, std::vector<double, autopas::AlignedAllocator<double, (unsigned long)64>>, std::vector<double, autopas::AlignedAllocator<double, (unsigned long)64>>, std::vector<double, autopas::AlignedAllocator<double, (unsigned long)64>>, std::vector<double, autopas::AlignedAllocator<double, (unsigned long)64>>, std::vector<unsigned long, autopas::AlignedAllocator<unsigned long, (unsigned long)64>>, std::vector<autopas::OwnershipState, autopas::AlignedAllocator<autopas::OwnershipState, (unsigned long)64>>>>::SoAView(autopas::SoA<std::tuple<std::vector<mdLib::MoleculeLJ*, autopas::AlignedAllocator<mdLib::MoleculeLJ*, (unsigned long)64>>, std::vector<unsigned long, autopas::AlignedAllocator<unsigned long, (unsigned long)64>>, std::vector<double, autopas::AlignedAllocator<double, (unsigned long)64>>, std::vector<double, autopas::AlignedAllocator<double, (unsigned long)64>>, std::vector<double, autopas::AlignedAllocator<double, (unsigned long)64>>, std::vector<double, autopas::AlignedAllocator<double, (unsigned long)64>>, std::vector<double, autopas::AlignedAllocator<double, (unsigned long)64>>, std::vector<double, autopas::AlignedAllocator<double, (unsigned long)64>>, std::vector<double, autopas::AlignedAllocator<double, (unsigned long)64>>, std::vector<double, autopas::AlignedAllocator<double, (unsigned long)64>>, std::vector<double, autopas::AlignedAllocator<double, (unsigned long)64>>, std::vector<double, autopas::AlignedAllocator<double, (unsigned long)64>>, std::vector<double, autopas::AlignedAllocator<double, (unsigned long)64>>, std::vector<double, autopas::AlignedAllocator<double, (unsigned long)64>>, std::vector<unsigned long, autopas::AlignedAllocator<unsigned long, (unsigned long)64>>, std::vector<autopas::OwnershipState, autopas::AlignedAllocator<autopas::OwnershipState, (unsigned long)64>>>>&)",SoAView.h,0x54c783
_ZSt12construct_atIPN5mdLib10MoleculeLJEJRKS2_EEDTgsnwcvPvLi0E_T_pispcl7declvalIT0_EEEEPS6_DpOS7_,0.011996,0.011996,0.0,0.0,0.0,0.0,0.0,0.0,0.0,0.0,0.0,0.0,md-flexible,_ZSt12construct_atIPN5mdLib10MoleculeLJEJRKS2_EEDTgsnwcvPvLi0E_T_pispcl7declvalIT0_EEEEPS6_DpOS7_,stl_construct.h,0x50a331
"autopasTools::generators::GridGenerator::fillWithParticles<autopasTools::PseudoContainer<std::vector<mdLib::MoleculeLJ, std::allocator<mdLib::MoleculeLJ>>>>",0.011995,0.011995,0.0,0.0,0.0,0.0,0.0,0.0,0.0,0.0,0.0,0.0,md-flexible,"autopasTools::generators::GridGenerator::fillWithParticles<autopasTools::PseudoContainer<std::vector<mdLib::MoleculeLJ, std::allocator<mdLib::MoleculeLJ>>>>(autopasTools::PseudoContainer<std::vector<mdLib::MoleculeLJ, std::allocator<mdLib::MoleculeLJ>>>&, std::array<unsigned long, (unsigned long)3> const&, autopas::utils::ParticleTypeTrait<autopasTools::PseudoContainer<std::vector<mdLib::MoleculeLJ, std::allocator<mdLib::MoleculeLJ>>>>::value const&, std::array<double, (unsigned long)3> const&, std::array<double, (unsigned long)3> const&)",GridGenerator.h,0x443363
std::max<unsigned long>,0.011995,0.011995,0.0,0.0,0.0,0.0,0.0,0.0,0.0,0.0,0.0,0.0,md-flexible,"std::max<unsigned long>(unsigned long const&, unsigned long const&)",stl_algobase.h,0x54c15c
"__gnu_cxx::__ops::_Val_less_iter::operator()<unsigned long, __gnu_cxx::__normal_iterator<unsigned long*, std::vector<unsigned long, autopas::AlignedAllocator<unsigned long, (unsigned long)64>>>>",0.011995,0.011995,0.0,0.0,0.0,0.0,0.0,0.0,0.0,0.0,0.0,0.0,md-flexible,"__gnu_cxx::__ops::_Val_less_iter::operator()<unsigned long, __gnu_cxx::__normal_iterator<unsigned long*, std::vector<unsigned long, autopas::AlignedAllocator<unsigned long, (unsigned long)64>>>>(unsigned long&, __gnu_cxx::__normal_iterator<unsigned long*, std::vector<unsigned long, autopas::AlignedAllocator<unsigned long, (unsigned long)64>>>) const",predefined_ops.h,0x53857b
"autopas::internal::CellFunctor<autopas::ReferenceParticleCell<mdLib::MoleculeLJ>, autopas::VerletListHelpers<mdLib::MoleculeLJ>::VerletListGeneratorFunctor, (bool)1>::processCellPair",0.011993,0.011993,0.0,0.0,0.0,0.0,0.0,0.0,0.0,0.0,0.0,0.0,md-flexible,"autopas::internal::CellFunctor<autopas::ReferenceParticleCell<mdLib::MoleculeLJ>, autopas::VerletListHelpers<mdLib::MoleculeLJ>::VerletListGeneratorFunctor, (bool)1>::processCellPair(autopas::ReferenceParticleCell<mdLib::MoleculeLJ>&, autopas::ReferenceParticleCell<mdLib::MoleculeLJ>&, std::array<double, (unsigned long)3> const&)",CellFunctor.h,0x553da0
autopas::ReferenceParticleCell<mdLib::MoleculeLJ>::deleteDummyParticles,0.011988,0.011988,0.0,0.0,0.0,0.0,0.0,0.0,0.0,0.0,0.0,0.0,md-flexible,autopas::ReferenceParticleCell<mdLib::MoleculeLJ>::deleteDummyParticles(void),ReferenceParticleCell.h,0x505720
"__gnu_cxx::__normal_iterator<unsigned long*, std::vector<unsigned long, autopas::AlignedAllocator<unsigned long, (unsigned long)64>>>::operator++",0.011984,0.011984,0.0,0.0,0.0,0.0,0.0,0.0,0.0,0.0,0.0,0.0,md-flexible,"__gnu_cxx::__normal_iterator<unsigned long*, std::vector<unsigned long, autopas::AlignedAllocator<unsigned long, (unsigned long)64>>>::operator++(void)",stl_iterator.h,0x53855a
DomainTools::isInsideDomain,0.011973,0.011973,0.0,0.0,0.0,0.0,0.0,0.0,0.0,0.0,0.0,0.0,md-flexible,"DomainTools::isInsideDomain(std::array<double, (unsigned long)3> const&, std::array<double, (unsigned long)3> const&, std::array<double, (unsigned long)3> const&)",DomainTools.cpp,0x4e8b00
"std::tuple<std::vector<mdLib::MoleculeLJ*, autopas::AlignedAllocator<mdLib::MoleculeLJ*, (unsigned long)64>>, std::vector<unsigned long, autopas::AlignedAllocator<unsigned long, (unsigned long)64>>, std::vector<double, autopas::AlignedAllocator<double, (unsigned long)64>>, std::vector<double, autopas::AlignedAllocator<double, (unsigned long)64>>, std::vector<double, autopas::AlignedAllocator<double, (unsigned long)64>>, std::vector<double, autopas::AlignedAllocator<double, (unsigned long)64>>, std::vector<double, autopas::AlignedAllocator<double, (unsigned long)64>>, std::vector<double, autopas::AlignedAllocator<double, (unsigned long)64>>, std::vector<double, autopas::AlignedAllocator<double, (unsigned long)64>>, std::vector<double, autopas::AlignedAllocator<double, (unsigned long)64>>, std::vector<double, autopas::AlignedAllocator<double, (unsigned long)64>>, std::vector<double, autopas::AlignedAllocator<double, (unsigned long)64>>, std::vector<double, autopas::AlignedAllocator<double, (unsigned long)64>>, std::vector<double, autopas::AlignedAllocator<double, (unsigned long)64>>, std::vector<unsigned long, autopas::AlignedAllocator<unsigned long, (unsigned long)64>>, std::vector<autopas::OwnershipState, autopas::AlignedAllocator<autopas::OwnershipState, (unsigned long)64>>>::~tuple",0.010000,0.010000,0.0,0.0,0.0,0.0,0.0,0.0,0.0,0.0,0.0,0.0,md-flexible,"std::tuple<std::vector<mdLib::MoleculeLJ*, autopas::AlignedAllocator<mdLib::MoleculeLJ*, (unsigned long)64>>, std::vector<unsigned long, autopas::AlignedAllocator<unsigned long, (unsigned long)64>>, std::vector<double, autopas::AlignedAllocator<double, (unsigned long)64>>, std::vector<double, autopas::AlignedAllocator<double, (unsigned long)64>>, std::vector<double, autopas::AlignedAllocator<double, (unsigned long)64>>, std::vector<double, autopas::AlignedAllocator<double, (unsigned long)64>>, std::vector<double, autopas::AlignedAllocator<double, (unsigned long)64>>, std::vector<double, autopas::AlignedAllocator<double, (unsigned long)64>>, std::vector<double, autopas::AlignedAllocator<double, (unsigned long)64>>, std::vector<double, autopas::AlignedAllocator<double, (unsigned long)64>>, std::vector<double, autopas::AlignedAllocator<double, (unsigned long)64>>, std::vector<double, autopas::AlignedAllocator<double, (unsigned long)64>>, std::vector<double, autopas::AlignedAllocator<double, (unsigned long)64>>, std::vector<double, autopas::AlignedAllocator<double, (unsigned long)64>>, std::vector<unsigned long, autopas::AlignedAllocator<unsigned long, (unsigned long)64>>, std::vector<autopas::OwnershipState, autopas::AlignedAllocator<autopas::OwnershipState, (unsigned long)64>>>::~tuple(void)",tuple,0x51f2e4
mdLib::MoleculeLJ::MoleculeLJ,0.008232,0.008232,0.0,0.0,0.0,0.0,0.0,0.0,0.0,0.0,0.0,0.0,md-flexible,mdLib::MoleculeLJ::MoleculeLJ(mdLib::MoleculeLJ const&),MoleculeLJ.h,0x452297
"autopas::ParticleBase<double, unsigned long>::ParticleBase",0.008053,0.008053,0.0,0.0,0.0,0.0,0.0,0.0,0.0,0.0,0.0,0.0,md-flexible,"autopas::ParticleBase<double, unsigned long>::ParticleBase(autopas::ParticleBase<double, unsigned long> const&)",ParticleBase.h,0x44f800
"__gnu_cxx::__ops::_Iter_less_iter::operator()<__gnu_cxx::__normal_iterator<unsigned long*, std::vector<unsigned long, autopas::AlignedAllocator<unsigned long, (unsigned long)64>>>, __gnu_cxx::__normal_iterator<unsigned long*, std::vector<unsigned long, autopas::AlignedAllocator<unsigned long, (unsigned long)64>>>>",0.008022,0.008022,0.0,0.0,0.0,0.0,0.0,0.0,0.0,0.0,0.0,0.0,md-flexible,"__gnu_cxx::__ops::_Iter_less_iter::operator()<__gnu_cxx::__normal_iterator<unsigned long*, std::vector<unsigned long, autopas::AlignedAllocator<unsigned long, (unsigned long)64>>>, __gnu_cxx::__normal_iterator<unsigned long*, std::vector<unsigned long, autopas::AlignedAllocator<unsigned long, (unsigned long)64>>>>(__gnu_cxx::__normal_iterator<unsigned long*, std::vector<unsigned long, autopas::AlignedAllocator<unsigned long, (unsigned long)64>>>, __gnu_cxx::__normal_iterator<unsigned long*, std::vector<unsigned long, autopas::AlignedAllocator<unsigned long, (unsigned long)64>>>) const",predefined_ops.h,0x4fd91b
"ParticlePropertiesLibrary<double, unsigned long>::getMixing24Epsilon",0.008018,0.008018,0.0,0.0,0.0,0.0,0.0,0.0,0.0,0.0,0.0,0.0,md-flexible,"ParticlePropertiesLibrary<double, unsigned long>::getMixing24Epsilon(unsigned long, unsigned long) const",ParticlePropertiesLibrary.h,0x5564f8
"std::vector<double, autopas::AlignedAllocator<double, (unsigned long)64>>::data",0.008014,0.008014,0.0,0.0,0.0,0.0,0.0,0.0,0.0,0.0,0.0,0.0,md-flexible,"std::vector<double, autopas::AlignedAllocator<double, (unsigned long)64>>::data(void)",stl_vector.h,0x5563ac
autopas::LinkedCellsReferences<mdLib::MoleculeLJ>::updateDirtyParticleReferences,0.008013,0.008013,0.0,0.0,0.0,0.0,0.0,0.0,0.0,0.0,0.0,0.0,md-flexible,autopas::LinkedCellsReferences<mdLib::MoleculeLJ>::updateDirtyParticleReferences(void),LinkedCellsReferences.h,0x51cd8b
_mm256_add_pd,0.008010,0.008010,0.0,0.0,0.0,0.0,0.0,0.0,0.0,0.0,0.0,0.0,md-flexible,_mm256_add_pd,avxintrin.h,0x5567aa
Simulation::~Simulation,0.008009,0.008009,0.0,0.0,0.0,0.0,0.0,0.0,0.0,0.0,0.0,0.0,md-flexible,Simulation::~Simulation(void),Simulation.h,0x4faed0
"autopas::SoAView<std::tuple<std::vector<mdLib::MoleculeLJ*, autopas::AlignedAllocator<mdLib::MoleculeLJ*, (unsigned long)64>>, std::vector<unsigned long, autopas::AlignedAllocator<unsigned long, (unsigned long)64>>, std::vector<double, autopas::AlignedAllocator<double, (unsigned long)64>>, std::vector<double, autopas::AlignedAllocator<double, (unsigned long)64>>, std::vector<double, autopas::AlignedAllocator<double, (unsigned long)64>>, std::vector<double, autopas::AlignedAllocator<double, (unsigned long)64>>, std::vector<double, autopas::AlignedAllocator<double, (unsigned long)64>>, std::vector<double, autopas::AlignedAllocator<double, (unsigned long)64>>, std::vector<double, autopas::AlignedAllocator<double, (unsigned long)64>>, std::vector<double, autopas::AlignedAllocator<double, (unsigned long)64>>, std::vector<double, autopas::AlignedAllocator<double, (unsigned long)64>>, std::vector<double, autopas::AlignedAllocator<double, (unsigned long)64>>, std::vector<double, autopas::AlignedAllocator<double, (unsigned long)64>>, std::vector<double, autopas::AlignedAllocator<double, (unsigned long)64>>, std::vector<unsigned long, autopas::AlignedAllocator<unsigned long, (unsigned long)64>>, std::vector<autopas::OwnershipState, autopas::AlignedAllocator<autopas::OwnershipState, (unsigned long)64>>>>::begin<(unsigned long)2>",0.008005,0.008005,0.0,0.0,0.0,0.0,0.0,0.0,0.0,0.0,0.0,0.0,md-flexible,"autopas::SoAView<std::tuple<std::vector<mdLib::MoleculeLJ*, autopas::AlignedAllocator<mdLib::MoleculeLJ*, (unsigned long)64>>, std::vector<unsigned long, autopas::AlignedAllocator<unsigned long, (unsigned long)64>>, std::vector<double, autopas::AlignedAllocator<double, (unsigned long)64>>, std::vector<double, autopas::AlignedAllocator<double, (unsigned long)64>>, std::vector<double, autopas::AlignedAllocator<double, (unsigned long)64>>, std::vector<double, autopas::AlignedAllocator<double, (unsigned long)64>>, std::vector<double, autopas::AlignedAllocator<double, (unsigned long)64>>, std::vector<double, autopas::AlignedAllocator<double, (unsigned long)64>>, std::vector<double, autopas::AlignedAllocator<double, (unsigned long)64>>, std::vector<double, autopas::AlignedAllocator<double, (unsigned long)64>>, std::vector<double, autopas::AlignedAllocator<double, (unsigned long)64>>, std::vector<double, autopas::AlignedAllocator<double, (unsigned long)64>>, std::vector<double, autopas::AlignedAllocator<double, (unsigned long)64>>, std::vector<double, autopas::AlignedAllocator<double, (unsigned long)64>>, std::vector<unsigned long, autopas::AlignedAllocator<unsigned long, (unsigned long)64>>, std::vector<autopas::OwnershipState, autopas::AlignedAllocator<autopas::OwnershipState, (unsigned long)64>>>>::begin<(unsigned long)2>(signed char, void)",SoAView.h,0x55637e
_ZSt12construct_atIPN5mdLib10MoleculeLJEJRKS2_EEDTgsnwcvPvLi0E_T_pispcl7declvalIT0_EEEEPS6_DpOS7_,0.008003,0.008003,0.0,0.0,0.0,0.0,0.0,0.0,0.0,0.0,0.0,0.0,md-flexible,_ZSt12construct_atIPN5mdLib10MoleculeLJEJRKS2_EEDTgsnwcvPvLi0E_T_pispcl7declvalIT0_EEEEPS6_DpOS7_,stl_construct.h,0x509df7
_ZSt12construct_atIPN5mdLib10MoleculeLJEJS2_EEDTgsnwcvPvLi0E_T_pispcl7declvalIT0_EEEEPS4_DpOS5_,0.008001,0.008001,0.0,0.0,0.0,0.0,0.0,0.0,0.0,0.0,0.0,0.0,md-flexible,_ZSt12construct_atIPN5mdLib10MoleculeLJEJS2_EEDTgsnwcvPvLi0E_T_pispcl7declvalIT0_EEEEPS4_DpOS5_,stl_construct.h,0x541740
"autopas::containerIteratorUtils::particleFulfillsIteratorRequirements<(bool)0, mdLib::MoleculeLJ, std::array<double, (unsigned long)3>>",0.007999,0.007999,0.0,0.0,0.0,0.0,0.0,0.0,0.0,0.0,0.0,0.0,md-flexible,"autopas::containerIteratorUtils::particleFulfillsIteratorRequirements<(bool)0, mdLib::MoleculeLJ, std::array<double, (unsigned long)3>>(mdLib::MoleculeLJ const&, autopas::options::IteratorBehavior, std::array<double, (unsigned long)3> const&, std::array<double, (unsigned long)3> const&)",ContainerIterator.h,0x4fe3ba
autopas::internal::CellBlock3D<autopas::ReferenceParticleCell<mdLib::MoleculeLJ>>::cellCanContainHaloParticles,0.007998,0.007998,0.0,0.0,0.0,0.0,0.0,0.0,0.0,0.0,0.0,0.0,md-flexible,autopas::internal::CellBlock3D<autopas::ReferenceParticleCell<mdLib::MoleculeLJ>>::cellCanContainHaloParticles(unsigned long) const,CellBlock3D.h,0x53a0d8
"__gnu_cxx::__normal_iterator<mdLib::MoleculeLJ*, std::vector<mdLib::MoleculeLJ, std::allocator<mdLib::MoleculeLJ>>>::__normal_iterator",0.007995,0.007995,0.0,0.0,0.0,0.0,0.0,0.0,0.0,0.0,0.0,0.0,md-flexible,"__gnu_cxx::__normal_iterator<mdLib::MoleculeLJ*, std::vector<mdLib::MoleculeLJ, std::allocator<mdLib::MoleculeLJ>>>::__normal_iterator(mdLib::MoleculeLJ* const&)",stl_iterator.h,0x501350
"autopas::utils::TupleUtils::for_each<std::tuple<std::vector<mdLib::MoleculeLJ*, autopas::AlignedAllocator<mdLib::MoleculeLJ*, (unsigned long)64>>, std::vector<unsigned long, autopas::AlignedAllocator<unsigned long, (unsigned long)64>>, std::vector<double, autopas::AlignedAllocator<double, (unsigned long)64>>, std::vector<double, autopas::AlignedAllocator<double, (unsigned long)64>>, std::vector<double, autopas::AlignedAllocator<double, (unsigned long)64>>, std::vector<double, autopas::AlignedAllocator<double, (unsigned long)64>>, std::vector<double, autopas::AlignedAllocator<double, (unsigned long)64>>, std::vector<double, autopas::AlignedAllocator<double, (unsigned long)64>>, std::vector<double, autopas::AlignedAllocator<double, (unsigned long)64>>, std::vector<double, autopas::AlignedAllocator<double, (unsigned long)64>>, std::vector<double, autopas::AlignedAllocator<double, (unsigned long)64>>, std::vector<double, autopas::AlignedAllocator<double, (unsigned long)64>>, std::vector<double, autopas::AlignedAllocator<double, (unsigned long)64>>, std::vector<double, autopas::AlignedAllocator<double, (unsigned long)64>>, std::vector<unsigned long, autopas::AlignedAllocator<unsigned long, (unsigned long)64>>, std::vector<autopas::OwnershipState, autopas::AlignedAllocator<autopas::OwnershipState, (unsigned long)64>>>&, autopas::SoA<std::tuple<std::vector<mdLib::MoleculeLJ*, autopas::AlignedAllocator<mdLib::MoleculeLJ*, (unsigned long)64>>, std::vector<unsigned long, autopas::AlignedAllocator<unsigned long, (unsigned long)64>>, std::vector<double, autopas::AlignedAllocator<double, (unsigned long)64>>, std::vector<double, autopas::AlignedAllocator<double, (unsigned long)64>>, std::vector<double, autopas::AlignedAllocator<double, (unsigned long)64>>, std::vector<double, autopas::AlignedAllocator<double, (unsigned long)64>>, std::vector<double, autopas::AlignedAllocator<double, (unsigned long)64>>, std::vector<double, autopas::AlignedAllocator<double, (unsigned long)64>>, std::vector<double, autopas::AlignedAllocator<double, (unsigned long)64>>, std::vector<double, autopas::AlignedAllocator<double, (unsigned long)64>>, std::vector<double, autopas::AlignedAllocator<double, (unsigned long)64>>, std::vector<double, autopas::AlignedAllocator<double, (unsigned long)64>>, std::vector<double, autopas::AlignedAllocator<double, (unsigned long)64>>, std::vector<double, autopas::AlignedAllocator<double, (unsigned long)64>>, std::vector<unsigned long, autopas::AlignedAllocator<unsigned long, (unsigned long)64>>, std::vector<autopas::OwnershipState, autopas::AlignedAllocator<autopas::OwnershipState, (unsigned long)64>>>>::resizeArrays(unsigned long)::{lambda(std::tuple<std::vector<mdLib::MoleculeLJ*, autopas::AlignedAllocator<mdLib::MoleculeLJ*, (unsigned long)64>>, std::vector<unsigned long, autopas::AlignedAllocator<unsigned long, (unsigned long)64>>, std::vector<double, autopas::AlignedAllocator<double, (unsigned long)64>>, std::vector<double, autopas::AlignedAllocator<double, (unsigned long)64>>, std::vector<double, autopas::AlignedAllocator<double, (unsigned long)64>>, std::vector<double, autopas::AlignedAllocator<double, (unsigned long)64>>, std::vector<double, autopas::AlignedAllocator<double, (unsigned long)64>>, std::vector<double, autopas::AlignedAllocator<double, (unsigned long)64>>, std::vector<double, autopas::AlignedAllocator<double, (unsigned long)64>>, std::vector<double, autopas::AlignedAllocator<double, (unsigned long)64>>, std::vector<double, autopas::AlignedAllocator<double, (unsigned long)64>>, std::vector<double, autopas::AlignedAllocator<double, (unsigned long)64>>, std::vector<double, autopas::AlignedAllocator<double, (unsigned long)64>>, std::vector<double, autopas::AlignedAllocator<double, (unsigned long)64>>, std::vector<unsigned long, autopas::AlignedAllocator<unsigned long, (unsigned long)64>>, std::vector<autopas::OwnershipState, autopas::AlignedAllocator<autopas::OwnershipState, (unsigned long)64>>>&&)#1}&>(std::tuple<std::vector<mdLib::MoleculeLJ*, autopas::AlignedAllocator<mdLib::MoleculeLJ*, (unsigned long)64>>, std::vector<unsigned long, autopas::AlignedAllocator<unsigned long, (unsigned long)64>>, std::vector<double, autopas::AlignedAllocator<double, (unsigned long)64>>, std::vector<double, autopas::AlignedAllocator<double, (unsigned long)64>>, std::vector<double, autopas::AlignedAllocator<double, (unsigned long)64>>, std::vector<double, autopas::AlignedAllocator<double, (unsigned long)64>>, std::vector<double, autopas::AlignedAllocator<double, (unsigned long)64>>, std::vector<double, autopas::AlignedAllocator<double, (unsigned long)64>>, std::vector<double, autopas::AlignedAllocator<double, (unsigned long)64>>, std::vector<double, autopas::AlignedAllocator<double, (unsigned long)64>>, std::vector<double, autopas::AlignedAllocator<double, (unsigned long)64>>, std::vector<double, autopas::AlignedAllocator<double, (unsigned long)64>>, std::vector<double, autopas::AlignedAllocator<double, (unsigned long)64>>, std::vector<double, autopas::AlignedAllocator<double, (unsigned long)64>>, std::vector<unsigned long, autopas::AlignedAllocator<unsigned long, (unsigned long)64>>, std::vector<autopas::OwnershipState, autopas::AlignedAllocator<autopas::OwnershipState, (unsigned long)64>>>&&&, autopas::SoA<std::tuple<std::vector<mdLib::MoleculeLJ*, autopas::AlignedAllocator<mdLib::MoleculeLJ*, (unsigned long)64>>, std::vector<unsigned long, autopas::AlignedAllocator<unsigned long, (unsigned long)64>>, std::vector<double, autopas::AlignedAllocator<double, (unsigned long)64>>, std::vector<double, autopas::AlignedAllocator<double, (unsigned long)64>>, std::vector<double, autopas::AlignedAllocator<double, (unsigned long)64>>, std::vector<double, autopas::AlignedAllocator<double, (unsigned long)64>>, std::vector<double, autopas::AlignedAllocator<double, (unsigned long)64>>, std::vector<double, autopas::AlignedAllocator<double, (unsigned long)64>>, std::vector<double, autopas::AlignedAllocator<double, (unsigned long)64>>, std::vector<double, autopas::AlignedAllocator<double, (unsigned long)64>>, std::vector<double, autopas::AlignedAllocator<double, (unsigned long)64>>, std::vector<double, autopas::AlignedAllocator<double, (unsigned long)64>>, std::vector<double, autopas::AlignedAllocator<double, (unsigned long)64>>, std::vector<double, autopas::AlignedAllocator<double, (unsigned long)64>>, std::vector<unsigned long, autopas::AlignedAllocator<unsigned long, (unsigned long)64>>, std::vector<autopas::OwnershipState, autopas::AlignedAllocator<autopas::OwnershipState, (unsigned long)64>>>>::resizeArrays(unsigned long)::{lambda(std::tuple<std::vector<mdLib::MoleculeLJ*, autopas::AlignedAllocator<mdLib::MoleculeLJ*, (unsigned long)64>>, std::vector<unsigned long, autopas::AlignedAllocator<unsigned long, (unsigned long)64>>, std::vector<double, autopas::AlignedAllocator<double, (unsigned long)64>>, std::vector<double, autopas::AlignedAllocator<double, (unsigned long)64>>, std::vector<double, autopas::AlignedAllocator<double, (unsigned long)64>>, std::vector<double, autopas::AlignedAllocator<double, (unsigned long)64>>, std::vector<double, autopas::AlignedAllocator<double, (unsigned long)64>>, std::vector<double, autopas::AlignedAllocator<double, (unsigned long)64>>, std::vector<double, autopas::AlignedAllocator<double, (unsigned long)64>>, std::vector<double, autopas::AlignedAllocator<double, (unsigned long)64>>, std::vector<double, autopas::AlignedAllocator<double, (unsigned long)64>>, std::vector<double, autopas::AlignedAllocator<double, (unsigned long)64>>, std::vector<double, autopas::AlignedAllocator<double, (unsigned long)64>>, std::vector<double, autopas::AlignedAllocator<double, (unsigned long)64>>, std::vector<unsigned long, autopas::AlignedAllocator<unsigned long, (unsigned long)64>>, std::vector<autopas::OwnershipState, autopas::AlignedAllocator<autopas::OwnershipState, (unsigned long)64>>>&&)#1}&&&)::{lambda(std::tuple<std::vector<mdLib::MoleculeLJ*, autopas::AlignedAllocator<mdLib::MoleculeLJ*, (unsigned long)64>>, std::vector<unsigned long, autopas::AlignedAllocator<unsigned long, (unsigned long)64>>, std::vector<double, autopas::AlignedAllocator<double, (unsigned long)64>>, std::vector<double, autopas::AlignedAllocator<double, (unsigned long)64>>, std::vector<double, autopas::AlignedAllocator<double, (unsigned long)64>>, std::vector<double, autopas::AlignedAllocator<double, (unsigned long)64>>, std::vector<double, autopas::AlignedAllocator<double, (unsigned long)64>>, std::vector<double, autopas::AlignedAllocator<double, (unsigned long)64>>, std::vector<double, autopas::AlignedAllocator<double, (unsigned long)64>>, std::vector<double, autopas::AlignedAllocator<double, (unsigned long)64>>, std::vector<double, autopas::AlignedAllocator<double, (unsigned long)64>>, std::vector<double, autopas::AlignedAllocator<double, (unsigned long)64>>, std::vector<double, autopas::AlignedAllocator<double, (unsigned long)64>>, std::vector<double, autopas::AlignedAllocator<double, (unsigned long)64>>, std::vector<unsigned long, autopas::AlignedAllocator<unsigned long, (unsigned long)64>>, std::vector<autopas::OwnershipState, autopas::AlignedAllocator<autopas::OwnershipState, (unsigned long)64>>>&&)#1}::operator()<std::vector<mdLib::MoleculeLJ*, autopas::AlignedAllocator<mdLib::MoleculeLJ*, (unsigned long)64>>, std::vector<unsigned long, autopas::AlignedAllocator<unsigned long, (unsigned long)64>>, std::vector<double, autopas::AlignedAllocator<double, (unsigned long)64>>, std::vector<double, autopas::AlignedAllocator<double, (unsigned long)64>>, std::vector<double, autopas::AlignedAllocator<double, (unsigned long)64>>, std::vector<double, autopas::AlignedAllocator<double, (unsigned long)64>>, std::vector<double, autopas::AlignedAllocator<double, (unsigned long)64>>, std::vector<double, autopas::AlignedAllocator<double, (unsigned long)64>>, std::vector<double, autopas::AlignedAllocator<double, (unsigned long)64>>, std::vector<double, autopas::AlignedAllocator<double, (unsigned long)64>>, std::vector<double, autopas::AlignedAllocator<double, (unsigned long)64>>, std::vector<double, autopas::AlignedAllocator<double, (unsigned long)64>>, std::vector<double, autopas::AlignedAllocator<double, (unsigned long)64>>, std::vector<double, autopas::AlignedAllocator<double, (unsigned long)64>>, std::vector<unsigned long, autopas::AlignedAllocator<unsigned long, (unsigned long)64>>, std::vector<autopas::OwnershipState, autopas::AlignedAllocator<autopas::OwnershipState, (unsigned long)64>>>",0.007991,0.007991,0.0,0.0,0.0,0.0,0.0,0.0,0.0,0.0,0.0,0.0,md-flexible,"autopas::utils::TupleUtils::for_each<std::tuple<std::vector<mdLib::MoleculeLJ*, autopas::AlignedAllocator<mdLib::MoleculeLJ*, (unsigned long)64>>, std::vector<unsigned long, autopas::AlignedAllocator<unsigned long, (unsigned long)64>>, std::vector<double, autopas::AlignedAllocator<double, (unsigned long)64>>, std::vector<double, autopas::AlignedAllocator<double, (unsigned long)64>>, std::vector<double, autopas::AlignedAllocator<double, (unsigned long)64>>, std::vector<double, autopas::AlignedAllocator<double, (unsigned long)64>>, std::vector<double, autopas::AlignedAllocator<double, (unsigned long)64>>, std::vector<double, autopas::AlignedAllocator<double, (unsigned long)64>>, std::vector<double, autopas::AlignedAllocator<double, (unsigned long)64>>, std::vector<double, autopas::AlignedAllocator<double, (unsigned long)64>>, std::vector<double, autopas::AlignedAllocator<double, (unsigned long)64>>, std::vector<double, autopas::AlignedAllocator<double, (unsigned long)64>>, std::vector<double, autopas::AlignedAllocator<double, (unsigned long)64>>, std::vector<double, autopas::AlignedAllocator<double, (unsigned long)64>>, std::vector<unsigned long, autopas::AlignedAllocator<unsigned long, (unsigned long)64>>, std::vector<autopas::OwnershipState, autopas::AlignedAllocator<autopas::OwnershipState, (unsigned long)64>>>&, autopas::SoA<std::tuple<std::vector<mdLib::MoleculeLJ*, autopas::AlignedAllocator<mdLib::MoleculeLJ*, (unsigned long)64>>, std::vector<unsigned long, autopas::AlignedAllocator<unsigned long, (unsigned long)64>>, std::vector<double, autopas::AlignedAllocator<double, (unsigned long)64>>, std::vector<double, autopas::AlignedAllocator<double, (unsigned long)64>>, std::vector<double, autopas::AlignedAllocator<double, (unsigned long)64>>, std::vector<double, autopas::AlignedAllocator<double, (unsigned long)64>>, std::vector<double, autopas::AlignedAllocator<double, (unsigned long)64>>, std::vector<double, autopas::AlignedAllocator<double, (unsigned long)64>>, std::vector<double, autopas::AlignedAllocator<double, (unsigned long)64>>, std::vector<double, autopas::AlignedAllocator<double, (unsigned long)64>>, std::vector<double, autopas::AlignedAllocator<double, (unsigned long)64>>, std::vector<double, autopas::AlignedAllocator<double, (unsigned long)64>>, std::vector<double, autopas::AlignedAllocator<double, (unsigned long)64>>, std::vector<double, autopas::AlignedAllocator<double, (unsigned long)64>>, std::vector<unsigned long, autopas::AlignedAllocator<unsigned long, (unsigned long)64>>, std::vector<autopas::OwnershipState, autopas::AlignedAllocator<autopas::OwnershipState, (unsigned long)64>>>>::resizeArrays(unsigned long)::{lambda(std::tuple<std::vector<mdLib::MoleculeLJ*, autopas::AlignedAllocator<mdLib::MoleculeLJ*, (unsigned long)64>>, std::vector<unsigned long, autopas::AlignedAllocator<unsigned long, (unsigned long)64>>, std::vector<double, autopas::AlignedAllocator<double, (unsigned long)64>>, std::vector<double, autopas::AlignedAllocator<double, (unsigned long)64>>, std::vector<double, autopas::AlignedAllocator<double, (unsigned long)64>>, std::vector<double, autopas::AlignedAllocator<double, (unsigned long)64>>, std::vector<double, autopas::AlignedAllocator<double, (unsigned long)64>>, std::vector<double, autopas::AlignedAllocator<double, (unsigned long)64>>, std::vector<double, autopas::AlignedAllocator<double, (unsigned long)64>>, std::vector<double, autopas::AlignedAllocator<double, (unsigned long)64>>, std::vector<double, autopas::AlignedAllocator<double, (unsigned long)64>>, std::vector<double, autopas::AlignedAllocator<double, (unsigned long)64>>, std::vector<double, autopas::AlignedAllocator<double, (unsigned long)64>>, std::vector<double, autopas::AlignedAllocator<double, (unsigned long)64>>, std::vector<unsigned long, autopas::AlignedAllocator<unsigned long, (unsigned long)64>>, std::vector<autopas::OwnershipState, autopas::AlignedAllocator<autopas::OwnershipState, (unsigned long)64>>>&&)#1}&>(std::tuple<std::vector<mdLib::MoleculeLJ*, autopas::AlignedAllocator<mdLib::MoleculeLJ*, (unsigned long)64>>, std::vector<unsigned long, autopas::AlignedAllocator<unsigned long, (unsigned long)64>>, std::vector<double, autopas::AlignedAllocator<double, (unsigned long)64>>, std::vector<double, autopas::AlignedAllocator<double, (unsigned long)64>>, std::vector<double, autopas::AlignedAllocator<double, (unsigned long)64>>, std::vector<double, autopas::AlignedAllocator<double, (unsigned long)64>>, std::vector<double, autopas::AlignedAllocator<double, (unsigned long)64>>, std::vector<double, autopas::AlignedAllocator<double, (unsigned long)64>>, std::vector<double, autopas::AlignedAllocator<double, (unsigned long)64>>, std::vector<double, autopas::AlignedAllocator<double, (unsigned long)64>>, std::vector<double, autopas::AlignedAllocator<double, (unsigned long)64>>, std::vector<double, autopas::AlignedAllocator<double, (unsigned long)64>>, std::vector<double, autopas::AlignedAllocator<double, (unsigned long)64>>, std::vector<double, autopas::AlignedAllocator<double, (unsigned long)64>>, std::vector<unsigned long, autopas::AlignedAllocator<unsigned long, (unsigned long)64>>, std::vector<autopas::OwnershipState, autopas::AlignedAllocator<autopas::OwnershipState, (unsigned long)64>>>&&&, autopas::SoA<std::tuple<std::vector<mdLib::MoleculeLJ*, autopas::AlignedAllocator<mdLib::MoleculeLJ*, (unsigned long)64>>, std::vector<unsigned long, autopas::AlignedAllocator<unsigned long, (unsigned long)64>>, std::vector<double, autopas::AlignedAllocator<double, (unsigned long)64>>, std::vector<double, autopas::AlignedAllocator<double, (unsigned long)64>>, std::vector<double, autopas::AlignedAllocator<double, (unsigned long)64>>, std::vector<double, autopas::AlignedAllocator<double, (unsigned long)64>>, std::vector<double, autopas::AlignedAllocator<double, (unsigned long)64>>, std::vector<double, autopas::AlignedAllocator<double, (unsigned long)64>>, std::vector<double, autopas::AlignedAllocator<double, (unsigned long)64>>, std::vector<double, autopas::AlignedAllocator<double, (unsigned long)64>>, std::vector<double, autopas::AlignedAllocator<double, (unsigned long)64>>, std::vector<double, autopas::AlignedAllocator<double, (unsigned long)64>>, std::vector<double, autopas::AlignedAllocator<double, (unsigned long)64>>, std::vector<double, autopas::AlignedAllocator<double, (unsigned long)64>>, std::vector<unsigned long, autopas::AlignedAllocator<unsigned long, (unsigned long)64>>, std::vector<autopas::OwnershipState, autopas::AlignedAllocator<autopas::OwnershipState, (unsigned long)64>>>>::resizeArrays(unsigned long)::{lambda(std::tuple<std::vector<mdLib::MoleculeLJ*, autopas::AlignedAllocator<mdLib::MoleculeLJ*, (unsigned long)64>>, std::vector<unsigned long, autopas::AlignedAllocator<unsigned long, (unsigned long)64>>, std::vector<double, autopas::AlignedAllocator<double, (unsigned long)64>>, std::vector<double, autopas::AlignedAllocator<double, (unsigned long)64>>, std::vector<double, autopas::AlignedAllocator<double, (unsigned long)64>>, std::vector<double, autopas::AlignedAllocator<double, (unsigned long)64>>, std::vector<double, autopas::AlignedAllocator<double, (unsigned long)64>>, std::vector<double, autopas::AlignedAllocator<double, (unsigned long)64>>, std::vector<double, autopas::AlignedAllocator<double, (unsigned long)64>>, std::vector<double, autopas::AlignedAllocator<double, (unsigned long)64>>, std::vector<double, autopas::AlignedAllocator<double, (unsigned long)64>>, std::vector<double, autopas::AlignedAllocator<double, (unsigned long)64>>, std::vector<double, autopas::AlignedAllocator<double, (unsigned long)64>>, std::vector<double, autopas::AlignedAllocator<double, (unsigned long)64>>, std::vector<unsigned long, autopas::AlignedAllocator<unsigned long, (unsigned long)64>>, std::vector<autopas::OwnershipState, autopas::AlignedAllocator<autopas::OwnershipState, (unsigned long)64>>>&&)#1}&&&)::{lambda(std::tuple<std::vector<mdLib::MoleculeLJ*, autopas::AlignedAllocator<mdLib::MoleculeLJ*, (unsigned long)64>>, std::vector<unsigned long, autopas::AlignedAllocator<unsigned long, (unsigned long)64>>, std::vector<double, autopas::AlignedAllocator<double, (unsigned long)64>>, std::vector<double, autopas::AlignedAllocator<double, (unsigned long)64>>, std::vector<double, autopas::AlignedAllocator<double, (unsigned long)64>>, std::vector<double, autopas::AlignedAllocator<double, (unsigned long)64>>, std::vector<double, autopas::AlignedAllocator<double, (unsigned long)64>>, std::vector<double, autopas::AlignedAllocator<double, (unsigned long)64>>, std::vector<double, autopas::AlignedAllocator<double, (unsigned long)64>>, std::vector<double, autopas::AlignedAllocator<double, (unsigned long)64>>, std::vector<double, autopas::AlignedAllocator<double, (unsigned long)64>>, std::vector<double, autopas::AlignedAllocator<double, (unsigned long)64>>, std::vector<double, autopas::AlignedAllocator<double, (unsigned long)64>>, std::vector<double, autopas::AlignedAllocator<double, (unsigned long)64>>, std::vector<unsigned long, autopas::AlignedAllocator<unsigned long, (unsigned long)64>>, std::vector<autopas::OwnershipState, autopas::AlignedAllocator<autopas::OwnershipState, (unsigned long)64>>>&&)#1}::operator()<std::vector<mdLib::MoleculeLJ*, autopas::AlignedAllocator<mdLib::MoleculeLJ*, (unsigned long)64>>, std::vector<unsigned long, autopas::AlignedAllocator<unsigned long, (unsigned long)64>>, std::vector<double, autopas::AlignedAllocator<double, (unsigned long)64>>, std::vector<double, autopas::AlignedAllocator<double, (unsigned long)64>>, std::vector<double, autopas::AlignedAllocator<double, (unsigned long)64>>, std::vector<double, autopas::AlignedAllocator<double, (unsigned long)64>>, std::vector<double, autopas::AlignedAllocator<double, (unsigned long)64>>, std::vector<double, autopas::AlignedAllocator<double, (unsigned long)64>>, std::vector<double, autopas::AlignedAllocator<double, (unsigned long)64>>, std::vector<double, autopas::AlignedAllocator<double, (unsigned long)64>>, std::vector<double, autopas::AlignedAllocator<double, (unsigned long)64>>, std::vector<double, autopas::AlignedAllocator<double, (unsigned long)64>>, std::vector<double, autopas::AlignedAllocator<double, (unsigned long)64>>, std::vector<double, autopas::AlignedAllocator<double, (unsigned long)64>>, std::vector<unsigned long, autopas::AlignedAllocator<unsigned long, (unsigned long)64>>, std::vector<autopas::OwnershipState, autopas::AlignedAllocator<autopas::OwnershipState, (unsigned long)64>>>(signed char, std::tuple<std::vector<mdLib::MoleculeLJ*, autopas::AlignedAllocator<mdLib::MoleculeLJ*, (unsigned long)64>>, std::vector<unsigned long, autopas::AlignedAllocator<unsigned long, (unsigned long)64>>, std::vector<double, autopas::AlignedAllocator<double, (unsigned long)64>>, std::vector<double, autopas::AlignedAllocator<double, (unsigned long)64>>, std::vector<double, autopas::AlignedAllocator<double, (unsigned long)64>>, std::vector<double, autopas::AlignedAllocator<double, (unsigned long)64>>, std::vector<double, autopas::AlignedAllocator<double, (unsigned long)64>>, std::vector<double, autopas::AlignedAllocator<double, (unsigned long)64>>, std::vector<double, autopas::AlignedAllocator<double, (unsigned long)64>>, std::vector<double, autopas::AlignedAllocator<double, (unsigned long)64>>, std::vector<double, autopas::AlignedAllocator<double, (unsigned long)64>>, std::vector<double, autopas::AlignedAllocator<double, (unsigned long)64>>, std::vector<double, autopas::AlignedAllocator<double, (unsigned long)64>>, std::vector<double, autopas::AlignedAllocator<double, (unsigned long)64>>, std::vector<unsigned long, autopas::AlignedAllocator<unsigned long, (unsigned long)64>>, std::vector<autopas::OwnershipState, autopas::AlignedAllocator<autopas::OwnershipState, (unsigned long)64>>>&&) const",TupleUtils.h,0x54ca00
"ParticlePropertiesLibrary<double, unsigned long>::getMixing24Epsilon",0.007990,0.007990,0.0,0.0,0.0,0.0,0.0,0.0,0.0,0.0,0.0,0.0,md-flexible,"ParticlePropertiesLibrary<double, unsigned long>::getMixing24Epsilon(unsigned long, unsigned long) const",ParticlePropertiesLibrary.h,0x556728
"std::vector<std::vector<unsigned long, autopas::AlignedAllocator<unsigned long, (unsigned long)64>>, std::allocator<std::vector<unsigned long, autopas::AlignedAllocator<unsigned long, (unsigned long)64>>>>::operator[]",0.007987,0.007987,0.0,0.0,0.0,0.0,0.0,0.0,0.0,0.0,0.0,0.0,md-flexible,"std::vector<std::vector<unsigned long, autopas::AlignedAllocator<unsigned long, (unsigned long)64>>, std::allocator<std::vector<unsigned long, autopas::AlignedAllocator<unsigned long, (unsigned long)64>>>>::operator[](unsigned long)",stl_vector.h,0x541567
"autopas::ParticleBase<double, unsigned long>::ParticleBase",0.007986,0.007986,0.0,0.0,0.0,0.0,0.0,0.0,0.0,0.0,0.0,0.0,md-flexible,"autopas::ParticleBase<double, unsigned long>::ParticleBase(autopas::ParticleBase<double, unsigned long> const&)",ParticleBase.h,0x4436f7
mdLib::MoleculeLJ::getOldF,0.007982,0.007982,0.0,0.0,0.0,0.0,0.0,0.0,0.0,0.0,0.0,0.0,md-flexible,mdLib::MoleculeLJ::getOldF(void) const,MoleculeLJ.cpp,0x692380
autopas::AutoPasLock::lock,0.007978,0.007978,0.0,0.0,0.0,0.0,0.0,0.0,0.0,0.0,0.0,0.0,md-flexible,autopas::AutoPasLock::lock(void),WrapOpenMP.h,0x50147d
autopas::LogicHandler<mdLib::MoleculeLJ>::addParticle,0.007977,0.007977,0.0,0.0,0.0,0.0,0.0,0.0,0.0,0.0,0.0,0.0,md-flexible,autopas::LogicHandler<mdLib::MoleculeLJ>::addParticle(mdLib::MoleculeLJ const&),LogicHandler.h,0x4f3a30
"std::vector<mdLib::MoleculeLJ, std::allocator<mdLib::MoleculeLJ>>::~vector",0.007973,0.007973,0.0,0.0,0.0,0.0,0.0,0.0,0.0,0.0,0.0,0.0,md-flexible,"std::vector<mdLib::MoleculeLJ, std::allocator<mdLib::MoleculeLJ>>::~vector(void)",stl_vector.h,0x44d020
"std::vector<mdLib::MoleculeLJ*, std::allocator<mdLib::MoleculeLJ*>>::reserve",0.007971,0.007971,0.0,0.0,0.0,0.0,0.0,0.0,0.0,0.0,0.0,0.0,md-flexible,"std::vector<mdLib::MoleculeLJ*, std::allocator<mdLib::MoleculeLJ*>>::reserve(unsigned long)",vector.tcc,0x50c4c9
"std::tuple<mdLib::MoleculeLJ const*, unsigned long, unsigned long>::tuple<mdLib::MoleculeLJ const*&, unsigned long&, unsigned long&>",0.007969,0.007969,0.0,0.0,0.0,0.0,0.0,0.0,0.0,0.0,0.0,0.0,md-flexible,"std::tuple<mdLib::MoleculeLJ const*, unsigned long, unsigned long>::tuple<mdLib::MoleculeLJ const*&, unsigned long&, unsigned long&>(mdLib::MoleculeLJ const*&&&)",tuple,0x50e74f
"autopas::ParticleBase<double, unsigned long>::isDummy",0.007968,0.007968,0.0,0.0,0.0,0.0,0.0,0.0,0.0,0.0,0.0,0.0,md-flexible,"autopas::ParticleBase<double, unsigned long>::isDummy(void) const",ParticleBase.h,0x50e728
"std::vector<mdLib::MoleculeLJ, std::allocator<mdLib::MoleculeLJ>>::push_back",0.007934,0.007934,0.0,0.0,0.0,0.0,0.0,0.0,0.0,0.0,0.0,0.0,md-flexible,"std::vector<mdLib::MoleculeLJ, std::allocator<mdLib::MoleculeLJ>>::push_back(mdLib::MoleculeLJ const&)",stl_vector.h,0x443408
