Function Stack,CPU Time:Total,CPU Time:Self,Memory Bound:Total(%),Memory Bound:L1 Bound:Total(%),Memory Bound:L2 Bound:Total(%),Memory Bound:L3 Bound:Total(%),Memory Bound:DRAM Bound:Total(%),Memory Bound:Store Bound:Total(%),Memory Bound:Self(%),Memory Bound:L1 Bound:Self(%),Memory Bound:L2 Bound:Self(%),Memory Bound:L3 Bound:Self(%),Memory Bound:DRAM Bound:Self(%),Memory Bound:Store Bound:Self(%),Loads:Total,Loads:Self,Stores:Total,Stores:Self,LLC Miss Count:Total,LLC Miss Count:Local Memory Access Count:Total,LLC Miss Count:Remote Memory Access Count:Total,LLC Miss Count:Remote Cache Access Count:Total,LLC Miss Count:Self,LLC Miss Count:Local Memory Access Count:Self,LLC Miss Count:Remote Memory Access Count:Self,LLC Miss Count:Remote Cache Access Count:Self,Average Latency (cycles):Total,Average Latency (cycles):Self,Module,Function (Full),Source File,Start Address
Total,,0.0,,,,,,,0.0,0.0,0.0,0.0,0.0,0.0,100.000000,0,100.000000,0,100.000000,100.000000,,,0,0,0,0,,0.0,[Unknown],[Unknown],[Unknown],[Unknown]
 CubeGrid::generate,,0.0,,,,,,,0.0,0.0,0.0,0.0,0.0,0.0,0.151722,0,0.363857,0,0.0,0.0,,,0,0,0,0,,0.0,md-flexible,"CubeGrid::generate(std::vector<mdLib::MoleculeLJ, std::allocator<mdLib::MoleculeLJ>>&) const",CubeGrid.h,0x443190
  "autopasTools::generators::GridGenerator::fillWithParticles<autopasTools::PseudoContainer<std::vector<mdLib::MoleculeLJ, std::allocator<mdLib::MoleculeLJ>>>>",,0.0,,,,,,,0.0,0.0,0.0,0.0,0.0,0.0,0.151722,9171146,0.363857,9171146,0.0,0.0,,,0,0,0,0,,7.000000,md-flexible,"autopasTools::generators::GridGenerator::fillWithParticles<autopasTools::PseudoContainer<std::vector<mdLib::MoleculeLJ, std::allocator<mdLib::MoleculeLJ>>>>(autopasTools::PseudoContainer<std::vector<mdLib::MoleculeLJ, std::allocator<mdLib::MoleculeLJ>>>&, std::array<unsigned long, (unsigned long)3> const&, autopas::utils::ParticleTypeTrait<autopasTools::PseudoContainer<std::vector<mdLib::MoleculeLJ, std::allocator<mdLib::MoleculeLJ>>>>::value const&, std::array<double, (unsigned long)3> const&, std::array<double, (unsigned long)3> const&)",GridGenerator.h,0x4432a3
   "autopasTools::PseudoContainer<std::vector<mdLib::MoleculeLJ, std::allocator<mdLib::MoleculeLJ>>>::addParticle",,0.0,,,,,,,0.0,0.0,0.0,0.0,0.0,0.0,0.106205,0,0.242571,0,0.0,0.0,,,0,0,0,0,,0.0,md-flexible,"autopasTools::PseudoContainer<std::vector<mdLib::MoleculeLJ, std::allocator<mdLib::MoleculeLJ>>>::addParticle(mdLib::MoleculeLJ const&)",PseudoContainer.h,0x443348
    "std::vector<mdLib::MoleculeLJ, std::allocator<mdLib::MoleculeLJ>>::push_back",,0.0,,,,,,,0.0,0.0,0.0,0.0,0.0,0.0,0.106205,4585573,0.242571,0,0.0,0.0,,,0,0,0,0,,0.0,md-flexible,"std::vector<mdLib::MoleculeLJ, std::allocator<mdLib::MoleculeLJ>>::push_back(mdLib::MoleculeLJ const&)",stl_vector.h,0x443348
     _ZSt12construct_atIN5mdLib10MoleculeLJEJRKS1_EEDTgsnwcvPvLi0E_T_pispcl7declvalIT0_EEEEPS5_DpOS6_,,0.0,,,,,,,0.0,0.0,0.0,0.0,0.0,0.0,0.015172,0,0.060643,0,0.0,0.0,,,0,0,0,0,,0.0,md-flexible,_ZSt12construct_atIN5mdLib10MoleculeLJEJRKS1_EEDTgsnwcvPvLi0E_T_pispcl7declvalIT0_EEEEPS5_DpOS6_,stl_construct.h,0x443348
      mdLib::MoleculeLJ::MoleculeLJ,,0.0,,,,,,,0.0,0.0,0.0,0.0,0.0,0.0,0.015172,4585573,0.060643,4585573,0.0,0.0,,,0,0,0,0,,0.0,md-flexible,mdLib::MoleculeLJ::MoleculeLJ(mdLib::MoleculeLJ const&),MoleculeLJ.h,0x443348
       "autopas::ParticleBase<double, unsigned long>::ParticleBase",,0.0,,,,,,,0.0,0.0,0.0,0.0,0.0,0.0,0.0,0,0.030321,4585573,0.0,0.0,,,0,0,0,0,,0.0,md-flexible,"autopas::ParticleBase<double, unsigned long>::ParticleBase(autopas::ParticleBase<double, unsigned long> const&)",ParticleBase.h,0x443348
     _ZSt12construct_atIN5mdLib10MoleculeLJEJS1_EEDTgsnwcvPvLi0E_T_pispcl7declvalIT0_EEEEPS3_DpOS4_,,0.0,,,,,,,0.0,0.0,0.0,0.0,0.0,0.0,0.075861,0,0.181928,0,0.0,0.0,,,0,0,0,0,,0.0,md-flexible,_ZSt12construct_atIN5mdLib10MoleculeLJEJS1_EEDTgsnwcvPvLi0E_T_pispcl7declvalIT0_EEEEPS3_DpOS4_,stl_construct.h,0x443637
      mdLib::MoleculeLJ::MoleculeLJ,,0.0,,,,,,,0.0,0.0,0.0,0.0,0.0,0.0,0.075861,4585573,0.181928,4585573,0.0,0.0,,,0,0,0,0,,0.0,md-flexible,mdLib::MoleculeLJ::MoleculeLJ(mdLib::MoleculeLJ const&),MoleculeLJ.h,0x443637
       "autopas::ParticleBase<double, unsigned long>::ParticleBase",,0.0,,,,,,,0.0,0.0,0.0,0.0,0.0,0.0,0.060689,18342292,0.151607,22927865,0.0,0.0,,,0,0,0,0,,7.000000,md-flexible,"autopas::ParticleBase<double, unsigned long>::ParticleBase(autopas::ParticleBase<double, unsigned long> const&)",ParticleBase.h,0x443637
   mdLib::MoleculeLJ::MoleculeLJ,,0.0,,,,,,,0.0,0.0,0.0,0.0,0.0,0.0,0.015172,0,0.060643,4585573,0.0,0.0,,,0,0,0,0,,0.0,md-flexible,mdLib::MoleculeLJ::MoleculeLJ(mdLib::MoleculeLJ const&),MoleculeLJ.h,0x4433f3
    "autopas::ParticleBase<double, unsigned long>::ParticleBase",,0.0,,,,,,,0.0,0.0,0.0,0.0,0.0,0.0,0.015172,4585573,0.030321,4585573,0.0,0.0,,,0,0,0,0,,0.0,md-flexible,"autopas::ParticleBase<double, unsigned long>::ParticleBase(autopas::ParticleBase<double, unsigned long> const&)",ParticleBase.h,0x4433f3
 DomainTools::isInsideDomain,,0.0,,,,,,,0.0,0.0,100.0,0.0,0.0,0.0,0.0,0,0.0,0,0.0,0.0,,,0,0,0,0,,0.0,md-flexible,"DomainTools::isInsideDomain(std::array<double, (unsigned long)3> const&, std::array<double, (unsigned long)3> const&, std::array<double, (unsigned long)3> const&)",DomainTools.cpp,0x4e8a80
 MDFlexConfig::MDFlexConfig,,0.0,,,,,,,0.0,0.0,0.0,0.0,0.0,0.0,0.0,0,0.0,0,0.0,0.0,,,0,0,0,0,,0.0,md-flexible,MDFlexConfig::MDFlexConfig(MDFlexConfig const&),MDFlexConfig.h,0x44cfa0
  "std::vector<mdLib::MoleculeLJ, std::allocator<mdLib::MoleculeLJ>>::vector",,0.0,,,,,,,0.0,0.0,0.0,0.0,0.0,0.0,0.0,0,0.0,0,0.0,0.0,,,0,0,0,0,,0.0,md-flexible,"std::vector<mdLib::MoleculeLJ, std::allocator<mdLib::MoleculeLJ>>::vector(std::vector<mdLib::MoleculeLJ, std::allocator<mdLib::MoleculeLJ>> const&)",stl_vector.h,0x44f62e
   mdLib::MoleculeLJ::MoleculeLJ,,0.0,,,,,,,0.0,0.0,100.0,0.0,0.0,0.0,0.0,0,0.0,0,0.0,0.0,,,0,0,0,0,,0.0,md-flexible,mdLib::MoleculeLJ::MoleculeLJ(mdLib::MoleculeLJ const&),MoleculeLJ.h,0x44f6b0
    "autopas::ParticleBase<double, unsigned long>::ParticleBase",,0.0,,,,,,,0.0,0.0,0.0,0.0,0.0,0.0,0.0,0,0.0,0,0.0,0.0,,,0,0,0,0,,7.000000,md-flexible,"autopas::ParticleBase<double, unsigned long>::ParticleBase(autopas::ParticleBase<double, unsigned long> const&)",ParticleBase.h,0x44f6b0
 ParticleVector<mdLib::MoleculeLJ>::clearHaloParticles,,0.0,,,,,,,0.0,0.0,0.0,100.0,0.0,0.0,0.0,0,0.0,0,2.777778,0.0,,,2293681,0,0,0,,0.0,md-flexible,ParticleVector<mdLib::MoleculeLJ>::clearHaloParticles(void),ParticleVector.h,0x52fea0
 ParticleVector<mdLib::MoleculeLJ>::deleteDummyParticles,,0.0,,,,,,,0.0,0.0,0.0,0.0,100.0,0.0,0.0,0,0.0,0,2.777778,7.142857,,,0,4585757,0,0,,0.0,md-flexible,ParticleVector<mdLib::MoleculeLJ>::deleteDummyParticles(void),ParticleVector.h,0x5305e0
  "std::remove_if<__gnu_cxx::__normal_iterator<mdLib::MoleculeLJ*, std::vector<mdLib::MoleculeLJ, std::allocator<mdLib::MoleculeLJ>>>, ParticleVector<mdLib::MoleculeLJ>::deleteDummyParticles(void)::{lambda(__gnu_cxx::__normal_iterator<mdLib::MoleculeLJ*, std::vector<mdLib::MoleculeLJ, std::allocator<mdLib::MoleculeLJ>>> const&)#1}>",,0.0,,,,,,,0.0,0.0,0.0,0.0,0.0,0.0,0.0,0,0.0,0,2.777778,0.0,,,0,0,0,0,,0.0,md-flexible,"std::remove_if<__gnu_cxx::__normal_iterator<mdLib::MoleculeLJ*, std::vector<mdLib::MoleculeLJ, std::allocator<mdLib::MoleculeLJ>>>, ParticleVector<mdLib::MoleculeLJ>::deleteDummyParticles(void)::{lambda(__gnu_cxx::__normal_iterator<mdLib::MoleculeLJ*, std::vector<mdLib::MoleculeLJ, std::allocator<mdLib::MoleculeLJ>>> const&)#1}>(__gnu_cxx::__normal_iterator<mdLib::MoleculeLJ*, std::vector<mdLib::MoleculeLJ, std::allocator<mdLib::MoleculeLJ>>>, __gnu_cxx::__normal_iterator<mdLib::MoleculeLJ*, std::vector<mdLib::MoleculeLJ, std::allocator<mdLib::MoleculeLJ>>>, ParticleVector<mdLib::MoleculeLJ>::deleteDummyParticles(void)::{lambda(__gnu_cxx::__normal_iterator<mdLib::MoleculeLJ*, std::vector<mdLib::MoleculeLJ, std::allocator<mdLib::MoleculeLJ>>> const&)#1})",stl_algo.h,0x5305e2
   mdLib::MoleculeLJ::operator=,,0.0,,,,,,,0.0,0.0,0.0,0.0,0.0,0.0,0.0,0,0.0,0,2.777778,0.0,,,2293681,0,0,0,,0.0,md-flexible,mdLib::MoleculeLJ::operator=(mdLib::MoleculeLJ const&),MoleculeLJ.h,0x530699
 Simulation::run,,0.0,,,,,,,0.0,0.0,0.0,0.0,0.0,0.0,0.015172,4585573,0.0,0,0.0,0.0,,,0,0,0,0,,0.0,md-flexible,Simulation::run(void),Simulation.cpp,0x40b0ae
 TimeDiscretization::calculatePositionsAndResetForces._omp_fn.0,,0.0,,,,,,,0.0,0.0,,0.0,,0.0,0.515855,155909482,0.788357,119224898,0.0,0.0,,,0,0,0,0,,15.705882,md-flexible,TimeDiscretization::calculatePositionsAndResetForces._omp_fn.0,TimeDiscretization.cpp,0x4591c0
 TimeDiscretization::calculateVelocities._omp_fn.0,,0.0,,,,,,,,9.5,,0.0,,0.0,0.697921,210936358,0.970285,146738336,0.0,0.0,,,0,0,0,0,,11.888889,md-flexible,TimeDiscretization::calculateVelocities._omp_fn.0,TimeDiscretization.cpp,0x459520
 [Outside any known module],,0.0,,,,,,,39.8,21.1,6.2,0.0,18.6,13.6,1.350326,408115997,1.788963,270548807,0.0,0.0,,,0,0,0,0,,16.375000,[Unknown],[Outside any known module],[Unknown],0x0
 _ZN7autopas19ColorBasedTraversalINS_21ReferenceParticleCellIN5mdLib10MoleculeLJEEENS_17VerletListHelpersIS3_E26VerletListGeneratorFunctorELi3EE14colorTraversalIZNS_14LCC08TraversalIS4_S7_E17traverseParticlesEvEUlmmmE_EEvOT_RKSt5arrayImLm3EESI_SI_._omp_fn.0,,0.0,,,,,,,0.0,0.0,0.0,0.0,0.0,0.0,0.0,0,0.0,0,0.0,0.0,,,0,0,0,0,,7.000000,md-flexible,_ZN7autopas19ColorBasedTraversalINS_21ReferenceParticleCellIN5mdLib10MoleculeLJEEENS_17VerletListHelpersIS3_E26VerletListGeneratorFunctorELi3EE14colorTraversalIZNS_14LCC08TraversalIS4_S7_E17traverseParticlesEvEUlmmmE_EEvOT_RKSt5arrayImLm3EESI_SI_._omp_fn.0,ColorBasedTraversal.h,0x553210
 __memcpy_evex_unaligned_erms,,0.0,,,,,,,100.0,38.0,0.0,0.0,61.7,14.2,0.303444,91711460,0.485143,73369168,11.111111,14.285714,,,9174724,9171514,0,0,,154.250000,libc.so.6,__memcpy_evex_unaligned_erms,[Unknown],0x18eb4e
 __memset_evex_unaligned_erms,,0.0,,,,,,,32.0,0.0,0.0,0.0,0.0,28.1,0.015172,4585573,0.060643,9171146,0.0,0.0,,,0,0,0,0,,9.000000,libc.so.6,__memset_evex_unaligned_erms,[Unknown],0x18f6ce
 _int_free,,0.0,,,,,,,0.0,0.0,0.0,10.5,10.5,0.0,0.136550,41270157,0.212250,32099011,0.0,0.0,,,0,0,0,0,,8.250000,libc.so.6,_int_free,[Unknown],0xb5d1e
 _int_free_create_chunk,,0.0,,,,,,,100.0,38.6,0.0,64.3,25.7,12.9,0.121378,36684584,0.121286,18342292,5.555556,0.0,,,4587362,0,0,0,,0.0,libc.so.6,_int_free_create_chunk,[Unknown],0xb47de
 _int_free_merge_chunk,,0.0,,,,,,,100.0,0.0,29.5,0.0,73.8,14.8,0.015172,4585573,0.242571,36684584,2.777778,7.142857,,,2293681,4585757,0,0,,0.0,libc.so.6,_int_free_merge_chunk,[Unknown],0xb5bce
 _int_malloc,,0.0,,,,,,,100.0,25.2,,0.0,,5.0,0.546199,165080628,0.515464,77954741,0.0,14.285714,,,0,9171514,0,0,,8.727273,libc.so.6,_int_malloc,[Unknown],0xb697e
 _int_memalign,,0.0,,,,,,,0.0,0.0,0.0,0.0,0.0,0.0,0.015172,4585573,0.0,0,0.0,0.0,,,0,0,0,0,,0.0,libc.so.6,_int_memalign,[Unknown],0xb7d6e
 _mid_memalign.isra.0,,0.0,,,,,,,0.0,0.0,0.0,0.0,0.0,0.0,0.0,0,0.0,0,0.0,0.0,,,0,0,0,0,,9.000000,libc.so.6,_mid_memalign.isra.0,[Unknown],0xb844e
 autopas::LinkedCellsReferences<mdLib::MoleculeLJ>::advanceIteratorIndices<(bool)0>,,0.0,,,,,,,,26.6,0.0,0.0,26.6,0.0,0.166894,4585573,0.151607,13756719,0.0,0.0,,,0,0,0,0,,0.0,md-flexible,"autopas::LinkedCellsReferences<mdLib::MoleculeLJ>::advanceIteratorIndices<(bool)0>(unsigned long, unsigned long, autopas::options::IteratorBehavior, std::array<double, (unsigned long)3> const&, std::array<double, (unsigned long)3> const&, std::array<double, (unsigned long)3> const&, std::array<double, (unsigned long)3> const&, unsigned long) const",LinkedCellsReferences.h,0x4fdc40
  "autopas::LinkedCellsReferences<mdLib::MoleculeLJ>::advanceIteratorIndices<(bool)0>(unsigned long, unsigned long, autopas::options::IteratorBehavior, std::array<double, (unsigned long)3> const&, std::array<double, (unsigned long)3> const&, std::array<double, (unsigned long)3> const&, std::array<double, (unsigned long)3> const&, unsigned long) const::{lambda()#1}::operator()",,0.0,,,,,,,0.0,0.0,0.0,0.0,0.0,0.0,0.136550,0,0.060643,0,0.0,0.0,,,0,0,0,0,,0.0,md-flexible,"autopas::LinkedCellsReferences<mdLib::MoleculeLJ>::advanceIteratorIndices<(bool)0>(unsigned long, unsigned long, autopas::options::IteratorBehavior, std::array<double, (unsigned long)3> const&, std::array<double, (unsigned long)3> const&, std::array<double, (unsigned long)3> const&, std::array<double, (unsigned long)3> const&, unsigned long) const::{lambda()#1}::operator()(void) const",LinkedCellsReferences.h,0x4fdc74
   autopas::internal::CellBlock3D<autopas::ReferenceParticleCell<mdLib::MoleculeLJ>>::cellCanContainOwnedParticles,,0.0,,,,,,,0.0,0.0,0.0,0.0,0.0,0.0,0.136550,0,0.060643,0,0.0,0.0,,,0,0,0,0,,0.0,md-flexible,autopas::internal::CellBlock3D<autopas::ReferenceParticleCell<mdLib::MoleculeLJ>>::cellCanContainOwnedParticles(unsigned long) const,CellBlock3D.h,0x4fdc90
    autopas::internal::CellBlock3D<autopas::ReferenceParticleCell<mdLib::MoleculeLJ>>::cellCanContainHaloParticles,,0.0,,,,,,,0.0,0.0,0.0,0.0,0.0,0.0,0.136550,41270157,0.060643,0,0.0,0.0,,,0,0,0,0,,10.000000,md-flexible,autopas::internal::CellBlock3D<autopas::ReferenceParticleCell<mdLib::MoleculeLJ>>::cellCanContainHaloParticles(unsigned long) const,CellBlock3D.h,0x4fdc90
     autopas::internal::CellBlock3D<autopas::ReferenceParticleCell<mdLib::MoleculeLJ>>::oneToThreeD,,0.0,,,,,,,0.0,0.0,0.0,0.0,0.0,0.0,0.0,0,0.060643,0,0.0,0.0,,,0,0,0,0,,0.0,md-flexible,autopas::internal::CellBlock3D<autopas::ReferenceParticleCell<mdLib::MoleculeLJ>>::oneToThreeD(unsigned long) const,CellBlock3D.h,0x4fdcaa
      autopas::utils::ThreeDimensionalMapping::oneToThreeD<unsigned long>,,0.0,,,,,,,0.0,0.0,0.0,0.0,0.0,0.0,0.0,0,0.060643,9171146,0.0,0.0,,,0,0,0,0,,7.000000,md-flexible,"autopas::utils::ThreeDimensionalMapping::oneToThreeD<unsigned long>(unsigned long, std::array<unsigned long, (unsigned long)3> const&)",ThreeDimensionalMapping.h,0x4fdcaa
  "autopas::containerIteratorUtils::particleFulfillsIteratorRequirements<(bool)0, mdLib::MoleculeLJ, std::array<double, (unsigned long)3>>",,0.0,,,,,,,0.0,0.0,0.0,0.0,0.0,0.0,0.0,0,0.0,0,0.0,0.0,,,0,0,0,0,,0.0,md-flexible,"autopas::containerIteratorUtils::particleFulfillsIteratorRequirements<(bool)0, mdLib::MoleculeLJ, std::array<double, (unsigned long)3>>(mdLib::MoleculeLJ const&, autopas::options::IteratorBehavior, std::array<double, (unsigned long)3> const&, std::array<double, (unsigned long)3> const&)",ContainerIterator.h,0x4fde7a
   "autopas::ParticleBase<double, unsigned long>::isDummy",,0.0,,,,,,,100.0,0.0,53.2,53.2,0.0,0.0,0.0,0,0.0,0,0.0,0.0,,,0,0,0,0,,0.0,md-flexible,"autopas::ParticleBase<double, unsigned long>::isDummy(void) const",ParticleBase.h,0x4fde83
  "std::vector<autopas::ReferenceParticleCell<mdLib::MoleculeLJ>, std::allocator<autopas::ReferenceParticleCell<mdLib::MoleculeLJ>>>::operator[]",,0.0,,,,,,,0.0,0.0,0.0,0.0,0.0,0.0,0.015172,4585573,0.0,0,0.0,0.0,,,0,0,0,0,,0.0,md-flexible,"std::vector<autopas::ReferenceParticleCell<mdLib::MoleculeLJ>, std::allocator<autopas::ReferenceParticleCell<mdLib::MoleculeLJ>>>::operator[](unsigned long) const",stl_vector.h,0x4fdd29
  "std::vector<autopas::ReferenceParticleCell<mdLib::MoleculeLJ>, std::allocator<autopas::ReferenceParticleCell<mdLib::MoleculeLJ>>>::operator[]",,0.0,,,,,,,0.0,0.0,0.0,0.0,0.0,0.0,0.0,0,0.0,0,0.0,0.0,,,0,0,0,0,,198.000000,md-flexible,"std::vector<autopas::ReferenceParticleCell<mdLib::MoleculeLJ>, std::allocator<autopas::ReferenceParticleCell<mdLib::MoleculeLJ>>>::operator[](unsigned long) const",stl_vector.h,0x4fde6d
 autopas::LinkedCellsReferences<mdLib::MoleculeLJ>::advanceIteratorIndices<(bool)1>,,0.0,,,,,,,0.0,0.0,100.0,0.0,79.7,0.0,0.257927,0,0.454821,9171146,0.0,0.0,,,0,0,0,0,,7.000000,md-flexible,"autopas::LinkedCellsReferences<mdLib::MoleculeLJ>::advanceIteratorIndices<(bool)1>(unsigned long, unsigned long, autopas::options::IteratorBehavior, std::array<double, (unsigned long)3> const&, std::array<double, (unsigned long)3> const&, std::array<double, (unsigned long)3> const&, std::array<double, (unsigned long)3> const&, unsigned long) const",LinkedCellsReferences.h,0x538fb0
  "autopas::LinkedCellsReferences<mdLib::MoleculeLJ>::advanceIteratorIndices<(bool)1>(unsigned long, unsigned long, autopas::options::IteratorBehavior, std::array<double, (unsigned long)3> const&, std::array<double, (unsigned long)3> const&, std::array<double, (unsigned long)3> const&, std::array<double, (unsigned long)3> const&, unsigned long) const::{lambda()#1}::operator()",,0.0,,,,,,,0.0,0.0,0.0,0.0,0.0,0.0,0.197239,0,0.394178,0,0.0,0.0,,,0,0,0,0,,0.0,md-flexible,"autopas::LinkedCellsReferences<mdLib::MoleculeLJ>::advanceIteratorIndices<(bool)1>(unsigned long, unsigned long, autopas::options::IteratorBehavior, std::array<double, (unsigned long)3> const&, std::array<double, (unsigned long)3> const&, std::array<double, (unsigned long)3> const&, std::array<double, (unsigned long)3> const&, unsigned long) const::{lambda()#1}::operator()(void) const",LinkedCellsReferences.h,0x538fea
   "autopas::LinkedCellsReferences<mdLib::MoleculeLJ>::advanceIteratorIndices<(bool)1>(unsigned long, unsigned long, autopas::options::IteratorBehavior, std::array<double, (unsigned long)3> const&, std::array<double, (unsigned long)3> const&, std::array<double, (unsigned long)3> const&, std::array<double, (unsigned long)3> const&, unsigned long) const::{lambda()#1}::operator()",,0.0,,,,,,,0.0,0.0,0.0,0.0,0.0,0.0,0.136550,0,0.242571,0,0.0,0.0,,,0,0,0,0,,0.0,md-flexible,"autopas::LinkedCellsReferences<mdLib::MoleculeLJ>::advanceIteratorIndices<(bool)1>(unsigned long, unsigned long, autopas::options::IteratorBehavior, std::array<double, (unsigned long)3> const&, std::array<double, (unsigned long)3> const&, std::array<double, (unsigned long)3> const&, std::array<double, (unsigned long)3> const&, unsigned long) const::{lambda()#1}::operator()(void) const",LinkedCellsReferences.h,0x5390b7
    autopas::internal::CellBlock3D<autopas::ReferenceParticleCell<mdLib::MoleculeLJ>>::getCellBoundingBox,,0.0,,,,,,,0.0,0.0,0.0,0.0,0.0,0.0,0.121378,0,0.242571,0,0.0,0.0,,,0,0,0,0,,0.0,md-flexible,autopas::internal::CellBlock3D<autopas::ReferenceParticleCell<mdLib::MoleculeLJ>>::getCellBoundingBox(unsigned long) const,CellBlock3D.h,0x5390b7
     autopas::internal::CellBlock3D<autopas::ReferenceParticleCell<mdLib::MoleculeLJ>>::getCellBoundingBox,,0.0,,,,,,,0.0,0.0,0.0,0.0,0.0,0.0,0.121378,36684584,0.242571,36684584,0.0,0.0,,,0,0,0,0,,14.777778,md-flexible,"autopas::internal::CellBlock3D<autopas::ReferenceParticleCell<mdLib::MoleculeLJ>>::getCellBoundingBox(std::array<unsigned long, (unsigned long)3> const&) const",CellBlock3D.h,0x5390bd
    autopas::utils::boxesOverlap<double>,,0.0,,,,,,,0.0,0.0,0.0,0.0,0.0,0.0,0.015172,0,0.0,0,0.0,0.0,,,0,0,0,0,,0.0,md-flexible,"autopas::utils::boxesOverlap<double>(std::array<double, (unsigned long)3> const&, std::array<double, (unsigned long)3> const&, std::array<double, (unsigned long)3> const&, std::array<double, (unsigned long)3> const&)",inBox.h,0x5391c5
     "autopas::utils::boxesOverlap<double>(std::array<double, (unsigned long)3> const&, std::array<double, (unsigned long)3> const&, std::array<double, (unsigned long)3> const&, std::array<double, (unsigned long)3> const&)::{lambda(unsigned long)#1}::operator()",,0.0,,,,,,,,0.0,0.0,0.0,0.0,0.0,0.015172,4585573,0.0,0,0.0,0.0,,,0,0,0,0,,12.000000,md-flexible,"autopas::utils::boxesOverlap<double>(std::array<double, (unsigned long)3> const&, std::array<double, (unsigned long)3> const&, std::array<double, (unsigned long)3> const&, std::array<double, (unsigned long)3> const&)::{lambda(unsigned long)#1}::operator()(unsigned long) const",inBox.h,0x5391c5
     "autopas::utils::boxesOverlap<double>(std::array<double, (unsigned long)3> const&, std::array<double, (unsigned long)3> const&, std::array<double, (unsigned long)3> const&, std::array<double, (unsigned long)3> const&)::{lambda(unsigned long)#1}::operator()",,0.0,,,,,,,0.0,0.0,0.0,0.0,0.0,0.0,0.0,0,0.0,0,0.0,0.0,,,0,0,0,0,,7.000000,md-flexible,"autopas::utils::boxesOverlap<double>(std::array<double, (unsigned long)3> const&, std::array<double, (unsigned long)3> const&, std::array<double, (unsigned long)3> const&, std::array<double, (unsigned long)3> const&)::{lambda(unsigned long)#1}::operator()(unsigned long) const",inBox.h,0x5391f3
     "autopas::utils::boxesOverlap<double>(std::array<double, (unsigned long)3> const&, std::array<double, (unsigned long)3> const&, std::array<double, (unsigned long)3> const&, std::array<double, (unsigned long)3> const&)::{lambda(unsigned long)#1}::operator()",,0.0,,,,,,,0.0,0.0,0.0,0.0,0.0,0.0,0.0,0,0.0,0,0.0,0.0,,,0,0,0,0,,7.000000,md-flexible,"autopas::utils::boxesOverlap<double>(std::array<double, (unsigned long)3> const&, std::array<double, (unsigned long)3> const&, std::array<double, (unsigned long)3> const&, std::array<double, (unsigned long)3> const&)::{lambda(unsigned long)#1}::operator()(unsigned long) const",inBox.h,0x53921b
   autopas::internal::CellBlock3D<autopas::ReferenceParticleCell<mdLib::MoleculeLJ>>::cellCanContainOwnedParticles,,0.0,,,,,,,0.0,0.0,0.0,0.0,0.0,0.0,0.060689,0,0.060643,0,0.0,0.0,,,0,0,0,0,,0.0,md-flexible,autopas::internal::CellBlock3D<autopas::ReferenceParticleCell<mdLib::MoleculeLJ>>::cellCanContainOwnedParticles(unsigned long) const,CellBlock3D.h,0x539008
    autopas::internal::CellBlock3D<autopas::ReferenceParticleCell<mdLib::MoleculeLJ>>::cellCanContainHaloParticles,,0.0,,,,,,,,36.2,0.0,0.0,0.0,0.0,0.060689,18342292,0.060643,0,0.0,0.0,,,0,0,0,0,,18.000000,md-flexible,autopas::internal::CellBlock3D<autopas::ReferenceParticleCell<mdLib::MoleculeLJ>>::cellCanContainHaloParticles(unsigned long) const,CellBlock3D.h,0x539008
     autopas::internal::CellBlock3D<autopas::ReferenceParticleCell<mdLib::MoleculeLJ>>::oneToThreeD,,0.0,,,,,,,0.0,0.0,0.0,0.0,0.0,0.0,0.0,0,0.060643,0,0.0,0.0,,,0,0,0,0,,0.0,md-flexible,autopas::internal::CellBlock3D<autopas::ReferenceParticleCell<mdLib::MoleculeLJ>>::oneToThreeD(unsigned long) const,CellBlock3D.h,0x539024
      autopas::utils::ThreeDimensionalMapping::oneToThreeD<unsigned long>,,0.0,,,,,,,,61.3,0.0,0.0,0.0,0.0,0.0,0,0.060643,9171146,0.0,0.0,,,0,0,0,0,,0.0,md-flexible,"autopas::utils::ThreeDimensionalMapping::oneToThreeD<unsigned long>(unsigned long, std::array<unsigned long, (unsigned long)3> const&)",ThreeDimensionalMapping.h,0x539024
   autopas::internal::CellBlock3D<autopas::ReferenceParticleCell<mdLib::MoleculeLJ>>::getCellBoundingBox,,0.0,,,,,,,0.0,0.0,0.0,0.0,0.0,0.0,0.0,0,0.090964,0,0.0,0.0,,,0,0,0,0,,0.0,md-flexible,autopas::internal::CellBlock3D<autopas::ReferenceParticleCell<mdLib::MoleculeLJ>>::getCellBoundingBox(unsigned long) const,CellBlock3D.h,0x5390b7
    autopas::internal::CellBlock3D<autopas::ReferenceParticleCell<mdLib::MoleculeLJ>>::getCellBoundingBox,,0.0,,,,,,,,0.0,0.0,0.0,0.0,0.0,0.0,0,0.090964,9171146,0.0,0.0,,,0,0,0,0,,0.0,md-flexible,"autopas::internal::CellBlock3D<autopas::ReferenceParticleCell<mdLib::MoleculeLJ>>::getCellBoundingBox(std::array<unsigned long, (unsigned long)3> const&) const",CellBlock3D.h,0x5390bd
     "std::pair<std::array<double, (unsigned long)3>, std::array<double, (unsigned long)3>>::pair<std::array<double, (unsigned long)3>&, std::array<double, (unsigned long)3>&>",,0.0,,,,,,,,99.7,0.0,0.0,0.0,0.0,0.0,0,0.030321,4585573,0.0,0.0,,,0,0,0,0,,63.000000,md-flexible,"std::pair<std::array<double, (unsigned long)3>, std::array<double, (unsigned long)3>>::pair<std::array<double, (unsigned long)3>&, std::array<double, (unsigned long)3>&>(std::array<double, (unsigned long)3>&&&, std::array<double, (unsigned long)3>&&&)",stl_pair.h,0x539188
  autopas::ReferenceParticleCell<mdLib::MoleculeLJ>::operator[],,0.0,,,,,,,0.0,0.0,0.0,0.0,0.0,0.0,0.030344,9171146,0.0,0,0.0,0.0,,,0,0,0,0,,0.0,md-flexible,autopas::ReferenceParticleCell<mdLib::MoleculeLJ>::operator[](unsigned long) const,ReferenceParticleCell.h,0x5393b0
  "std::vector<autopas::ReferenceParticleCell<mdLib::MoleculeLJ>, std::allocator<autopas::ReferenceParticleCell<mdLib::MoleculeLJ>>>::operator[]",,0.0,,,,,,,,0.0,0.0,0.0,0.0,0.0,0.030344,9171146,0.0,0,0.0,0.0,,,0,0,0,0,,7.000000,md-flexible,"std::vector<autopas::ReferenceParticleCell<mdLib::MoleculeLJ>, std::allocator<autopas::ReferenceParticleCell<mdLib::MoleculeLJ>>>::operator[](unsigned long) const",stl_vector.h,0x539243
 autopas::LinkedCellsReferences<mdLib::MoleculeLJ>::getParticle,,0.0,,,,,,,0.0,0.0,0.0,0.0,0.0,0.0,2.215142,73369168,3.911461,59612449,0.0,0.0,,,0,0,0,0,,10.166667,md-flexible,"autopas::LinkedCellsReferences<mdLib::MoleculeLJ>::getParticle(unsigned long, unsigned long, autopas::options::IteratorBehavior) const",LinkedCellsReferences.h,0x50e300
  autopas::LinkedCellsReferences<mdLib::MoleculeLJ>::getParticleImpl<(bool)0>,,0.0,,,,,,,100.0,0.0,0.0,0.0,0.0,11.1,1.972387,371431413,3.517283,64198022,0.0,0.0,,,0,0,0,0,,8.888889,md-flexible,"autopas::LinkedCellsReferences<mdLib::MoleculeLJ>::getParticleImpl<(bool)0>(unsigned long, unsigned long, autopas::options::IteratorBehavior, std::array<double, (unsigned long)3> const&, std::array<double, (unsigned long)3> const&) const",LinkedCellsReferences.h,0x50e311
   "autopas::LinkedCellsReferences<mdLib::MoleculeLJ>::getParticleImpl<(bool)0>(unsigned long, unsigned long, autopas::options::IteratorBehavior, std::array<double, (unsigned long)3> const&, std::array<double, (unsigned long)3> const&) const::{lambda()#1}::operator()",,0.0,,,,,,,0.0,0.0,0.0,0.0,0.0,0.0,0.075861,0,0.485143,0,0.0,0.0,,,0,0,0,0,,0.0,md-flexible,"autopas::LinkedCellsReferences<mdLib::MoleculeLJ>::getParticleImpl<(bool)0>(unsigned long, unsigned long, autopas::options::IteratorBehavior, std::array<double, (unsigned long)3> const&, std::array<double, (unsigned long)3> const&) const::{lambda()#1}::operator()(void) const",LinkedCellsReferences.h,0x50e349
    autopas::internal::CellBlock3D<autopas::ReferenceParticleCell<mdLib::MoleculeLJ>>::getLastOwnedCellIndex,,0.0,,,,,,,0.0,0.0,0.0,0.0,0.0,0.0,0.075861,22927865,0.0,0,0.0,0.0,,,0,0,0,0,,0.0,md-flexible,autopas::internal::CellBlock3D<autopas::ReferenceParticleCell<mdLib::MoleculeLJ>>::getLastOwnedCellIndex(void) const,CellBlock3D.h,0x50e353
    "std::tuple<unsigned long, unsigned long>::tuple<unsigned long, unsigned long>",,0.0,,,,,,,0.0,0.0,0.0,0.0,0.0,0.0,0.0,0,0.485143,73369168,0.0,0.0,,,0,0,0,0,,0.0,md-flexible,"std::tuple<unsigned long, unsigned long>::tuple<unsigned long, unsigned long>(unsigned long&&)",tuple,0x50e35b
   autopas::ReferenceParticleCell<mdLib::MoleculeLJ>::operator[],,0.0,,,,,,,0.0,0.0,0.0,0.0,0.0,0.0,0.303444,18342292,0.0,0,0.0,0.0,,,0,0,0,0,,8.750000,md-flexible,autopas::ReferenceParticleCell<mdLib::MoleculeLJ>::operator[](unsigned long) const,ReferenceParticleCell.h,0x50e408
    "std::vector<mdLib::MoleculeLJ*, std::allocator<mdLib::MoleculeLJ*>>::operator[]",,0.0,,,,,,,0.0,0.0,0.0,0.0,0.0,0.0,0.242755,73369168,0.0,0,0.0,0.0,,,0,0,0,0,,7.000000,md-flexible,"std::vector<mdLib::MoleculeLJ*, std::allocator<mdLib::MoleculeLJ*>>::operator[](unsigned long) const",stl_vector.h,0x50e408
   autopas::ReferenceParticleCell<mdLib::MoleculeLJ>::size,,0.0,,,,,,,0.0,0.0,0.0,0.0,0.0,0.0,0.060689,0,0.0,0,0.0,0.0,,,0,0,0,0,,0.0,md-flexible,autopas::ReferenceParticleCell<mdLib::MoleculeLJ>::size(void) const,ReferenceParticleCell.h,0x50e3b8
    "std::vector<mdLib::MoleculeLJ*, std::allocator<mdLib::MoleculeLJ*>>::size",,0.0,,,,,,,0.0,0.0,0.0,0.0,0.0,0.0,0.060689,18342292,0.0,0,0.0,0.0,,,0,0,0,0,,7.000000,md-flexible,"std::vector<mdLib::MoleculeLJ*, std::allocator<mdLib::MoleculeLJ*>>::size(void) const",stl_vector.h,0x50e3b8
   "autopas::containerIteratorUtils::particleFulfillsIteratorRequirements<(bool)0, mdLib::MoleculeLJ, std::array<double, (unsigned long)3>>",,0.0,,,,,,,0.0,0.0,0.0,0.0,0.0,0.0,0.273100,0,0.0,0,0.0,0.0,,,0,0,0,0,,0.0,md-flexible,"autopas::containerIteratorUtils::particleFulfillsIteratorRequirements<(bool)0, mdLib::MoleculeLJ, std::array<double, (unsigned long)3>>(mdLib::MoleculeLJ const&, autopas::options::IteratorBehavior, std::array<double, (unsigned long)3> const&, std::array<double, (unsigned long)3> const&)",ContainerIterator.h,0x50e3df
    "autopas::ParticleBase<double, unsigned long>::isDummy",,0.0,,,,,,,100.0,0.0,,0.0,,0.0,0.273100,82540314,0.0,0,0.0,0.0,,,0,0,0,0,,7.000000,md-flexible,"autopas::ParticleBase<double, unsigned long>::isDummy(void) const",ParticleBase.h,0x50e3e8
   "std::tuple<mdLib::MoleculeLJ const*, unsigned long, unsigned long>::tuple<mdLib::MoleculeLJ const*&, unsigned long&, unsigned long&>",,0.0,,,,,,,0.0,0.0,0.0,0.0,0.0,0.0,0.0,0,2.607641,394359278,0.0,0.0,,,0,0,0,0,,0.0,md-flexible,"std::tuple<mdLib::MoleculeLJ const*, unsigned long, unsigned long>::tuple<mdLib::MoleculeLJ const*&, unsigned long&, unsigned long&>(mdLib::MoleculeLJ const*&&&)",tuple,0x50e40f
   "std::vector<autopas::ReferenceParticleCell<mdLib::MoleculeLJ>, std::allocator<autopas::ReferenceParticleCell<mdLib::MoleculeLJ>>>::operator[]",,0.0,,,,,,,,0.0,0.0,0.0,0.0,0.0,0.0,0,0.0,0,0.0,0.0,,,0,0,0,0,,10.000000,md-flexible,"std::vector<autopas::ReferenceParticleCell<mdLib::MoleculeLJ>, std::allocator<autopas::ReferenceParticleCell<mdLib::MoleculeLJ>>>::operator[](unsigned long) const",stl_vector.h,0x50e3d2
   "std::vector<autopas::ReferenceParticleCell<mdLib::MoleculeLJ>, std::allocator<autopas::ReferenceParticleCell<mdLib::MoleculeLJ>>>::size",,0.0,,,,,,,0.0,0.0,0.0,0.0,0.0,0.0,0.030344,9171146,0.0,0,0.0,0.0,,,0,0,0,0,,7.000000,md-flexible,"std::vector<autopas::ReferenceParticleCell<mdLib::MoleculeLJ>, std::allocator<autopas::ReferenceParticleCell<mdLib::MoleculeLJ>>>::size(void) const",stl_vector.h,0x50e375
 autopas::LinkedCellsReferences<mdLib::MoleculeLJ>::updateContainer._omp_fn.0,,0.0,,,,,,,0.0,0.0,,99.7,,0.0,0.0,0,0.0,0,5.555556,0.0,,,4587362,0,0,0,,0.0,md-flexible,autopas::LinkedCellsReferences<mdLib::MoleculeLJ>::updateContainer._omp_fn.0,LinkedCellsReferences.h,0x5010f0
 autopas::LinkedCellsReferences<mdLib::MoleculeLJ>::updateDirtyParticleReferences,,0.0,,,,,,,0.0,0.0,0.0,0.0,0.0,0.0,0.227583,0,0.242571,0,0.0,0.0,,,0,0,0,0,,0.0,md-flexible,autopas::LinkedCellsReferences<mdLib::MoleculeLJ>::updateDirtyParticleReferences(void),LinkedCellsReferences.h,0x41b324
  "autopas::ParticleBase<double, unsigned long>::isDummy",,0.0,,,,,,,0.0,0.0,0.0,0.0,100.0,0.0,0.0,0,0.0,0,0.0,0.0,,,0,0,0,0,,0.0,md-flexible,"autopas::ParticleBase<double, unsigned long>::isDummy(void) const",ParticleBase.h,0x500e28
  autopas::ReferenceParticleCell<mdLib::MoleculeLJ>::addParticleReference,,0.0,,,,,,,0.0,0.0,0.0,0.0,100.0,0.0,0.0,0,0.030321,0,0.0,0.0,,,0,0,0,0,,7.000000,md-flexible,autopas::ReferenceParticleCell<mdLib::MoleculeLJ>::addParticleReference(mdLib::MoleculeLJ*),ReferenceParticleCell.h,0x41b324
   std::lock_guard<autopas::AutoPasLock>::lock_guard,,0.0,,,,,,,0.0,0.0,0.0,0.0,0.0,0.0,0.0,0,0.030321,0,0.0,0.0,,,0,0,0,0,,0.0,md-flexible,std::lock_guard<autopas::AutoPasLock>::lock_guard(autopas::AutoPasLock&),std_mutex.h,0x500f3d
    autopas::AutoPasLock::lock,,0.0,,,,,,,0.0,0.0,0.0,0.0,0.0,0.0,0.0,0,0.030321,4585573,0.0,0.0,,,0,0,0,0,,0.0,md-flexible,autopas::AutoPasLock::lock(void),WrapOpenMP.h,0x500f3d
   "std::vector<mdLib::MoleculeLJ*, std::allocator<mdLib::MoleculeLJ*>>::push_back",,0.0,,,,,,,0.0,0.0,0.0,0.0,0.0,0.0,0.0,0,0.0,0,0.0,0.0,,,0,0,0,0,,8.000000,md-flexible,"std::vector<mdLib::MoleculeLJ*, std::allocator<mdLib::MoleculeLJ*>>::push_back(mdLib::MoleculeLJ* const&)",stl_vector.h,0x41b324
  autopas::internal::CellBlock3D<autopas::ReferenceParticleCell<mdLib::MoleculeLJ>>::get1DIndexOfPosition,,0.0,,,,,,,0.0,0.0,0.0,0.0,0.0,0.0,0.075861,0,0.0,0,0.0,0.0,,,0,0,0,0,,0.0,md-flexible,"autopas::internal::CellBlock3D<autopas::ReferenceParticleCell<mdLib::MoleculeLJ>>::get1DIndexOfPosition(std::array<double, (unsigned long)3> const&) const",CellBlock3D.h,0x500e36
   autopas::internal::CellBlock3D<autopas::ReferenceParticleCell<mdLib::MoleculeLJ>>::threeToOneD,,0.0,,,,,,,0.0,0.0,0.0,0.0,0.0,0.0,0.075861,0,0.0,0,0.0,0.0,,,0,0,0,0,,0.0,md-flexible,"autopas::internal::CellBlock3D<autopas::ReferenceParticleCell<mdLib::MoleculeLJ>>::threeToOneD(std::array<unsigned long, (unsigned long)3> const&) const",CellBlock3D.h,0x500ee9
    autopas::utils::ThreeDimensionalMapping::threeToOneD<unsigned long>,,0.0,,,,,,,0.0,0.0,0.0,0.0,0.0,0.0,0.075861,22927865,0.0,0,0.0,0.0,,,0,0,0,0,,0.0,md-flexible,"autopas::utils::ThreeDimensionalMapping::threeToOneD<unsigned long>(std::array<unsigned long, (unsigned long)3> const&, std::array<unsigned long, (unsigned long)3> const&)",ThreeDimensionalMapping.h,0x500ee9
  autopas::internal::CellBlock3D<autopas::ReferenceParticleCell<mdLib::MoleculeLJ>>::getContainingCell,,0.0,,,,,,,0.0,0.0,0.0,0.0,0.0,0.0,0.151722,0,0.212250,0,0.0,0.0,,,0,0,0,0,,0.0,md-flexible,"autopas::internal::CellBlock3D<autopas::ReferenceParticleCell<mdLib::MoleculeLJ>>::getContainingCell(std::array<double, (unsigned long)3> const&) const",CellBlock3D.h,0x500e36
   autopas::internal::CellBlock3D<autopas::ReferenceParticleCell<mdLib::MoleculeLJ>>::get1DIndexOfPosition,,0.0,,,,,,,0.0,0.0,0.0,0.0,0.0,0.0,0.136550,0,0.212250,0,0.0,0.0,,,0,0,0,0,,0.0,md-flexible,"autopas::internal::CellBlock3D<autopas::ReferenceParticleCell<mdLib::MoleculeLJ>>::get1DIndexOfPosition(std::array<double, (unsigned long)3> const&) const",CellBlock3D.h,0x500e36
    autopas::internal::CellBlock3D<autopas::ReferenceParticleCell<mdLib::MoleculeLJ>>::get3DIndexOfPosition,,0.0,,,,,,,0.0,0.0,0.0,0.0,0.0,0.0,0.136550,41270157,0.212250,32099011,0.0,0.0,,,0,0,0,0,,0.0,md-flexible,"autopas::internal::CellBlock3D<autopas::ReferenceParticleCell<mdLib::MoleculeLJ>>::get3DIndexOfPosition(std::array<double, (unsigned long)3> const&) const",CellBlock3D.h,0x500e36
   autopas::internal::CellBlock3D<autopas::ReferenceParticleCell<mdLib::MoleculeLJ>>::get3DIndexOfPosition,,0.0,,,,,,,0.0,0.0,0.0,0.0,0.0,0.0,0.015172,4585573,0.0,0,0.0,0.0,,,0,0,0,0,,7.000000,md-flexible,"autopas::internal::CellBlock3D<autopas::ReferenceParticleCell<mdLib::MoleculeLJ>>::get3DIndexOfPosition(std::array<double, (unsigned long)3> const&) const",CellBlock3D.h,0x500e36
 autopas::LogicHandler<mdLib::MoleculeLJ>::addParticle,,0.0,,,,,,,0.0,0.0,0.0,0.0,0.0,0.0,0.0,0,0.0,0,0.0,0.0,,,0,0,0,0,,0.0,md-flexible,autopas::LogicHandler<mdLib::MoleculeLJ>::addParticle(mdLib::MoleculeLJ const&),LogicHandler.h,0x4f39b0
 autopas::LogicHandler<mdLib::MoleculeLJ>::checkNeighborListsInvalidDoDynamicRebuild._omp_fn.0,,0.0,,,,,,,0.0,27.5,,0.0,,0.0,0.242755,73369168,0.181928,27513438,0.0,0.0,,,0,0,0,0,,50.000000,md-flexible,autopas::LogicHandler<mdLib::MoleculeLJ>::checkNeighborListsInvalidDoDynamicRebuild._omp_fn.0,LogicHandler.h,0x514820
 autopas::LogicHandler<mdLib::MoleculeLJ>::updateRebuildPositions._omp_fn.0,,0.0,,,,,,,0.0,0.0,0.0,0.0,0.0,100.0,0.0,0,0.0,0,0.0,0.0,,,0,0,0,0,,7.000000,md-flexible,autopas::LogicHandler<mdLib::MoleculeLJ>::updateRebuildPositions._omp_fn.0,LogicHandler.h,0x572440
 autopas::ReferenceParticleCell<mdLib::MoleculeLJ>::deleteDummyParticles,,0.0,,,,,,,0.0,0.0,0.0,0.0,0.0,0.0,0.0,0,0.0,0,0.0,0.0,,,0,0,0,0,,0.0,md-flexible,autopas::ReferenceParticleCell<mdLib::MoleculeLJ>::deleteDummyParticles(void),ReferenceParticleCell.h,0x5053e0
 "autopas::SoA<std::tuple<std::vector<mdLib::MoleculeLJ*, autopas::AlignedAllocator<mdLib::MoleculeLJ*, (unsigned long)64>>, std::vector<unsigned long, autopas::AlignedAllocator<unsigned long, (unsigned long)64>>, std::vector<double, autopas::AlignedAllocator<double, (unsigned long)64>>, std::vector<double, autopas::AlignedAllocator<double, (unsigned long)64>>, std::vector<double, autopas::AlignedAllocator<double, (unsigned long)64>>, std::vector<double, autopas::AlignedAllocator<double, (unsigned long)64>>, std::vector<double, autopas::AlignedAllocator<double, (unsigned long)64>>, std::vector<double, autopas::AlignedAllocator<double, (unsigned long)64>>, std::vector<double, autopas::AlignedAllocator<double, (unsigned long)64>>, std::vector<double, autopas::AlignedAllocator<double, (unsigned long)64>>, std::vector<double, autopas::AlignedAllocator<double, (unsigned long)64>>, std::vector<double, autopas::AlignedAllocator<double, (unsigned long)64>>, std::vector<double, autopas::AlignedAllocator<double, (unsigned long)64>>, std::vector<double, autopas::AlignedAllocator<double, (unsigned long)64>>, std::vector<unsigned long, autopas::AlignedAllocator<unsigned long, (unsigned long)64>>, std::vector<autopas::OwnershipState, autopas::AlignedAllocator<autopas::OwnershipState, (unsigned long)64>>>>::size",,0.0,,,,,,,,0.0,0.0,0.0,0.0,0.0,0.940677,18342292,0.0,0,0.0,7.142857,,,0,0,0,0,,0.0,md-flexible,"autopas::SoA<std::tuple<std::vector<mdLib::MoleculeLJ*, autopas::AlignedAllocator<mdLib::MoleculeLJ*, (unsigned long)64>>, std::vector<unsigned long, autopas::AlignedAllocator<unsigned long, (unsigned long)64>>, std::vector<double, autopas::AlignedAllocator<double, (unsigned long)64>>, std::vector<double, autopas::AlignedAllocator<double, (unsigned long)64>>, std::vector<double, autopas::AlignedAllocator<double, (unsigned long)64>>, std::vector<double, autopas::AlignedAllocator<double, (unsigned long)64>>, std::vector<double, autopas::AlignedAllocator<double, (unsigned long)64>>, std::vector<double, autopas::AlignedAllocator<double, (unsigned long)64>>, std::vector<double, autopas::AlignedAllocator<double, (unsigned long)64>>, std::vector<double, autopas::AlignedAllocator<double, (unsigned long)64>>, std::vector<double, autopas::AlignedAllocator<double, (unsigned long)64>>, std::vector<double, autopas::AlignedAllocator<double, (unsigned long)64>>, std::vector<double, autopas::AlignedAllocator<double, (unsigned long)64>>, std::vector<double, autopas::AlignedAllocator<double, (unsigned long)64>>, std::vector<unsigned long, autopas::AlignedAllocator<unsigned long, (unsigned long)64>>, std::vector<autopas::OwnershipState, autopas::AlignedAllocator<autopas::OwnershipState, (unsigned long)64>>>>::size(void) const",SoA.h,0x54b410
  "autopas::utils::TupleUtils::for_each<std::tuple<std::vector<mdLib::MoleculeLJ*, autopas::AlignedAllocator<mdLib::MoleculeLJ*, (unsigned long)64>>, std::vector<unsigned long, autopas::AlignedAllocator<unsigned long, (unsigned long)64>>, std::vector<double, autopas::AlignedAllocator<double, (unsigned long)64>>, std::vector<double, autopas::AlignedAllocator<double, (unsigned long)64>>, std::vector<double, autopas::AlignedAllocator<double, (unsigned long)64>>, std::vector<double, autopas::AlignedAllocator<double, (unsigned long)64>>, std::vector<double, autopas::AlignedAllocator<double, (unsigned long)64>>, std::vector<double, autopas::AlignedAllocator<double, (unsigned long)64>>, std::vector<double, autopas::AlignedAllocator<double, (unsigned long)64>>, std::vector<double, autopas::AlignedAllocator<double, (unsigned long)64>>, std::vector<double, autopas::AlignedAllocator<double, (unsigned long)64>>, std::vector<double, autopas::AlignedAllocator<double, (unsigned long)64>>, std::vector<double, autopas::AlignedAllocator<double, (unsigned long)64>>, std::vector<double, autopas::AlignedAllocator<double, (unsigned long)64>>, std::vector<unsigned long, autopas::AlignedAllocator<unsigned long, (unsigned long)64>>, std::vector<autopas::OwnershipState, autopas::AlignedAllocator<autopas::OwnershipState, (unsigned long)64>>> const&, autopas::SoA<std::tuple<std::vector<mdLib::MoleculeLJ*, autopas::AlignedAllocator<mdLib::MoleculeLJ*, (unsigned long)64>>, std::vector<unsigned long, autopas::AlignedAllocator<unsigned long, (unsigned long)64>>, std::vector<double, autopas::AlignedAllocator<double, (unsigned long)64>>, std::vector<double, autopas::AlignedAllocator<double, (unsigned long)64>>, std::vector<double, autopas::AlignedAllocator<double, (unsigned long)64>>, std::vector<double, autopas::AlignedAllocator<double, (unsigned long)64>>, std::vector<double, autopas::AlignedAllocator<double, (unsigned long)64>>, std::vector<double, autopas::AlignedAllocator<double, (unsigned long)64>>, std::vector<double, autopas::AlignedAllocator<double, (unsigned long)64>>, std::vector<double, autopas::AlignedAllocator<double, (unsigned long)64>>, std::vector<double, autopas::AlignedAllocator<double, (unsigned long)64>>, std::vector<double, autopas::AlignedAllocator<double, (unsigned long)64>>, std::vector<double, autopas::AlignedAllocator<double, (unsigned long)64>>, std::vector<double, autopas::AlignedAllocator<double, (unsigned long)64>>, std::vector<unsigned long, autopas::AlignedAllocator<unsigned long, (unsigned long)64>>, std::vector<autopas::OwnershipState, autopas::AlignedAllocator<autopas::OwnershipState, (unsigned long)64>>>>::size(void) const::{lambda(std::tuple<std::vector<mdLib::MoleculeLJ*, autopas::AlignedAllocator<mdLib::MoleculeLJ*, (unsigned long)64>>, std::vector<unsigned long, autopas::AlignedAllocator<unsigned long, (unsigned long)64>>, std::vector<double, autopas::AlignedAllocator<double, (unsigned long)64>>, std::vector<double, autopas::AlignedAllocator<double, (unsigned long)64>>, std::vector<double, autopas::AlignedAllocator<double, (unsigned long)64>>, std::vector<double, autopas::AlignedAllocator<double, (unsigned long)64>>, std::vector<double, autopas::AlignedAllocator<double, (unsigned long)64>>, std::vector<double, autopas::AlignedAllocator<double, (unsigned long)64>>, std::vector<double, autopas::AlignedAllocator<double, (unsigned long)64>>, std::vector<double, autopas::AlignedAllocator<double, (unsigned long)64>>, std::vector<double, autopas::AlignedAllocator<double, (unsigned long)64>>, std::vector<double, autopas::AlignedAllocator<double, (unsigned long)64>>, std::vector<double, autopas::AlignedAllocator<double, (unsigned long)64>>, std::vector<double, autopas::AlignedAllocator<double, (unsigned long)64>>, std::vector<unsigned long, autopas::AlignedAllocator<unsigned long, (unsigned long)64>>, std::vector<autopas::OwnershipState, autopas::AlignedAllocator<autopas::OwnershipState, (unsigned long)64>>> const&&)#1}>",,0.0,,,,,,,0.0,0.0,0.0,0.0,0.0,0.0,0.879988,0,0.0,0,0.0,7.142857,,,0,0,0,0,,0.0,md-flexible,"autopas::utils::TupleUtils::for_each<std::tuple<std::vector<mdLib::MoleculeLJ*, autopas::AlignedAllocator<mdLib::MoleculeLJ*, (unsigned long)64>>, std::vector<unsigned long, autopas::AlignedAllocator<unsigned long, (unsigned long)64>>, std::vector<double, autopas::AlignedAllocator<double, (unsigned long)64>>, std::vector<double, autopas::AlignedAllocator<double, (unsigned long)64>>, std::vector<double, autopas::AlignedAllocator<double, (unsigned long)64>>, std::vector<double, autopas::AlignedAllocator<double, (unsigned long)64>>, std::vector<double, autopas::AlignedAllocator<double, (unsigned long)64>>, std::vector<double, autopas::AlignedAllocator<double, (unsigned long)64>>, std::vector<double, autopas::AlignedAllocator<double, (unsigned long)64>>, std::vector<double, autopas::AlignedAllocator<double, (unsigned long)64>>, std::vector<double, autopas::AlignedAllocator<double, (unsigned long)64>>, std::vector<double, autopas::AlignedAllocator<double, (unsigned long)64>>, std::vector<double, autopas::AlignedAllocator<double, (unsigned long)64>>, std::vector<double, autopas::AlignedAllocator<double, (unsigned long)64>>, std::vector<unsigned long, autopas::AlignedAllocator<unsigned long, (unsigned long)64>>, std::vector<autopas::OwnershipState, autopas::AlignedAllocator<autopas::OwnershipState, (unsigned long)64>>> const&, autopas::SoA<std::tuple<std::vector<mdLib::MoleculeLJ*, autopas::AlignedAllocator<mdLib::MoleculeLJ*, (unsigned long)64>>, std::vector<unsigned long, autopas::AlignedAllocator<unsigned long, (unsigned long)64>>, std::vector<double, autopas::AlignedAllocator<double, (unsigned long)64>>, std::vector<double, autopas::AlignedAllocator<double, (unsigned long)64>>, std::vector<double, autopas::AlignedAllocator<double, (unsigned long)64>>, std::vector<double, autopas::AlignedAllocator<double, (unsigned long)64>>, std::vector<double, autopas::AlignedAllocator<double, (unsigned long)64>>, std::vector<double, autopas::AlignedAllocator<double, (unsigned long)64>>, std::vector<double, autopas::AlignedAllocator<double, (unsigned long)64>>, std::vector<double, autopas::AlignedAllocator<double, (unsigned long)64>>, std::vector<double, autopas::AlignedAllocator<double, (unsigned long)64>>, std::vector<double, autopas::AlignedAllocator<double, (unsigned long)64>>, std::vector<double, autopas::AlignedAllocator<double, (unsigned long)64>>, std::vector<double, autopas::AlignedAllocator<double, (unsigned long)64>>, std::vector<unsigned long, autopas::AlignedAllocator<unsigned long, (unsigned long)64>>, std::vector<autopas::OwnershipState, autopas::AlignedAllocator<autopas::OwnershipState, (unsigned long)64>>>>::size(void) const::{lambda(std::tuple<std::vector<mdLib::MoleculeLJ*, autopas::AlignedAllocator<mdLib::MoleculeLJ*, (unsigned long)64>>, std::vector<unsigned long, autopas::AlignedAllocator<unsigned long, (unsigned long)64>>, std::vector<double, autopas::AlignedAllocator<double, (unsigned long)64>>, std::vector<double, autopas::AlignedAllocator<double, (unsigned long)64>>, std::vector<double, autopas::AlignedAllocator<double, (unsigned long)64>>, std::vector<double, autopas::AlignedAllocator<double, (unsigned long)64>>, std::vector<double, autopas::AlignedAllocator<double, (unsigned long)64>>, std::vector<double, autopas::AlignedAllocator<double, (unsigned long)64>>, std::vector<double, autopas::AlignedAllocator<double, (unsigned long)64>>, std::vector<double, autopas::AlignedAllocator<double, (unsigned long)64>>, std::vector<double, autopas::AlignedAllocator<double, (unsigned long)64>>, std::vector<double, autopas::AlignedAllocator<double, (unsigned long)64>>, std::vector<double, autopas::AlignedAllocator<double, (unsigned long)64>>, std::vector<double, autopas::AlignedAllocator<double, (unsigned long)64>>, std::vector<unsigned long, autopas::AlignedAllocator<unsigned long, (unsigned long)64>>, std::vector<autopas::OwnershipState, autopas::AlignedAllocator<autopas::OwnershipState, (unsigned long)64>>> const&&)#1}>(std::tuple<std::vector<mdLib::MoleculeLJ*, autopas::AlignedAllocator<mdLib::MoleculeLJ*, (unsigned long)64>>, std::vector<unsigned long, autopas::AlignedAllocator<unsigned long, (unsigned long)64>>, std::vector<double, autopas::AlignedAllocator<double, (unsigned long)64>>, std::vector<double, autopas::AlignedAllocator<double, (unsigned long)64>>, std::vector<double, autopas::AlignedAllocator<double, (unsigned long)64>>, std::vector<double, autopas::AlignedAllocator<double, (unsigned long)64>>, std::vector<double, autopas::AlignedAllocator<double, (unsigned long)64>>, std::vector<double, autopas::AlignedAllocator<double, (unsigned long)64>>, std::vector<double, autopas::AlignedAllocator<double, (unsigned long)64>>, std::vector<double, autopas::AlignedAllocator<double, (unsigned long)64>>, std::vector<double, autopas::AlignedAllocator<double, (unsigned long)64>>, std::vector<double, autopas::AlignedAllocator<double, (unsigned long)64>>, std::vector<double, autopas::AlignedAllocator<double, (unsigned long)64>>, std::vector<double, autopas::AlignedAllocator<double, (unsigned long)64>>, std::vector<unsigned long, autopas::AlignedAllocator<unsigned long, (unsigned long)64>>, std::vector<autopas::OwnershipState, autopas::AlignedAllocator<autopas::OwnershipState, (unsigned long)64>>> const&&&, autopas::SoA<std::tuple<std::vector<mdLib::MoleculeLJ*, autopas::AlignedAllocator<mdLib::MoleculeLJ*, (unsigned long)64>>, std::vector<unsigned long, autopas::AlignedAllocator<unsigned long, (unsigned long)64>>, std::vector<double, autopas::AlignedAllocator<double, (unsigned long)64>>, std::vector<double, autopas::AlignedAllocator<double, (unsigned long)64>>, std::vector<double, autopas::AlignedAllocator<double, (unsigned long)64>>, std::vector<double, autopas::AlignedAllocator<double, (unsigned long)64>>, std::vector<double, autopas::AlignedAllocator<double, (unsigned long)64>>, std::vector<double, autopas::AlignedAllocator<double, (unsigned long)64>>, std::vector<double, autopas::AlignedAllocator<double, (unsigned long)64>>, std::vector<double, autopas::AlignedAllocator<double, (unsigned long)64>>, std::vector<double, autopas::AlignedAllocator<double, (unsigned long)64>>, std::vector<double, autopas::AlignedAllocator<double, (unsigned long)64>>, std::vector<double, autopas::AlignedAllocator<double, (unsigned long)64>>, std::vector<double, autopas::AlignedAllocator<double, (unsigned long)64>>, std::vector<unsigned long, autopas::AlignedAllocator<unsigned long, (unsigned long)64>>, std::vector<autopas::OwnershipState, autopas::AlignedAllocator<autopas::OwnershipState, (unsigned long)64>>>>::size(void) const::{lambda(std::tuple<std::vector<mdLib::MoleculeLJ*, autopas::AlignedAllocator<mdLib::MoleculeLJ*, (unsigned long)64>>, std::vector<unsigned long, autopas::AlignedAllocator<unsigned long, (unsigned long)64>>, std::vector<double, autopas::AlignedAllocator<double, (unsigned long)64>>, std::vector<double, autopas::AlignedAllocator<double, (unsigned long)64>>, std::vector<double, autopas::AlignedAllocator<double, (unsigned long)64>>, std::vector<double, autopas::AlignedAllocator<double, (unsigned long)64>>, std::vector<double, autopas::AlignedAllocator<double, (unsigned long)64>>, std::vector<double, autopas::AlignedAllocator<double, (unsigned long)64>>, std::vector<double, autopas::AlignedAllocator<double, (unsigned long)64>>, std::vector<double, autopas::AlignedAllocator<double, (unsigned long)64>>, std::vector<double, autopas::AlignedAllocator<double, (unsigned long)64>>, std::vector<double, autopas::AlignedAllocator<double, (unsigned long)64>>, std::vector<double, autopas::AlignedAllocator<double, (unsigned long)64>>, std::vector<double, autopas::AlignedAllocator<double, (unsigned long)64>>, std::vector<unsigned long, autopas::AlignedAllocator<unsigned long, (unsigned long)64>>, std::vector<autopas::OwnershipState, autopas::AlignedAllocator<autopas::OwnershipState, (unsigned long)64>>> const&&)#1}&&)",TupleUtils.h,0x54b410
   "std::apply<autopas::utils::TupleUtils::for_each<std::tuple<std::vector<mdLib::MoleculeLJ*, autopas::AlignedAllocator<mdLib::MoleculeLJ*, (unsigned long)64>>, std::vector<unsigned long, autopas::AlignedAllocator<unsigned long, (unsigned long)64>>, std::vector<double, autopas::AlignedAllocator<double, (unsigned long)64>>, std::vector<double, autopas::AlignedAllocator<double, (unsigned long)64>>, std::vector<double, autopas::AlignedAllocator<double, (unsigned long)64>>, std::vector<double, autopas::AlignedAllocator<double, (unsigned long)64>>, std::vector<double, autopas::AlignedAllocator<double, (unsigned long)64>>, std::vector<double, autopas::AlignedAllocator<double, (unsigned long)64>>, std::vector<double, autopas::AlignedAllocator<double, (unsigned long)64>>, std::vector<double, autopas::AlignedAllocator<double, (unsigned long)64>>, std::vector<double, autopas::AlignedAllocator<double, (unsigned long)64>>, std::vector<double, autopas::AlignedAllocator<double, (unsigned long)64>>, std::vector<double, autopas::AlignedAllocator<double, (unsigned long)64>>, std::vector<double, autopas::AlignedAllocator<double, (unsigned long)64>>, std::vector<unsigned long, autopas::AlignedAllocator<unsigned long, (unsigned long)64>>, std::vector<autopas::OwnershipState, autopas::AlignedAllocator<autopas::OwnershipState, (unsigned long)64>>> const&, autopas::SoA<std::tuple<std::vector<mdLib::MoleculeLJ*, autopas::AlignedAllocator<mdLib::MoleculeLJ*, (unsigned long)64>>, std::vector<unsigned long, autopas::AlignedAllocator<unsigned long, (unsigned long)64>>, std::vector<double, autopas::AlignedAllocator<double, (unsigned long)64>>, std::vector<double, autopas::AlignedAllocator<double, (unsigned long)64>>, std::vector<double, autopas::AlignedAllocator<double, (unsigned long)64>>, std::vector<double, autopas::AlignedAllocator<double, (unsigned long)64>>, std::vector<double, autopas::AlignedAllocator<double, (unsigned long)64>>, std::vector<double, autopas::AlignedAllocator<double, (unsigned long)64>>, std::vector<double, autopas::AlignedAllocator<double, (unsigned long)64>>, std::vector<double, autopas::AlignedAllocator<double, (unsigned long)64>>, std::vector<double, autopas::AlignedAllocator<double, (unsigned long)64>>, std::vector<double, autopas::AlignedAllocator<double, (unsigned long)64>>, std::vector<double, autopas::AlignedAllocator<double, (unsigned long)64>>, std::vector<double, autopas::AlignedAllocator<double, (unsigned long)64>>, std::vector<unsigned long, autopas::AlignedAllocator<unsigned long, (unsigned long)64>>, std::vector<autopas::OwnershipState, autopas::AlignedAllocator<autopas::OwnershipState, (unsigned long)64>>>>::size(void) const::{lambda(std::tuple<std::vector<mdLib::MoleculeLJ*, autopas::AlignedAllocator<mdLib::MoleculeLJ*, (unsigned long)64>>, std::vector<unsigned long, autopas::AlignedAllocator<unsigned long, (unsigned long)64>>, std::vector<double, autopas::AlignedAllocator<double, (unsigned long)64>>, std::vector<double, autopas::AlignedAllocator<double, (unsigned long)64>>, std::vector<double, autopas::AlignedAllocator<double, (unsigned long)64>>, std::vector<double, autopas::AlignedAllocator<double, (unsigned long)64>>, std::vector<double, autopas::AlignedAllocator<double, (unsigned long)64>>, std::vector<double, autopas::AlignedAllocator<double, (unsigned long)64>>, std::vector<double, autopas::AlignedAllocator<double, (unsigned long)64>>, std::vector<double, autopas::AlignedAllocator<double, (unsigned long)64>>, std::vector<double, autopas::AlignedAllocator<double, (unsigned long)64>>, std::vector<double, autopas::AlignedAllocator<double, (unsigned long)64>>, std::vector<double, autopas::AlignedAllocator<double, (unsigned long)64>>, std::vector<double, autopas::AlignedAllocator<double, (unsigned long)64>>, std::vector<unsigned long, autopas::AlignedAllocator<unsigned long, (unsigned long)64>>, std::vector<autopas::OwnershipState, autopas::AlignedAllocator<autopas::OwnershipState, (unsigned long)64>>> const&&)#1}>(void, std::tuple<std::vector<mdLib::MoleculeLJ*, autopas::AlignedAllocator<mdLib::MoleculeLJ*, (unsigned long)64>>, std::vector<unsigned long, autopas::AlignedAllocator<unsigned long, (unsigned long)64>>, std::vector<double, autopas::AlignedAllocator<double, (unsigned long)64>>, std::vector<double, autopas::AlignedAllocator<double, (unsigned long)64>>, std::vector<double, autopas::AlignedAllocator<double, (unsigned long)64>>, std::vector<double, autopas::AlignedAllocator<double, (unsigned long)64>>, std::vector<double, autopas::AlignedAllocator<double, (unsigned long)64>>, std::vector<double, autopas::AlignedAllocator<double, (unsigned long)64>>, std::vector<double, autopas::AlignedAllocator<double, (unsigned long)64>>, std::vector<double, autopas::AlignedAllocator<double, (unsigned long)64>>, std::vector<double, autopas::AlignedAllocator<double, (unsigned long)64>>, std::vector<double, autopas::AlignedAllocator<double, (unsigned long)64>>, std::vector<double, autopas::AlignedAllocator<double, (unsigned long)64>>, std::vector<double, autopas::AlignedAllocator<double, (unsigned long)64>>, std::vector<unsigned long, autopas::AlignedAllocator<unsigned long, (unsigned long)64>>, std::vector<autopas::OwnershipState, autopas::AlignedAllocator<autopas::OwnershipState, (unsigned long)64>>> const&&&, autopas::SoA<std::tuple<std::vector<mdLib::MoleculeLJ*, autopas::AlignedAllocator<mdLib::MoleculeLJ*, (unsigned long)64>>, std::vector<unsigned long, autopas::AlignedAllocator<unsigned long, (unsigned long)64>>, std::vector<double, autopas::AlignedAllocator<double, (unsigned long)64>>, std::vector<double, autopas::AlignedAllocator<double, (unsigned long)64>>, std::vector<double, autopas::AlignedAllocator<double, (unsigned long)64>>, std::vector<double, autopas::AlignedAllocator<double, (unsigned long)64>>, std::vector<double, autopas::AlignedAllocator<double, (unsigned long)64>>, std::vector<double, autopas::AlignedAllocator<double, (unsigned long)64>>, std::vector<double, autopas::AlignedAllocator<double, (unsigned long)64>>, std::vector<double, autopas::AlignedAllocator<double, (unsigned long)64>>, std::vector<double, autopas::AlignedAllocator<double, (unsigned long)64>>, std::vector<double, autopas::AlignedAllocator<double, (unsigned long)64>>, std::vector<double, autopas::AlignedAllocator<double, (unsigned long)64>>, std::vector<double, autopas::AlignedAllocator<double, (unsigned long)64>>, std::vector<unsigned long, autopas::AlignedAllocator<unsigned long, (unsigned long)64>>, std::vector<autopas::OwnershipState, autopas::AlignedAllocator<autopas::OwnershipState, (unsigned long)64>>>>::size(void) const::{lambda(std::tuple<std::vector<mdLib::MoleculeLJ*, autopas::AlignedAllocator<mdLib::MoleculeLJ*, (unsigned long)64>>, std::vector<unsigned long, autopas::AlignedAllocator<unsigned long, (unsigned long)64>>, std::vector<double, autopas::AlignedAllocator<double, (unsigned long)64>>, std::vector<double, autopas::AlignedAllocator<double, (unsigned long)64>>, std::vector<double, autopas::AlignedAllocator<double, (unsigned long)64>>, std::vector<double, autopas::AlignedAllocator<double, (unsigned long)64>>, std::vector<double, autopas::AlignedAllocator<double, (unsigned long)64>>, std::vector<double, autopas::AlignedAllocator<double, (unsigned long)64>>, std::vector<double, autopas::AlignedAllocator<double, (unsigned long)64>>, std::vector<double, autopas::AlignedAllocator<double, (unsigned long)64>>, std::vector<double, autopas::AlignedAllocator<double, (unsigned long)64>>, std::vector<double, autopas::AlignedAllocator<double, (unsigned long)64>>, std::vector<double, autopas::AlignedAllocator<double, (unsigned long)64>>, std::vector<double, autopas::AlignedAllocator<double, (unsigned long)64>>, std::vector<unsigned long, autopas::AlignedAllocator<unsigned long, (unsigned long)64>>, std::vector<autopas::OwnershipState, autopas::AlignedAllocator<autopas::OwnershipState, (unsigned long)64>>> const&&)#1}&&)::{lambda(std::tuple<std::vector<mdLib::MoleculeLJ*, autopas::AlignedAllocator<mdLib::MoleculeLJ*, (unsigned long)64>>, std::vector<unsigned long, autopas::AlignedAllocator<unsigned long, (unsigned long)64>>, std::vector<double, autopas::AlignedAllocator<double, (unsigned long)64>>, std::vector<double, autopas::AlignedAllocator<double, (unsigned long)64>>, std::vector<double, autopas::AlignedAllocator<double, (unsigned long)64>>, std::vector<double, autopas::AlignedAllocator<double, (unsigned long)64>>, std::vector<double, autopas::AlignedAllocator<double, (unsigned long)64>>, std::vector<double, autopas::AlignedAllocator<double, (unsigned long)64>>, std::vector<double, autopas::AlignedAllocator<double, (unsigned long)64>>, std::vector<double, autopas::AlignedAllocator<double, (unsigned long)64>>, std::vector<double, autopas::AlignedAllocator<double, (unsigned long)64>>, std::vector<double, autopas::AlignedAllocator<double, (unsigned long)64>>, std::vector<double, autopas::AlignedAllocator<double, (unsigned long)64>>, std::vector<double, autopas::AlignedAllocator<double, (unsigned long)64>>, std::vector<unsigned long, autopas::AlignedAllocator<unsigned long, (unsigned long)64>>, std::vector<autopas::OwnershipState, autopas::AlignedAllocator<autopas::OwnershipState, (unsigned long)64>>> const&&)#1}, std::tuple<std::vector<mdLib::MoleculeLJ*, autopas::AlignedAllocator<mdLib::MoleculeLJ*, (unsigned long)64>>, std::vector<unsigned long, autopas::AlignedAllocator<unsigned long, (unsigned long)64>>, std::vector<double, autopas::AlignedAllocator<double, (unsigned long)64>>, std::vector<double, autopas::AlignedAllocator<double, (unsigned long)64>>, std::vector<double, autopas::AlignedAllocator<double, (unsigned long)64>>, std::vector<double, autopas::AlignedAllocator<double, (unsigned long)64>>, std::vector<double, autopas::AlignedAllocator<double, (unsigned long)64>>, std::vector<double, autopas::AlignedAllocator<double, (unsigned long)64>>, std::vector<double, autopas::AlignedAllocator<double, (unsigned long)64>>, std::vector<double, autopas::AlignedAllocator<double, (unsigned long)64>>, std::vector<double, autopas::AlignedAllocator<double, (unsigned long)64>>, std::vector<double, autopas::AlignedAllocator<double, (unsigned long)64>>, std::vector<double, autopas::AlignedAllocator<double, (unsigned long)64>>, std::vector<double, autopas::AlignedAllocator<double, (unsigned long)64>>, std::vector<unsigned long, autopas::AlignedAllocator<unsigned long, (unsigned long)64>>, std::vector<autopas::OwnershipState, autopas::AlignedAllocator<autopas::OwnershipState, (unsigned long)64>>> const&>",,0.0,,,,,,,0.0,0.0,0.0,0.0,0.0,0.0,0.879988,0,0.0,0,0.0,7.142857,,,0,0,0,0,,0.0,md-flexible,"std::apply<autopas::utils::TupleUtils::for_each<std::tuple<std::vector<mdLib::MoleculeLJ*, autopas::AlignedAllocator<mdLib::MoleculeLJ*, (unsigned long)64>>, std::vector<unsigned long, autopas::AlignedAllocator<unsigned long, (unsigned long)64>>, std::vector<double, autopas::AlignedAllocator<double, (unsigned long)64>>, std::vector<double, autopas::AlignedAllocator<double, (unsigned long)64>>, std::vector<double, autopas::AlignedAllocator<double, (unsigned long)64>>, std::vector<double, autopas::AlignedAllocator<double, (unsigned long)64>>, std::vector<double, autopas::AlignedAllocator<double, (unsigned long)64>>, std::vector<double, autopas::AlignedAllocator<double, (unsigned long)64>>, std::vector<double, autopas::AlignedAllocator<double, (unsigned long)64>>, std::vector<double, autopas::AlignedAllocator<double, (unsigned long)64>>, std::vector<double, autopas::AlignedAllocator<double, (unsigned long)64>>, std::vector<double, autopas::AlignedAllocator<double, (unsigned long)64>>, std::vector<double, autopas::AlignedAllocator<double, (unsigned long)64>>, std::vector<double, autopas::AlignedAllocator<double, (unsigned long)64>>, std::vector<unsigned long, autopas::AlignedAllocator<unsigned long, (unsigned long)64>>, std::vector<autopas::OwnershipState, autopas::AlignedAllocator<autopas::OwnershipState, (unsigned long)64>>> const&, autopas::SoA<std::tuple<std::vector<mdLib::MoleculeLJ*, autopas::AlignedAllocator<mdLib::MoleculeLJ*, (unsigned long)64>>, std::vector<unsigned long, autopas::AlignedAllocator<unsigned long, (unsigned long)64>>, std::vector<double, autopas::AlignedAllocator<double, (unsigned long)64>>, std::vector<double, autopas::AlignedAllocator<double, (unsigned long)64>>, std::vector<double, autopas::AlignedAllocator<double, (unsigned long)64>>, std::vector<double, autopas::AlignedAllocator<double, (unsigned long)64>>, std::vector<double, autopas::AlignedAllocator<double, (unsigned long)64>>, std::vector<double, autopas::AlignedAllocator<double, (unsigned long)64>>, std::vector<double, autopas::AlignedAllocator<double, (unsigned long)64>>, std::vector<double, autopas::AlignedAllocator<double, (unsigned long)64>>, std::vector<double, autopas::AlignedAllocator<double, (unsigned long)64>>, std::vector<double, autopas::AlignedAllocator<double, (unsigned long)64>>, std::vector<double, autopas::AlignedAllocator<double, (unsigned long)64>>, std::vector<double, autopas::AlignedAllocator<double, (unsigned long)64>>, std::vector<unsigned long, autopas::AlignedAllocator<unsigned long, (unsigned long)64>>, std::vector<autopas::OwnershipState, autopas::AlignedAllocator<autopas::OwnershipState, (unsigned long)64>>>>::size(void) const::{lambda(std::tuple<std::vector<mdLib::MoleculeLJ*, autopas::AlignedAllocator<mdLib::MoleculeLJ*, (unsigned long)64>>, std::vector<unsigned long, autopas::AlignedAllocator<unsigned long, (unsigned long)64>>, std::vector<double, autopas::AlignedAllocator<double, (unsigned long)64>>, std::vector<double, autopas::AlignedAllocator<double, (unsigned long)64>>, std::vector<double, autopas::AlignedAllocator<double, (unsigned long)64>>, std::vector<double, autopas::AlignedAllocator<double, (unsigned long)64>>, std::vector<double, autopas::AlignedAllocator<double, (unsigned long)64>>, std::vector<double, autopas::AlignedAllocator<double, (unsigned long)64>>, std::vector<double, autopas::AlignedAllocator<double, (unsigned long)64>>, std::vector<double, autopas::AlignedAllocator<double, (unsigned long)64>>, std::vector<double, autopas::AlignedAllocator<double, (unsigned long)64>>, std::vector<double, autopas::AlignedAllocator<double, (unsigned long)64>>, std::vector<double, autopas::AlignedAllocator<double, (unsigned long)64>>, std::vector<double, autopas::AlignedAllocator<double, (unsigned long)64>>, std::vector<unsigned long, autopas::AlignedAllocator<unsigned long, (unsigned long)64>>, std::vector<autopas::OwnershipState, autopas::AlignedAllocator<autopas::OwnershipState, (unsigned long)64>>> const&&)#1}>(void, std::tuple<std::vector<mdLib::MoleculeLJ*, autopas::AlignedAllocator<mdLib::MoleculeLJ*, (unsigned long)64>>, std::vector<unsigned long, autopas::AlignedAllocator<unsigned long, (unsigned long)64>>, std::vector<double, autopas::AlignedAllocator<double, (unsigned long)64>>, std::vector<double, autopas::AlignedAllocator<double, (unsigned long)64>>, std::vector<double, autopas::AlignedAllocator<double, (unsigned long)64>>, std::vector<double, autopas::AlignedAllocator<double, (unsigned long)64>>, std::vector<double, autopas::AlignedAllocator<double, (unsigned long)64>>, std::vector<double, autopas::AlignedAllocator<double, (unsigned long)64>>, std::vector<double, autopas::AlignedAllocator<double, (unsigned long)64>>, std::vector<double, autopas::AlignedAllocator<double, (unsigned long)64>>, std::vector<double, autopas::AlignedAllocator<double, (unsigned long)64>>, std::vector<double, autopas::AlignedAllocator<double, (unsigned long)64>>, std::vector<double, autopas::AlignedAllocator<double, (unsigned long)64>>, std::vector<double, autopas::AlignedAllocator<double, (unsigned long)64>>, std::vector<unsigned long, autopas::AlignedAllocator<unsigned long, (unsigned long)64>>, std::vector<autopas::OwnershipState, autopas::AlignedAllocator<autopas::OwnershipState, (unsigned long)64>>> const&&&, autopas::SoA<std::tuple<std::vector<mdLib::MoleculeLJ*, autopas::AlignedAllocator<mdLib::MoleculeLJ*, (unsigned long)64>>, std::vector<unsigned long, autopas::AlignedAllocator<unsigned long, (unsigned long)64>>, std::vector<double, autopas::AlignedAllocator<double, (unsigned long)64>>, std::vector<double, autopas::AlignedAllocator<double, (unsigned long)64>>, std::vector<double, autopas::AlignedAllocator<double, (unsigned long)64>>, std::vector<double, autopas::AlignedAllocator<double, (unsigned long)64>>, std::vector<double, autopas::AlignedAllocator<double, (unsigned long)64>>, std::vector<double, autopas::AlignedAllocator<double, (unsigned long)64>>, std::vector<double, autopas::AlignedAllocator<double, (unsigned long)64>>, std::vector<double, autopas::AlignedAllocator<double, (unsigned long)64>>, std::vector<double, autopas::AlignedAllocator<double, (unsigned long)64>>, std::vector<double, autopas::AlignedAllocator<double, (unsigned long)64>>, std::vector<double, autopas::AlignedAllocator<double, (unsigned long)64>>, std::vector<double, autopas::AlignedAllocator<double, (unsigned long)64>>, std::vector<unsigned long, autopas::AlignedAllocator<unsigned long, (unsigned long)64>>, std::vector<autopas::OwnershipState, autopas::AlignedAllocator<autopas::OwnershipState, (unsigned long)64>>>>::size(void) const::{lambda(std::tuple<std::vector<mdLib::MoleculeLJ*, autopas::AlignedAllocator<mdLib::MoleculeLJ*, (unsigned long)64>>, std::vector<unsigned long, autopas::AlignedAllocator<unsigned long, (unsigned long)64>>, std::vector<double, autopas::AlignedAllocator<double, (unsigned long)64>>, std::vector<double, autopas::AlignedAllocator<double, (unsigned long)64>>, std::vector<double, autopas::AlignedAllocator<double, (unsigned long)64>>, std::vector<double, autopas::AlignedAllocator<double, (unsigned long)64>>, std::vector<double, autopas::AlignedAllocator<double, (unsigned long)64>>, std::vector<double, autopas::AlignedAllocator<double, (unsigned long)64>>, std::vector<double, autopas::AlignedAllocator<double, (unsigned long)64>>, std::vector<double, autopas::AlignedAllocator<double, (unsigned long)64>>, std::vector<double, autopas::AlignedAllocator<double, (unsigned long)64>>, std::vector<double, autopas::AlignedAllocator<double, (unsigned long)64>>, std::vector<double, autopas::AlignedAllocator<double, (unsigned long)64>>, std::vector<double, autopas::AlignedAllocator<double, (unsigned long)64>>, std::vector<unsigned long, autopas::AlignedAllocator<unsigned long, (unsigned long)64>>, std::vector<autopas::OwnershipState, autopas::AlignedAllocator<autopas::OwnershipState, (unsigned long)64>>> const&&)#1}&&)::{lambda(std::tuple<std::vector<mdLib::MoleculeLJ*, autopas::AlignedAllocator<mdLib::MoleculeLJ*, (unsigned long)64>>, std::vector<unsigned long, autopas::AlignedAllocator<unsigned long, (unsigned long)64>>, std::vector<double, autopas::AlignedAllocator<double, (unsigned long)64>>, std::vector<double, autopas::AlignedAllocator<double, (unsigned long)64>>, std::vector<double, autopas::AlignedAllocator<double, (unsigned long)64>>, std::vector<double, autopas::AlignedAllocator<double, (unsigned long)64>>, std::vector<double, autopas::AlignedAllocator<double, (unsigned long)64>>, std::vector<double, autopas::AlignedAllocator<double, (unsigned long)64>>, std::vector<double, autopas::AlignedAllocator<double, (unsigned long)64>>, std::vector<double, autopas::AlignedAllocator<double, (unsigned long)64>>, std::vector<double, autopas::AlignedAllocator<double, (unsigned long)64>>, std::vector<double, autopas::AlignedAllocator<double, (unsigned long)64>>, std::vector<double, autopas::AlignedAllocator<double, (unsigned long)64>>, std::vector<double, autopas::AlignedAllocator<double, (unsigned long)64>>, std::vector<unsigned long, autopas::AlignedAllocator<unsigned long, (unsigned long)64>>, std::vector<autopas::OwnershipState, autopas::AlignedAllocator<autopas::OwnershipState, (unsigned long)64>>> const&&)#1}, std::tuple<std::vector<mdLib::MoleculeLJ*, autopas::AlignedAllocator<mdLib::MoleculeLJ*, (unsigned long)64>>, std::vector<unsigned long, autopas::AlignedAllocator<unsigned long, (unsigned long)64>>, std::vector<double, autopas::AlignedAllocator<double, (unsigned long)64>>, std::vector<double, autopas::AlignedAllocator<double, (unsigned long)64>>, std::vector<double, autopas::AlignedAllocator<double, (unsigned long)64>>, std::vector<double, autopas::AlignedAllocator<double, (unsigned long)64>>, std::vector<double, autopas::AlignedAllocator<double, (unsigned long)64>>, std::vector<double, autopas::AlignedAllocator<double, (unsigned long)64>>, std::vector<double, autopas::AlignedAllocator<double, (unsigned long)64>>, std::vector<double, autopas::AlignedAllocator<double, (unsigned long)64>>, std::vector<double, autopas::AlignedAllocator<double, (unsigned long)64>>, std::vector<double, autopas::AlignedAllocator<double, (unsigned long)64>>, std::vector<double, autopas::AlignedAllocator<double, (unsigned long)64>>, std::vector<double, autopas::AlignedAllocator<double, (unsigned long)64>>, std::vector<unsigned long, autopas::AlignedAllocator<unsigned long, (unsigned long)64>>, std::vector<autopas::OwnershipState, autopas::AlignedAllocator<autopas::OwnershipState, (unsigned long)64>>> const&>(char, std::tuple<std::vector<mdLib::MoleculeLJ*, autopas::AlignedAllocator<mdLib::MoleculeLJ*, (unsigned long)64>>, std::vector<unsigned long, autopas::AlignedAllocator<unsigned long, (unsigned long)64>>, std::vector<double, autopas::AlignedAllocator<double, (unsigned long)64>>, std::vector<double, autopas::AlignedAllocator<double, (unsigned long)64>>, std::vector<double, autopas::AlignedAllocator<double, (unsigned long)64>>, std::vector<double, autopas::AlignedAllocator<double, (unsigned long)64>>, std::vector<double, autopas::AlignedAllocator<double, (unsigned long)64>>, std::vector<double, autopas::AlignedAllocator<double, (unsigned long)64>>, std::vector<double, autopas::AlignedAllocator<double, (unsigned long)64>>, std::vector<double, autopas::AlignedAllocator<double, (unsigned long)64>>, std::vector<double, autopas::AlignedAllocator<double, (unsigned long)64>>, std::vector<double, autopas::AlignedAllocator<double, (unsigned long)64>>, std::vector<double, autopas::AlignedAllocator<double, (unsigned long)64>>, std::vector<double, autopas::AlignedAllocator<double, (unsigned long)64>>, std::vector<unsigned long, autopas::AlignedAllocator<unsigned long, (unsigned long)64>>, std::vector<autopas::OwnershipState, autopas::AlignedAllocator<autopas::OwnershipState, (unsigned long)64>>> const&&&, autopas::SoA<std::tuple<std::vector<mdLib::MoleculeLJ*, autopas::AlignedAllocator<mdLib::MoleculeLJ*, (unsigned long)64>>, std::vector<unsigned long, autopas::AlignedAllocator<unsigned long, (unsigned long)64>>, std::vector<double, autopas::AlignedAllocator<double, (unsigned long)64>>, std::vector<double, autopas::AlignedAllocator<double, (unsigned long)64>>, std::vector<double, autopas::AlignedAllocator<double, (unsigned long)64>>, std::vector<double, autopas::AlignedAllocator<double, (unsigned long)64>>, std::vector<double, autopas::AlignedAllocator<double, (unsigned long)64>>, std::vector<double, autopas::AlignedAllocator<double, (unsigned long)64>>, std::vector<double, autopas::AlignedAllocator<double, (unsigned long)64>>, std::vector<double, autopas::AlignedAllocator<double, (unsigned long)64>>, std::vector<double, autopas::AlignedAllocator<double, (unsigned long)64>>, std::vector<double, autopas::AlignedAllocator<double, (unsigned long)64>>, std::vector<double, autopas::AlignedAllocator<double, (unsigned long)64>>, std::vector<double, autopas::AlignedAllocator<double, (unsigned long)64>>, std::vector<unsigned long, autopas::AlignedAllocator<unsigned long, (unsigned long)64>>, std::vector<autopas::OwnershipState, autopas::AlignedAllocator<autopas::OwnershipState, (unsigned long)64>>>>::size(void) const::{lambda(std::tuple<std::vector<mdLib::MoleculeLJ*, autopas::AlignedAllocator<mdLib::MoleculeLJ*, (unsigned long)64>>, std::vector<unsigned long, autopas::AlignedAllocator<unsigned long, (unsigned long)64>>, std::vector<double, autopas::AlignedAllocator<double, (unsigned long)64>>, std::vector<double, autopas::AlignedAllocator<double, (unsigned long)64>>, std::vector<double, autopas::AlignedAllocator<double, (unsigned long)64>>, std::vector<double, autopas::AlignedAllocator<double, (unsigned long)64>>, std::vector<double, autopas::AlignedAllocator<double, (unsigned long)64>>, std::vector<double, autopas::AlignedAllocator<double, (unsigned long)64>>, std::vector<double, autopas::AlignedAllocator<double, (unsigned long)64>>, std::vector<double, autopas::AlignedAllocator<double, (unsigned long)64>>, std::vector<double, autopas::AlignedAllocator<double, (unsigned long)64>>, std::vector<double, autopas::AlignedAllocator<double, (unsigned long)64>>, std::vector<double, autopas::AlignedAllocator<double, (unsigned long)64>>, std::vector<double, autopas::AlignedAllocator<double, (unsigned long)64>>, std::vector<unsigned long, autopas::AlignedAllocator<unsigned long, (unsigned long)64>>, std::vector<autopas::OwnershipState, autopas::AlignedAllocator<autopas::OwnershipState, (unsigned long)64>>> const&&)#1}&&)",tuple,0x54b410
    _ZSt12__apply_implIZN7autopas5utils10TupleUtils8for_eachIRKSt5tupleIJSt6vectorIPN5mdLib10MoleculeLJENS0_16AlignedAllocatorIS8_Lm64EEEES5_ImNS9_ImLm64EEEES5_IdNS9_IdLm64EEEESF_SF_SF_SF_SF_SF_SF_SF_SF_SF_SF_SD_S5_INS0_14OwnershipStateENS9_ISG_Lm64EEEEEEZNKS0_3SoAISJ_E4sizeEvEUlRT_E_EEvOSO_OT0_EUlDpRT_E_SL_JLm0ELm1ELm2ELm3ELm4ELm5ELm6ELm7ELm8ELm9ELm10ELm11ELm12ELm13ELm14ELm15EEEDcSR_ST_St16integer_sequenceImJXspT1_EEE,,0.0,,,,,,,0.0,0.0,0.0,0.0,0.0,0.0,0.879988,0,0.0,0,0.0,7.142857,,,0,0,0,0,,0.0,md-flexible,_ZSt12__apply_implIZN7autopas5utils10TupleUtils8for_eachIRKSt5tupleIJSt6vectorIPN5mdLib10MoleculeLJENS0_16AlignedAllocatorIS8_Lm64EEEES5_ImNS9_ImLm64EEEES5_IdNS9_IdLm64EEEESF_SF_SF_SF_SF_SF_SF_SF_SF_SF_SF_SD_S5_INS0_14OwnershipStateENS9_ISG_Lm64EEEEEEZNKS0_3SoAISJ_E4sizeEvEUlRT_E_EEvOSO_OT0_EUlDpRT_E_SL_JLm0ELm1ELm2ELm3ELm4ELm5ELm6ELm7ELm8ELm9ELm10ELm11ELm12ELm13ELm14ELm15EEEDcSR_ST_St16integer_sequenceImJXspT1_EEE,tuple,0x54b410
     "std::__invoke<autopas::utils::TupleUtils::for_each<std::tuple<std::vector<mdLib::MoleculeLJ*, autopas::AlignedAllocator<mdLib::MoleculeLJ*, (unsigned long)64>>, std::vector<unsigned long, autopas::AlignedAllocator<unsigned long, (unsigned long)64>>, std::vector<double, autopas::AlignedAllocator<double, (unsigned long)64>>, std::vector<double, autopas::AlignedAllocator<double, (unsigned long)64>>, std::vector<double, autopas::AlignedAllocator<double, (unsigned long)64>>, std::vector<double, autopas::AlignedAllocator<double, (unsigned long)64>>, std::vector<double, autopas::AlignedAllocator<double, (unsigned long)64>>, std::vector<double, autopas::AlignedAllocator<double, (unsigned long)64>>, std::vector<double, autopas::AlignedAllocator<double, (unsigned long)64>>, std::vector<double, autopas::AlignedAllocator<double, (unsigned long)64>>, std::vector<double, autopas::AlignedAllocator<double, (unsigned long)64>>, std::vector<double, autopas::AlignedAllocator<double, (unsigned long)64>>, std::vector<double, autopas::AlignedAllocator<double, (unsigned long)64>>, std::vector<double, autopas::AlignedAllocator<double, (unsigned long)64>>, std::vector<unsigned long, autopas::AlignedAllocator<unsigned long, (unsigned long)64>>, std::vector<autopas::OwnershipState, autopas::AlignedAllocator<autopas::OwnershipState, (unsigned long)64>>> const&, autopas::SoA<std::tuple<std::vector<mdLib::MoleculeLJ*, autopas::AlignedAllocator<mdLib::MoleculeLJ*, (unsigned long)64>>, std::vector<unsigned long, autopas::AlignedAllocator<unsigned long, (unsigned long)64>>, std::vector<double, autopas::AlignedAllocator<double, (unsigned long)64>>, std::vector<double, autopas::AlignedAllocator<double, (unsigned long)64>>, std::vector<double, autopas::AlignedAllocator<double, (unsigned long)64>>, std::vector<double, autopas::AlignedAllocator<double, (unsigned long)64>>, std::vector<double, autopas::AlignedAllocator<double, (unsigned long)64>>, std::vector<double, autopas::AlignedAllocator<double, (unsigned long)64>>, std::vector<double, autopas::AlignedAllocator<double, (unsigned long)64>>, std::vector<double, autopas::AlignedAllocator<double, (unsigned long)64>>, std::vector<double, autopas::AlignedAllocator<double, (unsigned long)64>>, std::vector<double, autopas::AlignedAllocator<double, (unsigned long)64>>, std::vector<double, autopas::AlignedAllocator<double, (unsigned long)64>>, std::vector<double, autopas::AlignedAllocator<double, (unsigned long)64>>, std::vector<unsigned long, autopas::AlignedAllocator<unsigned long, (unsigned long)64>>, std::vector<autopas::OwnershipState, autopas::AlignedAllocator<autopas::OwnershipState, (unsigned long)64>>>>::size(void) const::{lambda(std::tuple<std::vector<mdLib::MoleculeLJ*, autopas::AlignedAllocator<mdLib::MoleculeLJ*, (unsigned long)64>>, std::vector<unsigned long, autopas::AlignedAllocator<unsigned long, (unsigned long)64>>, std::vector<double, autopas::AlignedAllocator<double, (unsigned long)64>>, std::vector<double, autopas::AlignedAllocator<double, (unsigned long)64>>, std::vector<double, autopas::AlignedAllocator<double, (unsigned long)64>>, std::vector<double, autopas::AlignedAllocator<double, (unsigned long)64>>, std::vector<double, autopas::AlignedAllocator<double, (unsigned long)64>>, std::vector<double, autopas::AlignedAllocator<double, (unsigned long)64>>, std::vector<double, autopas::AlignedAllocator<double, (unsigned long)64>>, std::vector<double, autopas::AlignedAllocator<double, (unsigned long)64>>, std::vector<double, autopas::AlignedAllocator<double, (unsigned long)64>>, std::vector<double, autopas::AlignedAllocator<double, (unsigned long)64>>, std::vector<double, autopas::AlignedAllocator<double, (unsigned long)64>>, std::vector<double, autopas::AlignedAllocator<double, (unsigned long)64>>, std::vector<unsigned long, autopas::AlignedAllocator<unsigned long, (unsigned long)64>>, std::vector<autopas::OwnershipState, autopas::AlignedAllocator<autopas::OwnershipState, (unsigned long)64>>> const&&)#1}>(void, std::tuple<std::vector<mdLib::MoleculeLJ*, autopas::AlignedAllocator<mdLib::MoleculeLJ*, (unsigned long)64>>, std::vector<unsigned long, autopas::AlignedAllocator<unsigned long, (unsigned long)64>>, std::vector<double, autopas::AlignedAllocator<double, (unsigned long)64>>, std::vector<double, autopas::AlignedAllocator<double, (unsigned long)64>>, std::vector<double, autopas::AlignedAllocator<double, (unsigned long)64>>, std::vector<double, autopas::AlignedAllocator<double, (unsigned long)64>>, std::vector<double, autopas::AlignedAllocator<double, (unsigned long)64>>, std::vector<double, autopas::AlignedAllocator<double, (unsigned long)64>>, std::vector<double, autopas::AlignedAllocator<double, (unsigned long)64>>, std::vector<double, autopas::AlignedAllocator<double, (unsigned long)64>>, std::vector<double, autopas::AlignedAllocator<double, (unsigned long)64>>, std::vector<double, autopas::AlignedAllocator<double, (unsigned long)64>>, std::vector<double, autopas::AlignedAllocator<double, (unsigned long)64>>, std::vector<double, autopas::AlignedAllocator<double, (unsigned long)64>>, std::vector<unsigned long, autopas::AlignedAllocator<unsigned long, (unsigned long)64>>, std::vector<autopas::OwnershipState, autopas::AlignedAllocator<autopas::OwnershipState, (unsigned long)64>>> const&&&, autopas::SoA<std::tuple<std::vector<mdLib::MoleculeLJ*, autopas::AlignedAllocator<mdLib::MoleculeLJ*, (unsigned long)64>>, std::vector<unsigned long, autopas::AlignedAllocator<unsigned long, (unsigned long)64>>, std::vector<double, autopas::AlignedAllocator<double, (unsigned long)64>>, std::vector<double, autopas::AlignedAllocator<double, (unsigned long)64>>, std::vector<double, autopas::AlignedAllocator<double, (unsigned long)64>>, std::vector<double, autopas::AlignedAllocator<double, (unsigned long)64>>, std::vector<double, autopas::AlignedAllocator<double, (unsigned long)64>>, std::vector<double, autopas::AlignedAllocator<double, (unsigned long)64>>, std::vector<double, autopas::AlignedAllocator<double, (unsigned long)64>>, std::vector<double, autopas::AlignedAllocator<double, (unsigned long)64>>, std::vector<double, autopas::AlignedAllocator<double, (unsigned long)64>>, std::vector<double, autopas::AlignedAllocator<double, (unsigned long)64>>, std::vector<double, autopas::AlignedAllocator<double, (unsigned long)64>>, std::vector<double, autopas::AlignedAllocator<double, (unsigned long)64>>, std::vector<unsigned long, autopas::AlignedAllocator<unsigned long, (unsigned long)64>>, std::vector<autopas::OwnershipState, autopas::AlignedAllocator<autopas::OwnershipState, (unsigned long)64>>>>::size(void) const::{lambda(std::tuple<std::vector<mdLib::MoleculeLJ*, autopas::AlignedAllocator<mdLib::MoleculeLJ*, (unsigned long)64>>, std::vector<unsigned long, autopas::AlignedAllocator<unsigned long, (unsigned long)64>>, std::vector<double, autopas::AlignedAllocator<double, (unsigned long)64>>, std::vector<double, autopas::AlignedAllocator<double, (unsigned long)64>>, std::vector<double, autopas::AlignedAllocator<double, (unsigned long)64>>, std::vector<double, autopas::AlignedAllocator<double, (unsigned long)64>>, std::vector<double, autopas::AlignedAllocator<double, (unsigned long)64>>, std::vector<double, autopas::AlignedAllocator<double, (unsigned long)64>>, std::vector<double, autopas::AlignedAllocator<double, (unsigned long)64>>, std::vector<double, autopas::AlignedAllocator<double, (unsigned long)64>>, std::vector<double, autopas::AlignedAllocator<double, (unsigned long)64>>, std::vector<double, autopas::AlignedAllocator<double, (unsigned long)64>>, std::vector<double, autopas::AlignedAllocator<double, (unsigned long)64>>, std::vector<double, autopas::AlignedAllocator<double, (unsigned long)64>>, std::vector<unsigned long, autopas::AlignedAllocator<unsigned long, (unsigned long)64>>, std::vector<autopas::OwnershipState, autopas::AlignedAllocator<autopas::OwnershipState, (unsigned long)64>>> const&&)#1}&&)::{lambda(std::tuple<std::vector<mdLib::MoleculeLJ*, autopas::AlignedAllocator<mdLib::MoleculeLJ*, (unsigned long)64>>, std::vector<unsigned long, autopas::AlignedAllocator<unsigned long, (unsigned long)64>>, std::vector<double, autopas::AlignedAllocator<double, (unsigned long)64>>, std::vector<double, autopas::AlignedAllocator<double, (unsigned long)64>>, std::vector<double, autopas::AlignedAllocator<double, (unsigned long)64>>, std::vector<double, autopas::AlignedAllocator<double, (unsigned long)64>>, std::vector<double, autopas::AlignedAllocator<double, (unsigned long)64>>, std::vector<double, autopas::AlignedAllocator<double, (unsigned long)64>>, std::vector<double, autopas::AlignedAllocator<double, (unsigned long)64>>, std::vector<double, autopas::AlignedAllocator<double, (unsigned long)64>>, std::vector<double, autopas::AlignedAllocator<double, (unsigned long)64>>, std::vector<double, autopas::AlignedAllocator<double, (unsigned long)64>>, std::vector<double, autopas::AlignedAllocator<double, (unsigned long)64>>, std::vector<double, autopas::AlignedAllocator<double, (unsigned long)64>>, std::vector<unsigned long, autopas::AlignedAllocator<unsigned long, (unsigned long)64>>, std::vector<autopas::OwnershipState, autopas::AlignedAllocator<autopas::OwnershipState, (unsigned long)64>>> const&&)#1}, std::vector<mdLib::MoleculeLJ*, autopas::AlignedAllocator<mdLib::MoleculeLJ*, (unsigned long)64>> const&, std::vector<unsigned long, autopas::AlignedAllocator<unsigned long, (unsigned long)64>> const&, std::vector<double, autopas::AlignedAllocator<double, (unsigned long)64>> const&, std::vector<double, autopas::AlignedAllocator<double, (unsigned long)64>> const&, std::vector<double, autopas::AlignedAllocator<double, (unsigned long)64>> const&, std::vector<double, autopas::AlignedAllocator<double, (unsigned long)64>> const&, std::vector<double, autopas::AlignedAllocator<double, (unsigned long)64>> const&, std::vector<double, autopas::AlignedAllocator<double, (unsigned long)64>> const&, std::vector<double, autopas::AlignedAllocator<double, (unsigned long)64>> const&, std::vector<double, autopas::AlignedAllocator<double, (unsigned long)64>> const&, std::vector<double, autopas::AlignedAllocator<double, (unsigned long)64>> const&, std::vector<double, autopas::AlignedAllocator<double, (unsigned long)64>> const&, std::vector<double, autopas::AlignedAllocator<double, (unsigned long)64>> const&, std::vector<double, autopas::AlignedAllocator<double, (unsigned long)64>> const&, std::vector<unsigned long, autopas::AlignedAllocator<unsigned long, (unsigned long)64>> const&, std::vector<autopas::OwnershipState, autopas::AlignedAllocator<autopas::OwnershipState, (unsigned long)64>> const&>",,0.0,,,,,,,,0.0,,,,0.0,0.879988,18342292,0.0,0,0.0,7.142857,,,0,0,0,0,,7.000000,md-flexible,"std::__invoke<autopas::utils::TupleUtils::for_each<std::tuple<std::vector<mdLib::MoleculeLJ*, autopas::AlignedAllocator<mdLib::MoleculeLJ*, (unsigned long)64>>, std::vector<unsigned long, autopas::AlignedAllocator<unsigned long, (unsigned long)64>>, std::vector<double, autopas::AlignedAllocator<double, (unsigned long)64>>, std::vector<double, autopas::AlignedAllocator<double, (unsigned long)64>>, std::vector<double, autopas::AlignedAllocator<double, (unsigned long)64>>, std::vector<double, autopas::AlignedAllocator<double, (unsigned long)64>>, std::vector<double, autopas::AlignedAllocator<double, (unsigned long)64>>, std::vector<double, autopas::AlignedAllocator<double, (unsigned long)64>>, std::vector<double, autopas::AlignedAllocator<double, (unsigned long)64>>, std::vector<double, autopas::AlignedAllocator<double, (unsigned long)64>>, std::vector<double, autopas::AlignedAllocator<double, (unsigned long)64>>, std::vector<double, autopas::AlignedAllocator<double, (unsigned long)64>>, std::vector<double, autopas::AlignedAllocator<double, (unsigned long)64>>, std::vector<double, autopas::AlignedAllocator<double, (unsigned long)64>>, std::vector<unsigned long, autopas::AlignedAllocator<unsigned long, (unsigned long)64>>, std::vector<autopas::OwnershipState, autopas::AlignedAllocator<autopas::OwnershipState, (unsigned long)64>>> const&, autopas::SoA<std::tuple<std::vector<mdLib::MoleculeLJ*, autopas::AlignedAllocator<mdLib::MoleculeLJ*, (unsigned long)64>>, std::vector<unsigned long, autopas::AlignedAllocator<unsigned long, (unsigned long)64>>, std::vector<double, autopas::AlignedAllocator<double, (unsigned long)64>>, std::vector<double, autopas::AlignedAllocator<double, (unsigned long)64>>, std::vector<double, autopas::AlignedAllocator<double, (unsigned long)64>>, std::vector<double, autopas::AlignedAllocator<double, (unsigned long)64>>, std::vector<double, autopas::AlignedAllocator<double, (unsigned long)64>>, std::vector<double, autopas::AlignedAllocator<double, (unsigned long)64>>, std::vector<double, autopas::AlignedAllocator<double, (unsigned long)64>>, std::vector<double, autopas::AlignedAllocator<double, (unsigned long)64>>, std::vector<double, autopas::AlignedAllocator<double, (unsigned long)64>>, std::vector<double, autopas::AlignedAllocator<double, (unsigned long)64>>, std::vector<double, autopas::AlignedAllocator<double, (unsigned long)64>>, std::vector<double, autopas::AlignedAllocator<double, (unsigned long)64>>, std::vector<unsigned long, autopas::AlignedAllocator<unsigned long, (unsigned long)64>>, std::vector<autopas::OwnershipState, autopas::AlignedAllocator<autopas::OwnershipState, (unsigned long)64>>>>::size(void) const::{lambda(std::tuple<std::vector<mdLib::MoleculeLJ*, autopas::AlignedAllocator<mdLib::MoleculeLJ*, (unsigned long)64>>, std::vector<unsigned long, autopas::AlignedAllocator<unsigned long, (unsigned long)64>>, std::vector<double, autopas::AlignedAllocator<double, (unsigned long)64>>, std::vector<double, autopas::AlignedAllocator<double, (unsigned long)64>>, std::vector<double, autopas::AlignedAllocator<double, (unsigned long)64>>, std::vector<double, autopas::AlignedAllocator<double, (unsigned long)64>>, std::vector<double, autopas::AlignedAllocator<double, (unsigned long)64>>, std::vector<double, autopas::AlignedAllocator<double, (unsigned long)64>>, std::vector<double, autopas::AlignedAllocator<double, (unsigned long)64>>, std::vector<double, autopas::AlignedAllocator<double, (unsigned long)64>>, std::vector<double, autopas::AlignedAllocator<double, (unsigned long)64>>, std::vector<double, autopas::AlignedAllocator<double, (unsigned long)64>>, std::vector<double, autopas::AlignedAllocator<double, (unsigned long)64>>, std::vector<double, autopas::AlignedAllocator<double, (unsigned long)64>>, std::vector<unsigned long, autopas::AlignedAllocator<unsigned long, (unsigned long)64>>, std::vector<autopas::OwnershipState, autopas::AlignedAllocator<autopas::OwnershipState, (unsigned long)64>>> const&&)#1}>(void, std::tuple<std::vector<mdLib::MoleculeLJ*, autopas::AlignedAllocator<mdLib::MoleculeLJ*, (unsigned long)64>>, std::vector<unsigned long, autopas::AlignedAllocator<unsigned long, (unsigned long)64>>, std::vector<double, autopas::AlignedAllocator<double, (unsigned long)64>>, std::vector<double, autopas::AlignedAllocator<double, (unsigned long)64>>, std::vector<double, autopas::AlignedAllocator<double, (unsigned long)64>>, std::vector<double, autopas::AlignedAllocator<double, (unsigned long)64>>, std::vector<double, autopas::AlignedAllocator<double, (unsigned long)64>>, std::vector<double, autopas::AlignedAllocator<double, (unsigned long)64>>, std::vector<double, autopas::AlignedAllocator<double, (unsigned long)64>>, std::vector<double, autopas::AlignedAllocator<double, (unsigned long)64>>, std::vector<double, autopas::AlignedAllocator<double, (unsigned long)64>>, std::vector<double, autopas::AlignedAllocator<double, (unsigned long)64>>, std::vector<double, autopas::AlignedAllocator<double, (unsigned long)64>>, std::vector<double, autopas::AlignedAllocator<double, (unsigned long)64>>, std::vector<unsigned long, autopas::AlignedAllocator<unsigned long, (unsigned long)64>>, std::vector<autopas::OwnershipState, autopas::AlignedAllocator<autopas::OwnershipState, (unsigned long)64>>> const&&&, autopas::SoA<std::tuple<std::vector<mdLib::MoleculeLJ*, autopas::AlignedAllocator<mdLib::MoleculeLJ*, (unsigned long)64>>, std::vector<unsigned long, autopas::AlignedAllocator<unsigned long, (unsigned long)64>>, std::vector<double, autopas::AlignedAllocator<double, (unsigned long)64>>, std::vector<double, autopas::AlignedAllocator<double, (unsigned long)64>>, std::vector<double, autopas::AlignedAllocator<double, (unsigned long)64>>, std::vector<double, autopas::AlignedAllocator<double, (unsigned long)64>>, std::vector<double, autopas::AlignedAllocator<double, (unsigned long)64>>, std::vector<double, autopas::AlignedAllocator<double, (unsigned long)64>>, std::vector<double, autopas::AlignedAllocator<double, (unsigned long)64>>, std::vector<double, autopas::AlignedAllocator<double, (unsigned long)64>>, std::vector<double, autopas::AlignedAllocator<double, (unsigned long)64>>, std::vector<double, autopas::AlignedAllocator<double, (unsigned long)64>>, std::vector<double, autopas::AlignedAllocator<double, (unsigned long)64>>, std::vector<double, autopas::AlignedAllocator<double, (unsigned long)64>>, std::vector<unsigned long, autopas::AlignedAllocator<unsigned long, (unsigned long)64>>, std::vector<autopas::OwnershipState, autopas::AlignedAllocator<autopas::OwnershipState, (unsigned long)64>>>>::size(void) const::{lambda(std::tuple<std::vector<mdLib::MoleculeLJ*, autopas::AlignedAllocator<mdLib::MoleculeLJ*, (unsigned long)64>>, std::vector<unsigned long, autopas::AlignedAllocator<unsigned long, (unsigned long)64>>, std::vector<double, autopas::AlignedAllocator<double, (unsigned long)64>>, std::vector<double, autopas::AlignedAllocator<double, (unsigned long)64>>, std::vector<double, autopas::AlignedAllocator<double, (unsigned long)64>>, std::vector<double, autopas::AlignedAllocator<double, (unsigned long)64>>, std::vector<double, autopas::AlignedAllocator<double, (unsigned long)64>>, std::vector<double, autopas::AlignedAllocator<double, (unsigned long)64>>, std::vector<double, autopas::AlignedAllocator<double, (unsigned long)64>>, std::vector<double, autopas::AlignedAllocator<double, (unsigned long)64>>, std::vector<double, autopas::AlignedAllocator<double, (unsigned long)64>>, std::vector<double, autopas::AlignedAllocator<double, (unsigned long)64>>, std::vector<double, autopas::AlignedAllocator<double, (unsigned long)64>>, std::vector<double, autopas::AlignedAllocator<double, (unsigned long)64>>, std::vector<unsigned long, autopas::AlignedAllocator<unsigned long, (unsigned long)64>>, std::vector<autopas::OwnershipState, autopas::AlignedAllocator<autopas::OwnershipState, (unsigned long)64>>> const&&)#1}&&)::{lambda(std::tuple<std::vector<mdLib::MoleculeLJ*, autopas::AlignedAllocator<mdLib::MoleculeLJ*, (unsigned long)64>>, std::vector<unsigned long, autopas::AlignedAllocator<unsigned long, (unsigned long)64>>, std::vector<double, autopas::AlignedAllocator<double, (unsigned long)64>>, std::vector<double, autopas::AlignedAllocator<double, (unsigned long)64>>, std::vector<double, autopas::AlignedAllocator<double, (unsigned long)64>>, std::vector<double, autopas::AlignedAllocator<double, (unsigned long)64>>, std::vector<double, autopas::AlignedAllocator<double, (unsigned long)64>>, std::vector<double, autopas::AlignedAllocator<double, (unsigned long)64>>, std::vector<double, autopas::AlignedAllocator<double, (unsigned long)64>>, std::vector<double, autopas::AlignedAllocator<double, (unsigned long)64>>, std::vector<double, autopas::AlignedAllocator<double, (unsigned long)64>>, std::vector<double, autopas::AlignedAllocator<double, (unsigned long)64>>, std::vector<double, autopas::AlignedAllocator<double, (unsigned long)64>>, std::vector<double, autopas::AlignedAllocator<double, (unsigned long)64>>, std::vector<unsigned long, autopas::AlignedAllocator<unsigned long, (unsigned long)64>>, std::vector<autopas::OwnershipState, autopas::AlignedAllocator<autopas::OwnershipState, (unsigned long)64>>> const&&)#1}, std::vector<mdLib::MoleculeLJ*, autopas::AlignedAllocator<mdLib::MoleculeLJ*, (unsigned long)64>> const&, std::vector<unsigned long, autopas::AlignedAllocator<unsigned long, (unsigned long)64>> const&, std::vector<double, autopas::AlignedAllocator<double, (unsigned long)64>> const&, std::vector<double, autopas::AlignedAllocator<double, (unsigned long)64>> const&, std::vector<double, autopas::AlignedAllocator<double, (unsigned long)64>> const&, std::vector<double, autopas::AlignedAllocator<double, (unsigned long)64>> const&, std::vector<double, autopas::AlignedAllocator<double, (unsigned long)64>> const&, std::vector<double, autopas::AlignedAllocator<double, (unsigned long)64>> const&, std::vector<double, autopas::AlignedAllocator<double, (unsigned long)64>> const&, std::vector<double, autopas::AlignedAllocator<double, (unsigned long)64>> const&, std::vector<double, autopas::AlignedAllocator<double, (unsigned long)64>> const&, std::vector<double, autopas::AlignedAllocator<double, (unsigned long)64>> const&, std::vector<double, autopas::AlignedAllocator<double, (unsigned long)64>> const&, std::vector<double, autopas::AlignedAllocator<double, (unsigned long)64>> const&, std::vector<unsigned long, autopas::AlignedAllocator<unsigned long, (unsigned long)64>> const&, std::vector<autopas::OwnershipState, autopas::AlignedAllocator<autopas::OwnershipState, (unsigned long)64>> const&>(std::tuple<std::vector<mdLib::MoleculeLJ*, autopas::AlignedAllocator<mdLib::MoleculeLJ*, (unsigned long)64>>, std::vector<unsigned long, autopas::AlignedAllocator<unsigned long, (unsigned long)64>>, std::vector<double, autopas::AlignedAllocator<double, (unsigned long)64>>, std::vector<double, autopas::AlignedAllocator<double, (unsigned long)64>>, std::vector<double, autopas::AlignedAllocator<double, (unsigned long)64>>, std::vector<double, autopas::AlignedAllocator<double, (unsigned long)64>>, std::vector<double, autopas::AlignedAllocator<double, (unsigned long)64>>, std::vector<double, autopas::AlignedAllocator<double, (unsigned long)64>>, std::vector<double, autopas::AlignedAllocator<double, (unsigned long)64>>, std::vector<double, autopas::AlignedAllocator<double, (unsigned long)64>>, std::vector<double, autopas::AlignedAllocator<double, (unsigned long)64>>, std::vector<double, autopas::AlignedAllocator<double, (unsigned long)64>>, std::vector<double, autopas::AlignedAllocator<double, (unsigned long)64>>, std::vector<double, autopas::AlignedAllocator<double, (unsigned long)64>>, std::vector<unsigned long, autopas::AlignedAllocator<unsigned long, (unsigned long)64>>, std::vector<autopas::OwnershipState, autopas::AlignedAllocator<autopas::OwnershipState, (unsigned long)64>>> const&&&, std::vector<mdLib::MoleculeLJ*, autopas::AlignedAllocator<mdLib::MoleculeLJ*, (unsigned long)64>> const&&&)",invoke.h,0x54b410
      "autopas::utils::TupleUtils::for_each<std::tuple<std::vector<mdLib::MoleculeLJ*, autopas::AlignedAllocator<mdLib::MoleculeLJ*, (unsigned long)64>>, std::vector<unsigned long, autopas::AlignedAllocator<unsigned long, (unsigned long)64>>, std::vector<double, autopas::AlignedAllocator<double, (unsigned long)64>>, std::vector<double, autopas::AlignedAllocator<double, (unsigned long)64>>, std::vector<double, autopas::AlignedAllocator<double, (unsigned long)64>>, std::vector<double, autopas::AlignedAllocator<double, (unsigned long)64>>, std::vector<double, autopas::AlignedAllocator<double, (unsigned long)64>>, std::vector<double, autopas::AlignedAllocator<double, (unsigned long)64>>, std::vector<double, autopas::AlignedAllocator<double, (unsigned long)64>>, std::vector<double, autopas::AlignedAllocator<double, (unsigned long)64>>, std::vector<double, autopas::AlignedAllocator<double, (unsigned long)64>>, std::vector<double, autopas::AlignedAllocator<double, (unsigned long)64>>, std::vector<double, autopas::AlignedAllocator<double, (unsigned long)64>>, std::vector<double, autopas::AlignedAllocator<double, (unsigned long)64>>, std::vector<unsigned long, autopas::AlignedAllocator<unsigned long, (unsigned long)64>>, std::vector<autopas::OwnershipState, autopas::AlignedAllocator<autopas::OwnershipState, (unsigned long)64>>> const&, autopas::SoA<std::tuple<std::vector<mdLib::MoleculeLJ*, autopas::AlignedAllocator<mdLib::MoleculeLJ*, (unsigned long)64>>, std::vector<unsigned long, autopas::AlignedAllocator<unsigned long, (unsigned long)64>>, std::vector<double, autopas::AlignedAllocator<double, (unsigned long)64>>, std::vector<double, autopas::AlignedAllocator<double, (unsigned long)64>>, std::vector<double, autopas::AlignedAllocator<double, (unsigned long)64>>, std::vector<double, autopas::AlignedAllocator<double, (unsigned long)64>>, std::vector<double, autopas::AlignedAllocator<double, (unsigned long)64>>, std::vector<double, autopas::AlignedAllocator<double, (unsigned long)64>>, std::vector<double, autopas::AlignedAllocator<double, (unsigned long)64>>, std::vector<double, autopas::AlignedAllocator<double, (unsigned long)64>>, std::vector<double, autopas::AlignedAllocator<double, (unsigned long)64>>, std::vector<double, autopas::AlignedAllocator<double, (unsigned long)64>>, std::vector<double, autopas::AlignedAllocator<double, (unsigned long)64>>, std::vector<double, autopas::AlignedAllocator<double, (unsigned long)64>>, std::vector<unsigned long, autopas::AlignedAllocator<unsigned long, (unsigned long)64>>, std::vector<autopas::OwnershipState, autopas::AlignedAllocator<autopas::OwnershipState, (unsigned long)64>>>>::size(void) const::{lambda(std::tuple<std::vector<mdLib::MoleculeLJ*, autopas::AlignedAllocator<mdLib::MoleculeLJ*, (unsigned long)64>>, std::vector<unsigned long, autopas::AlignedAllocator<unsigned long, (unsigned long)64>>, std::vector<double, autopas::AlignedAllocator<double, (unsigned long)64>>, std::vector<double, autopas::AlignedAllocator<double, (unsigned long)64>>, std::vector<double, autopas::AlignedAllocator<double, (unsigned long)64>>, std::vector<double, autopas::AlignedAllocator<double, (unsigned long)64>>, std::vector<double, autopas::AlignedAllocator<double, (unsigned long)64>>, std::vector<double, autopas::AlignedAllocator<double, (unsigned long)64>>, std::vector<double, autopas::AlignedAllocator<double, (unsigned long)64>>, std::vector<double, autopas::AlignedAllocator<double, (unsigned long)64>>, std::vector<double, autopas::AlignedAllocator<double, (unsigned long)64>>, std::vector<double, autopas::AlignedAllocator<double, (unsigned long)64>>, std::vector<double, autopas::AlignedAllocator<double, (unsigned long)64>>, std::vector<double, autopas::AlignedAllocator<double, (unsigned long)64>>, std::vector<unsigned long, autopas::AlignedAllocator<unsigned long, (unsigned long)64>>, std::vector<autopas::OwnershipState, autopas::AlignedAllocator<autopas::OwnershipState, (unsigned long)64>>> const&&)#1}>(std::tuple<std::vector<mdLib::MoleculeLJ*, autopas::AlignedAllocator<mdLib::MoleculeLJ*, (unsigned long)64>>, std::vector<unsigned long, autopas::AlignedAllocator<unsigned long, (unsigned long)64>>, std::vector<double, autopas::AlignedAllocator<double, (unsigned long)64>>, std::vector<double, autopas::AlignedAllocator<double, (unsigned long)64>>, std::vector<double, autopas::AlignedAllocator<double, (unsigned long)64>>, std::vector<double, autopas::AlignedAllocator<double, (unsigned long)64>>, std::vector<double, autopas::AlignedAllocator<double, (unsigned long)64>>, std::vector<double, autopas::AlignedAllocator<double, (unsigned long)64>>, std::vector<double, autopas::AlignedAllocator<double, (unsigned long)64>>, std::vector<double, autopas::AlignedAllocator<double, (unsigned long)64>>, std::vector<double, autopas::AlignedAllocator<double, (unsigned long)64>>, std::vector<double, autopas::AlignedAllocator<double, (unsigned long)64>>, std::vector<double, autopas::AlignedAllocator<double, (unsigned long)64>>, std::vector<double, autopas::AlignedAllocator<double, (unsigned long)64>>, std::vector<unsigned long, autopas::AlignedAllocator<unsigned long, (unsigned long)64>>, std::vector<autopas::OwnershipState, autopas::AlignedAllocator<autopas::OwnershipState, (unsigned long)64>>> const&&&, autopas::SoA<std::tuple<std::vector<mdLib::MoleculeLJ*, autopas::AlignedAllocator<mdLib::MoleculeLJ*, (unsigned long)64>>, std::vector<unsigned long, autopas::AlignedAllocator<unsigned long, (unsigned long)64>>, std::vector<double, autopas::AlignedAllocator<double, (unsigned long)64>>, std::vector<double, autopas::AlignedAllocator<double, (unsigned long)64>>, std::vector<double, autopas::AlignedAllocator<double, (unsigned long)64>>, std::vector<double, autopas::AlignedAllocator<double, (unsigned long)64>>, std::vector<double, autopas::AlignedAllocator<double, (unsigned long)64>>, std::vector<double, autopas::AlignedAllocator<double, (unsigned long)64>>, std::vector<double, autopas::AlignedAllocator<double, (unsigned long)64>>, std::vector<double, autopas::AlignedAllocator<double, (unsigned long)64>>, std::vector<double, autopas::AlignedAllocator<double, (unsigned long)64>>, std::vector<double, autopas::AlignedAllocator<double, (unsigned long)64>>, std::vector<double, autopas::AlignedAllocator<double, (unsigned long)64>>, std::vector<double, autopas::AlignedAllocator<double, (unsigned long)64>>, std::vector<unsigned long, autopas::AlignedAllocator<unsigned long, (unsigned long)64>>, std::vector<autopas::OwnershipState, autopas::AlignedAllocator<autopas::OwnershipState, (unsigned long)64>>>>::size(void) const::{lambda(std::tuple<std::vector<mdLib::MoleculeLJ*, autopas::AlignedAllocator<mdLib::MoleculeLJ*, (unsigned long)64>>, std::vector<unsigned long, autopas::AlignedAllocator<unsigned long, (unsigned long)64>>, std::vector<double, autopas::AlignedAllocator<double, (unsigned long)64>>, std::vector<double, autopas::AlignedAllocator<double, (unsigned long)64>>, std::vector<double, autopas::AlignedAllocator<double, (unsigned long)64>>, std::vector<double, autopas::AlignedAllocator<double, (unsigned long)64>>, std::vector<double, autopas::AlignedAllocator<double, (unsigned long)64>>, std::vector<double, autopas::AlignedAllocator<double, (unsigned long)64>>, std::vector<double, autopas::AlignedAllocator<double, (unsigned long)64>>, std::vector<double, autopas::AlignedAllocator<double, (unsigned long)64>>, std::vector<double, autopas::AlignedAllocator<double, (unsigned long)64>>, std::vector<double, autopas::AlignedAllocator<double, (unsigned long)64>>, std::vector<double, autopas::AlignedAllocator<double, (unsigned long)64>>, std::vector<double, autopas::AlignedAllocator<double, (unsigned long)64>>, std::vector<unsigned long, autopas::AlignedAllocator<unsigned long, (unsigned long)64>>, std::vector<autopas::OwnershipState, autopas::AlignedAllocator<autopas::OwnershipState, (unsigned long)64>>> const&&)#1}&&)::{lambda(std::tuple<std::vector<mdLib::MoleculeLJ*, autopas::AlignedAllocator<mdLib::MoleculeLJ*, (unsigned long)64>>, std::vector<unsigned long, autopas::AlignedAllocator<unsigned long, (unsigned long)64>>, std::vector<double, autopas::AlignedAllocator<double, (unsigned long)64>>, std::vector<double, autopas::AlignedAllocator<double, (unsigned long)64>>, std::vector<double, autopas::AlignedAllocator<double, (unsigned long)64>>, std::vector<double, autopas::AlignedAllocator<double, (unsigned long)64>>, std::vector<double, autopas::AlignedAllocator<double, (unsigned long)64>>, std::vector<double, autopas::AlignedAllocator<double, (unsigned long)64>>, std::vector<double, autopas::AlignedAllocator<double, (unsigned long)64>>, std::vector<double, autopas::AlignedAllocator<double, (unsigned long)64>>, std::vector<double, autopas::AlignedAllocator<double, (unsigned long)64>>, std::vector<double, autopas::AlignedAllocator<double, (unsigned long)64>>, std::vector<double, autopas::AlignedAllocator<double, (unsigned long)64>>, std::vector<double, autopas::AlignedAllocator<double, (unsigned long)64>>, std::vector<unsigned long, autopas::AlignedAllocator<unsigned long, (unsigned long)64>>, std::vector<autopas::OwnershipState, autopas::AlignedAllocator<autopas::OwnershipState, (unsigned long)64>>> const&&)#1}::operator()<std::vector<mdLib::MoleculeLJ*, autopas::AlignedAllocator<mdLib::MoleculeLJ*, (unsigned long)64>> const, std::vector<unsigned long, autopas::AlignedAllocator<unsigned long, (unsigned long)64>> const, std::vector<double, autopas::AlignedAllocator<double, (unsigned long)64>> const, std::vector<double, autopas::AlignedAllocator<double, (unsigned long)64>> const, std::vector<double, autopas::AlignedAllocator<double, (unsigned long)64>> const, std::vector<double, autopas::AlignedAllocator<double, (unsigned long)64>> const, std::vector<double, autopas::AlignedAllocator<double, (unsigned long)64>> const, std::vector<double, autopas::AlignedAllocator<double, (unsigned long)64>> const, std::vector<double, autopas::AlignedAllocator<double, (unsigned long)64>> const, std::vector<double, autopas::AlignedAllocator<double, (unsigned long)64>> const, std::vector<double, autopas::AlignedAllocator<double, (unsigned long)64>> const, std::vector<double, autopas::AlignedAllocator<double, (unsigned long)64>> const, std::vector<double, autopas::AlignedAllocator<double, (unsigned long)64>> const, std::vector<double, autopas::AlignedAllocator<double, (unsigned long)64>> const, std::vector<unsigned long, autopas::AlignedAllocator<unsigned long, (unsigned long)64>> const, std::vector<autopas::OwnershipState, autopas::AlignedAllocator<autopas::OwnershipState, (unsigned long)64>> const>",,0.0,,,,,,,0.0,0.0,0.0,0.0,0.0,0.0,0.819299,0,0.0,0,0.0,7.142857,,,0,0,0,0,,0.0,md-flexible,"autopas::utils::TupleUtils::for_each<std::tuple<std::vector<mdLib::MoleculeLJ*, autopas::AlignedAllocator<mdLib::MoleculeLJ*, (unsigned long)64>>, std::vector<unsigned long, autopas::AlignedAllocator<unsigned long, (unsigned long)64>>, std::vector<double, autopas::AlignedAllocator<double, (unsigned long)64>>, std::vector<double, autopas::AlignedAllocator<double, (unsigned long)64>>, std::vector<double, autopas::AlignedAllocator<double, (unsigned long)64>>, std::vector<double, autopas::AlignedAllocator<double, (unsigned long)64>>, std::vector<double, autopas::AlignedAllocator<double, (unsigned long)64>>, std::vector<double, autopas::AlignedAllocator<double, (unsigned long)64>>, std::vector<double, autopas::AlignedAllocator<double, (unsigned long)64>>, std::vector<double, autopas::AlignedAllocator<double, (unsigned long)64>>, std::vector<double, autopas::AlignedAllocator<double, (unsigned long)64>>, std::vector<double, autopas::AlignedAllocator<double, (unsigned long)64>>, std::vector<double, autopas::AlignedAllocator<double, (unsigned long)64>>, std::vector<double, autopas::AlignedAllocator<double, (unsigned long)64>>, std::vector<unsigned long, autopas::AlignedAllocator<unsigned long, (unsigned long)64>>, std::vector<autopas::OwnershipState, autopas::AlignedAllocator<autopas::OwnershipState, (unsigned long)64>>> const&, autopas::SoA<std::tuple<std::vector<mdLib::MoleculeLJ*, autopas::AlignedAllocator<mdLib::MoleculeLJ*, (unsigned long)64>>, std::vector<unsigned long, autopas::AlignedAllocator<unsigned long, (unsigned long)64>>, std::vector<double, autopas::AlignedAllocator<double, (unsigned long)64>>, std::vector<double, autopas::AlignedAllocator<double, (unsigned long)64>>, std::vector<double, autopas::AlignedAllocator<double, (unsigned long)64>>, std::vector<double, autopas::AlignedAllocator<double, (unsigned long)64>>, std::vector<double, autopas::AlignedAllocator<double, (unsigned long)64>>, std::vector<double, autopas::AlignedAllocator<double, (unsigned long)64>>, std::vector<double, autopas::AlignedAllocator<double, (unsigned long)64>>, std::vector<double, autopas::AlignedAllocator<double, (unsigned long)64>>, std::vector<double, autopas::AlignedAllocator<double, (unsigned long)64>>, std::vector<double, autopas::AlignedAllocator<double, (unsigned long)64>>, std::vector<double, autopas::AlignedAllocator<double, (unsigned long)64>>, std::vector<double, autopas::AlignedAllocator<double, (unsigned long)64>>, std::vector<unsigned long, autopas::AlignedAllocator<unsigned long, (unsigned long)64>>, std::vector<autopas::OwnershipState, autopas::AlignedAllocator<autopas::OwnershipState, (unsigned long)64>>>>::size(void) const::{lambda(std::tuple<std::vector<mdLib::MoleculeLJ*, autopas::AlignedAllocator<mdLib::MoleculeLJ*, (unsigned long)64>>, std::vector<unsigned long, autopas::AlignedAllocator<unsigned long, (unsigned long)64>>, std::vector<double, autopas::AlignedAllocator<double, (unsigned long)64>>, std::vector<double, autopas::AlignedAllocator<double, (unsigned long)64>>, std::vector<double, autopas::AlignedAllocator<double, (unsigned long)64>>, std::vector<double, autopas::AlignedAllocator<double, (unsigned long)64>>, std::vector<double, autopas::AlignedAllocator<double, (unsigned long)64>>, std::vector<double, autopas::AlignedAllocator<double, (unsigned long)64>>, std::vector<double, autopas::AlignedAllocator<double, (unsigned long)64>>, std::vector<double, autopas::AlignedAllocator<double, (unsigned long)64>>, std::vector<double, autopas::AlignedAllocator<double, (unsigned long)64>>, std::vector<double, autopas::AlignedAllocator<double, (unsigned long)64>>, std::vector<double, autopas::AlignedAllocator<double, (unsigned long)64>>, std::vector<double, autopas::AlignedAllocator<double, (unsigned long)64>>, std::vector<unsigned long, autopas::AlignedAllocator<unsigned long, (unsigned long)64>>, std::vector<autopas::OwnershipState, autopas::AlignedAllocator<autopas::OwnershipState, (unsigned long)64>>> const&&)#1}>(std::tuple<std::vector<mdLib::MoleculeLJ*, autopas::AlignedAllocator<mdLib::MoleculeLJ*, (unsigned long)64>>, std::vector<unsigned long, autopas::AlignedAllocator<unsigned long, (unsigned long)64>>, std::vector<double, autopas::AlignedAllocator<double, (unsigned long)64>>, std::vector<double, autopas::AlignedAllocator<double, (unsigned long)64>>, std::vector<double, autopas::AlignedAllocator<double, (unsigned long)64>>, std::vector<double, autopas::AlignedAllocator<double, (unsigned long)64>>, std::vector<double, autopas::AlignedAllocator<double, (unsigned long)64>>, std::vector<double, autopas::AlignedAllocator<double, (unsigned long)64>>, std::vector<double, autopas::AlignedAllocator<double, (unsigned long)64>>, std::vector<double, autopas::AlignedAllocator<double, (unsigned long)64>>, std::vector<double, autopas::AlignedAllocator<double, (unsigned long)64>>, std::vector<double, autopas::AlignedAllocator<double, (unsigned long)64>>, std::vector<double, autopas::AlignedAllocator<double, (unsigned long)64>>, std::vector<double, autopas::AlignedAllocator<double, (unsigned long)64>>, std::vector<unsigned long, autopas::AlignedAllocator<unsigned long, (unsigned long)64>>, std::vector<autopas::OwnershipState, autopas::AlignedAllocator<autopas::OwnershipState, (unsigned long)64>>> const&&&, autopas::SoA<std::tuple<std::vector<mdLib::MoleculeLJ*, autopas::AlignedAllocator<mdLib::MoleculeLJ*, (unsigned long)64>>, std::vector<unsigned long, autopas::AlignedAllocator<unsigned long, (unsigned long)64>>, std::vector<double, autopas::AlignedAllocator<double, (unsigned long)64>>, std::vector<double, autopas::AlignedAllocator<double, (unsigned long)64>>, std::vector<double, autopas::AlignedAllocator<double, (unsigned long)64>>, std::vector<double, autopas::AlignedAllocator<double, (unsigned long)64>>, std::vector<double, autopas::AlignedAllocator<double, (unsigned long)64>>, std::vector<double, autopas::AlignedAllocator<double, (unsigned long)64>>, std::vector<double, autopas::AlignedAllocator<double, (unsigned long)64>>, std::vector<double, autopas::AlignedAllocator<double, (unsigned long)64>>, std::vector<double, autopas::AlignedAllocator<double, (unsigned long)64>>, std::vector<double, autopas::AlignedAllocator<double, (unsigned long)64>>, std::vector<double, autopas::AlignedAllocator<double, (unsigned long)64>>, std::vector<double, autopas::AlignedAllocator<double, (unsigned long)64>>, std::vector<unsigned long, autopas::AlignedAllocator<unsigned long, (unsigned long)64>>, std::vector<autopas::OwnershipState, autopas::AlignedAllocator<autopas::OwnershipState, (unsigned long)64>>>>::size(void) const::{lambda(std::tuple<std::vector<mdLib::MoleculeLJ*, autopas::AlignedAllocator<mdLib::MoleculeLJ*, (unsigned long)64>>, std::vector<unsigned long, autopas::AlignedAllocator<unsigned long, (unsigned long)64>>, std::vector<double, autopas::AlignedAllocator<double, (unsigned long)64>>, std::vector<double, autopas::AlignedAllocator<double, (unsigned long)64>>, std::vector<double, autopas::AlignedAllocator<double, (unsigned long)64>>, std::vector<double, autopas::AlignedAllocator<double, (unsigned long)64>>, std::vector<double, autopas::AlignedAllocator<double, (unsigned long)64>>, std::vector<double, autopas::AlignedAllocator<double, (unsigned long)64>>, std::vector<double, autopas::AlignedAllocator<double, (unsigned long)64>>, std::vector<double, autopas::AlignedAllocator<double, (unsigned long)64>>, std::vector<double, autopas::AlignedAllocator<double, (unsigned long)64>>, std::vector<double, autopas::AlignedAllocator<double, (unsigned long)64>>, std::vector<double, autopas::AlignedAllocator<double, (unsigned long)64>>, std::vector<double, autopas::AlignedAllocator<double, (unsigned long)64>>, std::vector<unsigned long, autopas::AlignedAllocator<unsigned long, (unsigned long)64>>, std::vector<autopas::OwnershipState, autopas::AlignedAllocator<autopas::OwnershipState, (unsigned long)64>>> const&&)#1}&&)::{lambda(std::tuple<std::vector<mdLib::MoleculeLJ*, autopas::AlignedAllocator<mdLib::MoleculeLJ*, (unsigned long)64>>, std::vector<unsigned long, autopas::AlignedAllocator<unsigned long, (unsigned long)64>>, std::vector<double, autopas::AlignedAllocator<double, (unsigned long)64>>, std::vector<double, autopas::AlignedAllocator<double, (unsigned long)64>>, std::vector<double, autopas::AlignedAllocator<double, (unsigned long)64>>, std::vector<double, autopas::AlignedAllocator<double, (unsigned long)64>>, std::vector<double, autopas::AlignedAllocator<double, (unsigned long)64>>, std::vector<double, autopas::AlignedAllocator<double, (unsigned long)64>>, std::vector<double, autopas::AlignedAllocator<double, (unsigned long)64>>, std::vector<double, autopas::AlignedAllocator<double, (unsigned long)64>>, std::vector<double, autopas::AlignedAllocator<double, (unsigned long)64>>, std::vector<double, autopas::AlignedAllocator<double, (unsigned long)64>>, std::vector<double, autopas::AlignedAllocator<double, (unsigned long)64>>, std::vector<double, autopas::AlignedAllocator<double, (unsigned long)64>>, std::vector<unsigned long, autopas::AlignedAllocator<unsigned long, (unsigned long)64>>, std::vector<autopas::OwnershipState, autopas::AlignedAllocator<autopas::OwnershipState, (unsigned long)64>>> const&&)#1}::operator()<std::vector<mdLib::MoleculeLJ*, autopas::AlignedAllocator<mdLib::MoleculeLJ*, (unsigned long)64>> const, std::vector<unsigned long, autopas::AlignedAllocator<unsigned long, (unsigned long)64>> const, std::vector<double, autopas::AlignedAllocator<double, (unsigned long)64>> const, std::vector<double, autopas::AlignedAllocator<double, (unsigned long)64>> const, std::vector<double, autopas::AlignedAllocator<double, (unsigned long)64>> const, std::vector<double, autopas::AlignedAllocator<double, (unsigned long)64>> const, std::vector<double, autopas::AlignedAllocator<double, (unsigned long)64>> const, std::vector<double, autopas::AlignedAllocator<double, (unsigned long)64>> const, std::vector<double, autopas::AlignedAllocator<double, (unsigned long)64>> const, std::vector<double, autopas::AlignedAllocator<double, (unsigned long)64>> const, std::vector<double, autopas::AlignedAllocator<double, (unsigned long)64>> const, std::vector<double, autopas::AlignedAllocator<double, (unsigned long)64>> const, std::vector<double, autopas::AlignedAllocator<double, (unsigned long)64>> const, std::vector<double, autopas::AlignedAllocator<double, (unsigned long)64>> const, std::vector<unsigned long, autopas::AlignedAllocator<unsigned long, (unsigned long)64>> const, std::vector<autopas::OwnershipState, autopas::AlignedAllocator<autopas::OwnershipState, (unsigned long)64>> const>(signed char, std::tuple<std::vector<mdLib::MoleculeLJ*, autopas::AlignedAllocator<mdLib::MoleculeLJ*, (unsigned long)64>>, std::vector<unsigned long, autopas::AlignedAllocator<unsigned long, (unsigned long)64>>, std::vector<double, autopas::AlignedAllocator<double, (unsigned long)64>>, std::vector<double, autopas::AlignedAllocator<double, (unsigned long)64>>, std::vector<double, autopas::AlignedAllocator<double, (unsigned long)64>>, std::vector<double, autopas::AlignedAllocator<double, (unsigned long)64>>, std::vector<double, autopas::AlignedAllocator<double, (unsigned long)64>>, std::vector<double, autopas::AlignedAllocator<double, (unsigned long)64>>, std::vector<double, autopas::AlignedAllocator<double, (unsigned long)64>>, std::vector<double, autopas::AlignedAllocator<double, (unsigned long)64>>, std::vector<double, autopas::AlignedAllocator<double, (unsigned long)64>>, std::vector<double, autopas::AlignedAllocator<double, (unsigned long)64>>, std::vector<double, autopas::AlignedAllocator<double, (unsigned long)64>>, std::vector<double, autopas::AlignedAllocator<double, (unsigned long)64>>, std::vector<unsigned long, autopas::AlignedAllocator<unsigned long, (unsigned long)64>>, std::vector<autopas::OwnershipState, autopas::AlignedAllocator<autopas::OwnershipState, (unsigned long)64>>> const&&) const",TupleUtils.h,0x54b417
       "autopas::SoA<std::tuple<std::vector<mdLib::MoleculeLJ*, autopas::AlignedAllocator<mdLib::MoleculeLJ*, (unsigned long)64>>, std::vector<unsigned long, autopas::AlignedAllocator<unsigned long, (unsigned long)64>>, std::vector<double, autopas::AlignedAllocator<double, (unsigned long)64>>, std::vector<double, autopas::AlignedAllocator<double, (unsigned long)64>>, std::vector<double, autopas::AlignedAllocator<double, (unsigned long)64>>, std::vector<double, autopas::AlignedAllocator<double, (unsigned long)64>>, std::vector<double, autopas::AlignedAllocator<double, (unsigned long)64>>, std::vector<double, autopas::AlignedAllocator<double, (unsigned long)64>>, std::vector<double, autopas::AlignedAllocator<double, (unsigned long)64>>, std::vector<double, autopas::AlignedAllocator<double, (unsigned long)64>>, std::vector<double, autopas::AlignedAllocator<double, (unsigned long)64>>, std::vector<double, autopas::AlignedAllocator<double, (unsigned long)64>>, std::vector<double, autopas::AlignedAllocator<double, (unsigned long)64>>, std::vector<double, autopas::AlignedAllocator<double, (unsigned long)64>>, std::vector<unsigned long, autopas::AlignedAllocator<unsigned long, (unsigned long)64>>, std::vector<autopas::OwnershipState, autopas::AlignedAllocator<autopas::OwnershipState, (unsigned long)64>>>>::size(void) const::{lambda(std::tuple<std::vector<mdLib::MoleculeLJ*, autopas::AlignedAllocator<mdLib::MoleculeLJ*, (unsigned long)64>>, std::vector<unsigned long, autopas::AlignedAllocator<unsigned long, (unsigned long)64>>, std::vector<double, autopas::AlignedAllocator<double, (unsigned long)64>>, std::vector<double, autopas::AlignedAllocator<double, (unsigned long)64>>, std::vector<double, autopas::AlignedAllocator<double, (unsigned long)64>>, std::vector<double, autopas::AlignedAllocator<double, (unsigned long)64>>, std::vector<double, autopas::AlignedAllocator<double, (unsigned long)64>>, std::vector<double, autopas::AlignedAllocator<double, (unsigned long)64>>, std::vector<double, autopas::AlignedAllocator<double, (unsigned long)64>>, std::vector<double, autopas::AlignedAllocator<double, (unsigned long)64>>, std::vector<double, autopas::AlignedAllocator<double, (unsigned long)64>>, std::vector<double, autopas::AlignedAllocator<double, (unsigned long)64>>, std::vector<double, autopas::AlignedAllocator<double, (unsigned long)64>>, std::vector<double, autopas::AlignedAllocator<double, (unsigned long)64>>, std::vector<unsigned long, autopas::AlignedAllocator<unsigned long, (unsigned long)64>>, std::vector<autopas::OwnershipState, autopas::AlignedAllocator<autopas::OwnershipState, (unsigned long)64>>>&)#1}::operator()<std::vector<double, autopas::AlignedAllocator<double, (unsigned long)64>> const>",,0.0,,,,,,,0.0,0.0,0.0,0.0,0.0,0.0,0.075861,0,0.0,0,0.0,0.0,,,0,0,0,0,,0.0,md-flexible,"autopas::SoA<std::tuple<std::vector<mdLib::MoleculeLJ*, autopas::AlignedAllocator<mdLib::MoleculeLJ*, (unsigned long)64>>, std::vector<unsigned long, autopas::AlignedAllocator<unsigned long, (unsigned long)64>>, std::vector<double, autopas::AlignedAllocator<double, (unsigned long)64>>, std::vector<double, autopas::AlignedAllocator<double, (unsigned long)64>>, std::vector<double, autopas::AlignedAllocator<double, (unsigned long)64>>, std::vector<double, autopas::AlignedAllocator<double, (unsigned long)64>>, std::vector<double, autopas::AlignedAllocator<double, (unsigned long)64>>, std::vector<double, autopas::AlignedAllocator<double, (unsigned long)64>>, std::vector<double, autopas::AlignedAllocator<double, (unsigned long)64>>, std::vector<double, autopas::AlignedAllocator<double, (unsigned long)64>>, std::vector<double, autopas::AlignedAllocator<double, (unsigned long)64>>, std::vector<double, autopas::AlignedAllocator<double, (unsigned long)64>>, std::vector<double, autopas::AlignedAllocator<double, (unsigned long)64>>, std::vector<double, autopas::AlignedAllocator<double, (unsigned long)64>>, std::vector<unsigned long, autopas::AlignedAllocator<unsigned long, (unsigned long)64>>, std::vector<autopas::OwnershipState, autopas::AlignedAllocator<autopas::OwnershipState, (unsigned long)64>>>>::size(void) const::{lambda(std::tuple<std::vector<mdLib::MoleculeLJ*, autopas::AlignedAllocator<mdLib::MoleculeLJ*, (unsigned long)64>>, std::vector<unsigned long, autopas::AlignedAllocator<unsigned long, (unsigned long)64>>, std::vector<double, autopas::AlignedAllocator<double, (unsigned long)64>>, std::vector<double, autopas::AlignedAllocator<double, (unsigned long)64>>, std::vector<double, autopas::AlignedAllocator<double, (unsigned long)64>>, std::vector<double, autopas::AlignedAllocator<double, (unsigned long)64>>, std::vector<double, autopas::AlignedAllocator<double, (unsigned long)64>>, std::vector<double, autopas::AlignedAllocator<double, (unsigned long)64>>, std::vector<double, autopas::AlignedAllocator<double, (unsigned long)64>>, std::vector<double, autopas::AlignedAllocator<double, (unsigned long)64>>, std::vector<double, autopas::AlignedAllocator<double, (unsigned long)64>>, std::vector<double, autopas::AlignedAllocator<double, (unsigned long)64>>, std::vector<double, autopas::AlignedAllocator<double, (unsigned long)64>>, std::vector<double, autopas::AlignedAllocator<double, (unsigned long)64>>, std::vector<unsigned long, autopas::AlignedAllocator<unsigned long, (unsigned long)64>>, std::vector<autopas::OwnershipState, autopas::AlignedAllocator<autopas::OwnershipState, (unsigned long)64>>>&)#1}::operator()<std::vector<double, autopas::AlignedAllocator<double, (unsigned long)64>> const>(signed char, std::tuple<std::vector<mdLib::MoleculeLJ*, autopas::AlignedAllocator<mdLib::MoleculeLJ*, (unsigned long)64>>, std::vector<unsigned long, autopas::AlignedAllocator<unsigned long, (unsigned long)64>>, std::vector<double, autopas::AlignedAllocator<double, (unsigned long)64>>, std::vector<double, autopas::AlignedAllocator<double, (unsigned long)64>>, std::vector<double, autopas::AlignedAllocator<double, (unsigned long)64>>, std::vector<double, autopas::AlignedAllocator<double, (unsigned long)64>>, std::vector<double, autopas::AlignedAllocator<double, (unsigned long)64>>, std::vector<double, autopas::AlignedAllocator<double, (unsigned long)64>>, std::vector<double, autopas::AlignedAllocator<double, (unsigned long)64>>, std::vector<double, autopas::AlignedAllocator<double, (unsigned long)64>>, std::vector<double, autopas::AlignedAllocator<double, (unsigned long)64>>, std::vector<double, autopas::AlignedAllocator<double, (unsigned long)64>>, std::vector<double, autopas::AlignedAllocator<double, (unsigned long)64>>, std::vector<double, autopas::AlignedAllocator<double, (unsigned long)64>>, std::vector<unsigned long, autopas::AlignedAllocator<unsigned long, (unsigned long)64>>, std::vector<autopas::OwnershipState, autopas::AlignedAllocator<autopas::OwnershipState, (unsigned long)64>>>&) const",SoA.h,0x54b438
        "std::vector<double, autopas::AlignedAllocator<double, (unsigned long)64>>::size",,0.0,,,,,,,0.0,0.0,100.0,0.0,100.0,0.0,0.075861,22927865,0.0,0,0.0,0.0,,,0,0,0,0,,7.000000,md-flexible,"std::vector<double, autopas::AlignedAllocator<double, (unsigned long)64>>::size(void) const",stl_vector.h,0x54b438
       "autopas::SoA<std::tuple<std::vector<mdLib::MoleculeLJ*, autopas::AlignedAllocator<mdLib::MoleculeLJ*, (unsigned long)64>>, std::vector<unsigned long, autopas::AlignedAllocator<unsigned long, (unsigned long)64>>, std::vector<double, autopas::AlignedAllocator<double, (unsigned long)64>>, std::vector<double, autopas::AlignedAllocator<double, (unsigned long)64>>, std::vector<double, autopas::AlignedAllocator<double, (unsigned long)64>>, std::vector<double, autopas::AlignedAllocator<double, (unsigned long)64>>, std::vector<double, autopas::AlignedAllocator<double, (unsigned long)64>>, std::vector<double, autopas::AlignedAllocator<double, (unsigned long)64>>, std::vector<double, autopas::AlignedAllocator<double, (unsigned long)64>>, std::vector<double, autopas::AlignedAllocator<double, (unsigned long)64>>, std::vector<double, autopas::AlignedAllocator<double, (unsigned long)64>>, std::vector<double, autopas::AlignedAllocator<double, (unsigned long)64>>, std::vector<double, autopas::AlignedAllocator<double, (unsigned long)64>>, std::vector<double, autopas::AlignedAllocator<double, (unsigned long)64>>, std::vector<unsigned long, autopas::AlignedAllocator<unsigned long, (unsigned long)64>>, std::vector<autopas::OwnershipState, autopas::AlignedAllocator<autopas::OwnershipState, (unsigned long)64>>>>::size(void) const::{lambda(std::tuple<std::vector<mdLib::MoleculeLJ*, autopas::AlignedAllocator<mdLib::MoleculeLJ*, (unsigned long)64>>, std::vector<unsigned long, autopas::AlignedAllocator<unsigned long, (unsigned long)64>>, std::vector<double, autopas::AlignedAllocator<double, (unsigned long)64>>, std::vector<double, autopas::AlignedAllocator<double, (unsigned long)64>>, std::vector<double, autopas::AlignedAllocator<double, (unsigned long)64>>, std::vector<double, autopas::AlignedAllocator<double, (unsigned long)64>>, std::vector<double, autopas::AlignedAllocator<double, (unsigned long)64>>, std::vector<double, autopas::AlignedAllocator<double, (unsigned long)64>>, std::vector<double, autopas::AlignedAllocator<double, (unsigned long)64>>, std::vector<double, autopas::AlignedAllocator<double, (unsigned long)64>>, std::vector<double, autopas::AlignedAllocator<double, (unsigned long)64>>, std::vector<double, autopas::AlignedAllocator<double, (unsigned long)64>>, std::vector<double, autopas::AlignedAllocator<double, (unsigned long)64>>, std::vector<double, autopas::AlignedAllocator<double, (unsigned long)64>>, std::vector<unsigned long, autopas::AlignedAllocator<unsigned long, (unsigned long)64>>, std::vector<autopas::OwnershipState, autopas::AlignedAllocator<autopas::OwnershipState, (unsigned long)64>>>&)#1}::operator()<std::vector<double, autopas::AlignedAllocator<double, (unsigned long)64>> const>",,0.0,,,,,,,0.0,0.0,0.0,0.0,0.0,0.0,0.682749,0,0.0,0,0.0,7.142857,,,0,0,0,0,,0.0,md-flexible,"autopas::SoA<std::tuple<std::vector<mdLib::MoleculeLJ*, autopas::AlignedAllocator<mdLib::MoleculeLJ*, (unsigned long)64>>, std::vector<unsigned long, autopas::AlignedAllocator<unsigned long, (unsigned long)64>>, std::vector<double, autopas::AlignedAllocator<double, (unsigned long)64>>, std::vector<double, autopas::AlignedAllocator<double, (unsigned long)64>>, std::vector<double, autopas::AlignedAllocator<double, (unsigned long)64>>, std::vector<double, autopas::AlignedAllocator<double, (unsigned long)64>>, std::vector<double, autopas::AlignedAllocator<double, (unsigned long)64>>, std::vector<double, autopas::AlignedAllocator<double, (unsigned long)64>>, std::vector<double, autopas::AlignedAllocator<double, (unsigned long)64>>, std::vector<double, autopas::AlignedAllocator<double, (unsigned long)64>>, std::vector<double, autopas::AlignedAllocator<double, (unsigned long)64>>, std::vector<double, autopas::AlignedAllocator<double, (unsigned long)64>>, std::vector<double, autopas::AlignedAllocator<double, (unsigned long)64>>, std::vector<double, autopas::AlignedAllocator<double, (unsigned long)64>>, std::vector<unsigned long, autopas::AlignedAllocator<unsigned long, (unsigned long)64>>, std::vector<autopas::OwnershipState, autopas::AlignedAllocator<autopas::OwnershipState, (unsigned long)64>>>>::size(void) const::{lambda(std::tuple<std::vector<mdLib::MoleculeLJ*, autopas::AlignedAllocator<mdLib::MoleculeLJ*, (unsigned long)64>>, std::vector<unsigned long, autopas::AlignedAllocator<unsigned long, (unsigned long)64>>, std::vector<double, autopas::AlignedAllocator<double, (unsigned long)64>>, std::vector<double, autopas::AlignedAllocator<double, (unsigned long)64>>, std::vector<double, autopas::AlignedAllocator<double, (unsigned long)64>>, std::vector<double, autopas::AlignedAllocator<double, (unsigned long)64>>, std::vector<double, autopas::AlignedAllocator<double, (unsigned long)64>>, std::vector<double, autopas::AlignedAllocator<double, (unsigned long)64>>, std::vector<double, autopas::AlignedAllocator<double, (unsigned long)64>>, std::vector<double, autopas::AlignedAllocator<double, (unsigned long)64>>, std::vector<double, autopas::AlignedAllocator<double, (unsigned long)64>>, std::vector<double, autopas::AlignedAllocator<double, (unsigned long)64>>, std::vector<double, autopas::AlignedAllocator<double, (unsigned long)64>>, std::vector<double, autopas::AlignedAllocator<double, (unsigned long)64>>, std::vector<unsigned long, autopas::AlignedAllocator<unsigned long, (unsigned long)64>>, std::vector<autopas::OwnershipState, autopas::AlignedAllocator<autopas::OwnershipState, (unsigned long)64>>>&)#1}::operator()<std::vector<double, autopas::AlignedAllocator<double, (unsigned long)64>> const>(signed char, std::tuple<std::vector<mdLib::MoleculeLJ*, autopas::AlignedAllocator<mdLib::MoleculeLJ*, (unsigned long)64>>, std::vector<unsigned long, autopas::AlignedAllocator<unsigned long, (unsigned long)64>>, std::vector<double, autopas::AlignedAllocator<double, (unsigned long)64>>, std::vector<double, autopas::AlignedAllocator<double, (unsigned long)64>>, std::vector<double, autopas::AlignedAllocator<double, (unsigned long)64>>, std::vector<double, autopas::AlignedAllocator<double, (unsigned long)64>>, std::vector<double, autopas::AlignedAllocator<double, (unsigned long)64>>, std::vector<double, autopas::AlignedAllocator<double, (unsigned long)64>>, std::vector<double, autopas::AlignedAllocator<double, (unsigned long)64>>, std::vector<double, autopas::AlignedAllocator<double, (unsigned long)64>>, std::vector<double, autopas::AlignedAllocator<double, (unsigned long)64>>, std::vector<double, autopas::AlignedAllocator<double, (unsigned long)64>>, std::vector<double, autopas::AlignedAllocator<double, (unsigned long)64>>, std::vector<double, autopas::AlignedAllocator<double, (unsigned long)64>>, std::vector<unsigned long, autopas::AlignedAllocator<unsigned long, (unsigned long)64>>, std::vector<autopas::OwnershipState, autopas::AlignedAllocator<autopas::OwnershipState, (unsigned long)64>>>&) const",SoA.h,0x54b45c
        std::max<unsigned long>,,0.0,,,,,,,83.3,33.2,0.0,66.5,0.0,0.0,0.0,0,0.0,0,0.0,0.0,,,0,0,0,0,,0.0,md-flexible,"std::max<unsigned long>(unsigned long const&, unsigned long const&)",stl_algobase.h,0x54b45c
        "std::vector<autopas::OwnershipState, autopas::AlignedAllocator<autopas::OwnershipState, (unsigned long)64>>::size",,0.0,,,,,,,0.0,0.0,0.0,0.0,0.0,0.0,0.091033,27513438,0.0,0,0.0,0.0,,,0,0,0,0,,0.0,md-flexible,"std::vector<autopas::OwnershipState, autopas::AlignedAllocator<autopas::OwnershipState, (unsigned long)64>>::size(void) const",stl_vector.h,0x54b45c
        "std::vector<double, autopas::AlignedAllocator<double, (unsigned long)64>>::size",,0.0,,,,,,,,19.9,,0.0,,0.0,0.348961,105468179,0.0,0,0.0,7.142857,,,0,4585757,0,0,,14.000000,md-flexible,"std::vector<double, autopas::AlignedAllocator<double, (unsigned long)64>>::size(void) const",stl_vector.h,0x54b45c
        "std::vector<double, autopas::AlignedAllocator<double, (unsigned long)64>>::size",,0.0,,,,,,,,,0.0,0.0,0.0,0.0,0.030344,9171146,0.0,0,0.0,0.0,,,0,0,0,0,,0.0,md-flexible,"std::vector<double, autopas::AlignedAllocator<double, (unsigned long)64>>::size(void) const",stl_vector.h,0x54b45c
        "std::vector<double, autopas::AlignedAllocator<double, (unsigned long)64>>::size",,0.0,,,,,,,0.0,0.0,0.0,0.0,0.0,0.0,0.151722,45855730,0.0,0,0.0,0.0,,,0,0,0,0,,9.000000,md-flexible,"std::vector<double, autopas::AlignedAllocator<double, (unsigned long)64>>::size(void) const",stl_vector.h,0x54b45c
        "std::vector<unsigned long, autopas::AlignedAllocator<unsigned long, (unsigned long)64>>::size",,0.0,,,,,,,,0.0,0.0,0.0,0.0,0.0,0.060689,18342292,0.0,0,0.0,0.0,,,0,0,0,0,,7.500000,md-flexible,"std::vector<unsigned long, autopas::AlignedAllocator<unsigned long, (unsigned long)64>>::size(void) const",stl_vector.h,0x54b45c
       "autopas::SoA<std::tuple<std::vector<mdLib::MoleculeLJ*, autopas::AlignedAllocator<mdLib::MoleculeLJ*, (unsigned long)64>>, std::vector<unsigned long, autopas::AlignedAllocator<unsigned long, (unsigned long)64>>, std::vector<double, autopas::AlignedAllocator<double, (unsigned long)64>>, std::vector<double, autopas::AlignedAllocator<double, (unsigned long)64>>, std::vector<double, autopas::AlignedAllocator<double, (unsigned long)64>>, std::vector<double, autopas::AlignedAllocator<double, (unsigned long)64>>, std::vector<double, autopas::AlignedAllocator<double, (unsigned long)64>>, std::vector<double, autopas::AlignedAllocator<double, (unsigned long)64>>, std::vector<double, autopas::AlignedAllocator<double, (unsigned long)64>>, std::vector<double, autopas::AlignedAllocator<double, (unsigned long)64>>, std::vector<double, autopas::AlignedAllocator<double, (unsigned long)64>>, std::vector<double, autopas::AlignedAllocator<double, (unsigned long)64>>, std::vector<double, autopas::AlignedAllocator<double, (unsigned long)64>>, std::vector<double, autopas::AlignedAllocator<double, (unsigned long)64>>, std::vector<unsigned long, autopas::AlignedAllocator<unsigned long, (unsigned long)64>>, std::vector<autopas::OwnershipState, autopas::AlignedAllocator<autopas::OwnershipState, (unsigned long)64>>>>::size(void) const::{lambda(std::tuple<std::vector<mdLib::MoleculeLJ*, autopas::AlignedAllocator<mdLib::MoleculeLJ*, (unsigned long)64>>, std::vector<unsigned long, autopas::AlignedAllocator<unsigned long, (unsigned long)64>>, std::vector<double, autopas::AlignedAllocator<double, (unsigned long)64>>, std::vector<double, autopas::AlignedAllocator<double, (unsigned long)64>>, std::vector<double, autopas::AlignedAllocator<double, (unsigned long)64>>, std::vector<double, autopas::AlignedAllocator<double, (unsigned long)64>>, std::vector<double, autopas::AlignedAllocator<double, (unsigned long)64>>, std::vector<double, autopas::AlignedAllocator<double, (unsigned long)64>>, std::vector<double, autopas::AlignedAllocator<double, (unsigned long)64>>, std::vector<double, autopas::AlignedAllocator<double, (unsigned long)64>>, std::vector<double, autopas::AlignedAllocator<double, (unsigned long)64>>, std::vector<double, autopas::AlignedAllocator<double, (unsigned long)64>>, std::vector<double, autopas::AlignedAllocator<double, (unsigned long)64>>, std::vector<double, autopas::AlignedAllocator<double, (unsigned long)64>>, std::vector<unsigned long, autopas::AlignedAllocator<unsigned long, (unsigned long)64>>, std::vector<autopas::OwnershipState, autopas::AlignedAllocator<autopas::OwnershipState, (unsigned long)64>>>&)#1}::operator()<std::vector<mdLib::MoleculeLJ*, autopas::AlignedAllocator<mdLib::MoleculeLJ*, (unsigned long)64>> const>",,0.0,,,,,,,0.0,0.0,0.0,0.0,0.0,0.0,0.015172,0,0.0,0,0.0,0.0,,,0,0,0,0,,0.0,md-flexible,"autopas::SoA<std::tuple<std::vector<mdLib::MoleculeLJ*, autopas::AlignedAllocator<mdLib::MoleculeLJ*, (unsigned long)64>>, std::vector<unsigned long, autopas::AlignedAllocator<unsigned long, (unsigned long)64>>, std::vector<double, autopas::AlignedAllocator<double, (unsigned long)64>>, std::vector<double, autopas::AlignedAllocator<double, (unsigned long)64>>, std::vector<double, autopas::AlignedAllocator<double, (unsigned long)64>>, std::vector<double, autopas::AlignedAllocator<double, (unsigned long)64>>, std::vector<double, autopas::AlignedAllocator<double, (unsigned long)64>>, std::vector<double, autopas::AlignedAllocator<double, (unsigned long)64>>, std::vector<double, autopas::AlignedAllocator<double, (unsigned long)64>>, std::vector<double, autopas::AlignedAllocator<double, (unsigned long)64>>, std::vector<double, autopas::AlignedAllocator<double, (unsigned long)64>>, std::vector<double, autopas::AlignedAllocator<double, (unsigned long)64>>, std::vector<double, autopas::AlignedAllocator<double, (unsigned long)64>>, std::vector<double, autopas::AlignedAllocator<double, (unsigned long)64>>, std::vector<unsigned long, autopas::AlignedAllocator<unsigned long, (unsigned long)64>>, std::vector<autopas::OwnershipState, autopas::AlignedAllocator<autopas::OwnershipState, (unsigned long)64>>>>::size(void) const::{lambda(std::tuple<std::vector<mdLib::MoleculeLJ*, autopas::AlignedAllocator<mdLib::MoleculeLJ*, (unsigned long)64>>, std::vector<unsigned long, autopas::AlignedAllocator<unsigned long, (unsigned long)64>>, std::vector<double, autopas::AlignedAllocator<double, (unsigned long)64>>, std::vector<double, autopas::AlignedAllocator<double, (unsigned long)64>>, std::vector<double, autopas::AlignedAllocator<double, (unsigned long)64>>, std::vector<double, autopas::AlignedAllocator<double, (unsigned long)64>>, std::vector<double, autopas::AlignedAllocator<double, (unsigned long)64>>, std::vector<double, autopas::AlignedAllocator<double, (unsigned long)64>>, std::vector<double, autopas::AlignedAllocator<double, (unsigned long)64>>, std::vector<double, autopas::AlignedAllocator<double, (unsigned long)64>>, std::vector<double, autopas::AlignedAllocator<double, (unsigned long)64>>, std::vector<double, autopas::AlignedAllocator<double, (unsigned long)64>>, std::vector<double, autopas::AlignedAllocator<double, (unsigned long)64>>, std::vector<double, autopas::AlignedAllocator<double, (unsigned long)64>>, std::vector<unsigned long, autopas::AlignedAllocator<unsigned long, (unsigned long)64>>, std::vector<autopas::OwnershipState, autopas::AlignedAllocator<autopas::OwnershipState, (unsigned long)64>>>&)#1}::operator()<std::vector<mdLib::MoleculeLJ*, autopas::AlignedAllocator<mdLib::MoleculeLJ*, (unsigned long)64>> const>(signed char, std::tuple<std::vector<mdLib::MoleculeLJ*, autopas::AlignedAllocator<mdLib::MoleculeLJ*, (unsigned long)64>>, std::vector<unsigned long, autopas::AlignedAllocator<unsigned long, (unsigned long)64>>, std::vector<double, autopas::AlignedAllocator<double, (unsigned long)64>>, std::vector<double, autopas::AlignedAllocator<double, (unsigned long)64>>, std::vector<double, autopas::AlignedAllocator<double, (unsigned long)64>>, std::vector<double, autopas::AlignedAllocator<double, (unsigned long)64>>, std::vector<double, autopas::AlignedAllocator<double, (unsigned long)64>>, std::vector<double, autopas::AlignedAllocator<double, (unsigned long)64>>, std::vector<double, autopas::AlignedAllocator<double, (unsigned long)64>>, std::vector<double, autopas::AlignedAllocator<double, (unsigned long)64>>, std::vector<double, autopas::AlignedAllocator<double, (unsigned long)64>>, std::vector<double, autopas::AlignedAllocator<double, (unsigned long)64>>, std::vector<double, autopas::AlignedAllocator<double, (unsigned long)64>>, std::vector<double, autopas::AlignedAllocator<double, (unsigned long)64>>, std::vector<unsigned long, autopas::AlignedAllocator<unsigned long, (unsigned long)64>>, std::vector<autopas::OwnershipState, autopas::AlignedAllocator<autopas::OwnershipState, (unsigned long)64>>>&) const",SoA.h,0x54b417
        std::max<unsigned long>,,0.0,,,,,,,0.0,0.0,0.0,0.0,0.0,0.0,0.015172,4585573,0.0,0,0.0,0.0,,,0,0,0,0,,0.0,md-flexible,"std::max<unsigned long>(unsigned long const&, unsigned long const&)",stl_algobase.h,0x54b417
       "autopas::SoA<std::tuple<std::vector<mdLib::MoleculeLJ*, autopas::AlignedAllocator<mdLib::MoleculeLJ*, (unsigned long)64>>, std::vector<unsigned long, autopas::AlignedAllocator<unsigned long, (unsigned long)64>>, std::vector<double, autopas::AlignedAllocator<double, (unsigned long)64>>, std::vector<double, autopas::AlignedAllocator<double, (unsigned long)64>>, std::vector<double, autopas::AlignedAllocator<double, (unsigned long)64>>, std::vector<double, autopas::AlignedAllocator<double, (unsigned long)64>>, std::vector<double, autopas::AlignedAllocator<double, (unsigned long)64>>, std::vector<double, autopas::AlignedAllocator<double, (unsigned long)64>>, std::vector<double, autopas::AlignedAllocator<double, (unsigned long)64>>, std::vector<double, autopas::AlignedAllocator<double, (unsigned long)64>>, std::vector<double, autopas::AlignedAllocator<double, (unsigned long)64>>, std::vector<double, autopas::AlignedAllocator<double, (unsigned long)64>>, std::vector<double, autopas::AlignedAllocator<double, (unsigned long)64>>, std::vector<double, autopas::AlignedAllocator<double, (unsigned long)64>>, std::vector<unsigned long, autopas::AlignedAllocator<unsigned long, (unsigned long)64>>, std::vector<autopas::OwnershipState, autopas::AlignedAllocator<autopas::OwnershipState, (unsigned long)64>>>>::size(void) const::{lambda(std::tuple<std::vector<mdLib::MoleculeLJ*, autopas::AlignedAllocator<mdLib::MoleculeLJ*, (unsigned long)64>>, std::vector<unsigned long, autopas::AlignedAllocator<unsigned long, (unsigned long)64>>, std::vector<double, autopas::AlignedAllocator<double, (unsigned long)64>>, std::vector<double, autopas::AlignedAllocator<double, (unsigned long)64>>, std::vector<double, autopas::AlignedAllocator<double, (unsigned long)64>>, std::vector<double, autopas::AlignedAllocator<double, (unsigned long)64>>, std::vector<double, autopas::AlignedAllocator<double, (unsigned long)64>>, std::vector<double, autopas::AlignedAllocator<double, (unsigned long)64>>, std::vector<double, autopas::AlignedAllocator<double, (unsigned long)64>>, std::vector<double, autopas::AlignedAllocator<double, (unsigned long)64>>, std::vector<double, autopas::AlignedAllocator<double, (unsigned long)64>>, std::vector<double, autopas::AlignedAllocator<double, (unsigned long)64>>, std::vector<double, autopas::AlignedAllocator<double, (unsigned long)64>>, std::vector<double, autopas::AlignedAllocator<double, (unsigned long)64>>, std::vector<unsigned long, autopas::AlignedAllocator<unsigned long, (unsigned long)64>>, std::vector<autopas::OwnershipState, autopas::AlignedAllocator<autopas::OwnershipState, (unsigned long)64>>>&)#1}::operator()<std::vector<unsigned long, autopas::AlignedAllocator<unsigned long, (unsigned long)64>> const>",,0.0,,,,,,,0.0,0.0,0.0,0.0,0.0,0.0,0.045517,0,0.0,0,0.0,0.0,,,0,0,0,0,,0.0,md-flexible,"autopas::SoA<std::tuple<std::vector<mdLib::MoleculeLJ*, autopas::AlignedAllocator<mdLib::MoleculeLJ*, (unsigned long)64>>, std::vector<unsigned long, autopas::AlignedAllocator<unsigned long, (unsigned long)64>>, std::vector<double, autopas::AlignedAllocator<double, (unsigned long)64>>, std::vector<double, autopas::AlignedAllocator<double, (unsigned long)64>>, std::vector<double, autopas::AlignedAllocator<double, (unsigned long)64>>, std::vector<double, autopas::AlignedAllocator<double, (unsigned long)64>>, std::vector<double, autopas::AlignedAllocator<double, (unsigned long)64>>, std::vector<double, autopas::AlignedAllocator<double, (unsigned long)64>>, std::vector<double, autopas::AlignedAllocator<double, (unsigned long)64>>, std::vector<double, autopas::AlignedAllocator<double, (unsigned long)64>>, std::vector<double, autopas::AlignedAllocator<double, (unsigned long)64>>, std::vector<double, autopas::AlignedAllocator<double, (unsigned long)64>>, std::vector<double, autopas::AlignedAllocator<double, (unsigned long)64>>, std::vector<double, autopas::AlignedAllocator<double, (unsigned long)64>>, std::vector<unsigned long, autopas::AlignedAllocator<unsigned long, (unsigned long)64>>, std::vector<autopas::OwnershipState, autopas::AlignedAllocator<autopas::OwnershipState, (unsigned long)64>>>>::size(void) const::{lambda(std::tuple<std::vector<mdLib::MoleculeLJ*, autopas::AlignedAllocator<mdLib::MoleculeLJ*, (unsigned long)64>>, std::vector<unsigned long, autopas::AlignedAllocator<unsigned long, (unsigned long)64>>, std::vector<double, autopas::AlignedAllocator<double, (unsigned long)64>>, std::vector<double, autopas::AlignedAllocator<double, (unsigned long)64>>, std::vector<double, autopas::AlignedAllocator<double, (unsigned long)64>>, std::vector<double, autopas::AlignedAllocator<double, (unsigned long)64>>, std::vector<double, autopas::AlignedAllocator<double, (unsigned long)64>>, std::vector<double, autopas::AlignedAllocator<double, (unsigned long)64>>, std::vector<double, autopas::AlignedAllocator<double, (unsigned long)64>>, std::vector<double, autopas::AlignedAllocator<double, (unsigned long)64>>, std::vector<double, autopas::AlignedAllocator<double, (unsigned long)64>>, std::vector<double, autopas::AlignedAllocator<double, (unsigned long)64>>, std::vector<double, autopas::AlignedAllocator<double, (unsigned long)64>>, std::vector<double, autopas::AlignedAllocator<double, (unsigned long)64>>, std::vector<unsigned long, autopas::AlignedAllocator<unsigned long, (unsigned long)64>>, std::vector<autopas::OwnershipState, autopas::AlignedAllocator<autopas::OwnershipState, (unsigned long)64>>>&)#1}::operator()<std::vector<unsigned long, autopas::AlignedAllocator<unsigned long, (unsigned long)64>> const>(signed char, std::tuple<std::vector<mdLib::MoleculeLJ*, autopas::AlignedAllocator<mdLib::MoleculeLJ*, (unsigned long)64>>, std::vector<unsigned long, autopas::AlignedAllocator<unsigned long, (unsigned long)64>>, std::vector<double, autopas::AlignedAllocator<double, (unsigned long)64>>, std::vector<double, autopas::AlignedAllocator<double, (unsigned long)64>>, std::vector<double, autopas::AlignedAllocator<double, (unsigned long)64>>, std::vector<double, autopas::AlignedAllocator<double, (unsigned long)64>>, std::vector<double, autopas::AlignedAllocator<double, (unsigned long)64>>, std::vector<double, autopas::AlignedAllocator<double, (unsigned long)64>>, std::vector<double, autopas::AlignedAllocator<double, (unsigned long)64>>, std::vector<double, autopas::AlignedAllocator<double, (unsigned long)64>>, std::vector<double, autopas::AlignedAllocator<double, (unsigned long)64>>, std::vector<double, autopas::AlignedAllocator<double, (unsigned long)64>>, std::vector<double, autopas::AlignedAllocator<double, (unsigned long)64>>, std::vector<double, autopas::AlignedAllocator<double, (unsigned long)64>>, std::vector<unsigned long, autopas::AlignedAllocator<unsigned long, (unsigned long)64>>, std::vector<autopas::OwnershipState, autopas::AlignedAllocator<autopas::OwnershipState, (unsigned long)64>>>&) const",SoA.h,0x54b41e
        "std::vector<unsigned long, autopas::AlignedAllocator<unsigned long, (unsigned long)64>>::size",,0.0,,,,,,,0.0,,,,,0.0,0.045517,13756719,0.0,0,0.0,0.0,,,0,0,0,0,,11.333333,md-flexible,"std::vector<unsigned long, autopas::AlignedAllocator<unsigned long, (unsigned long)64>>::size(void) const",stl_vector.h,0x54b41e
 "autopas::VLListIterationTraversal<autopas::ReferenceParticleCell<mdLib::MoleculeLJ>, mdLib::LJFunctorAVX<mdLib::MoleculeLJ, (bool)1, (bool)1, (autopas::FunctorN3Modes)2, (bool)0, (bool)0, (bool)1>>::endTraversal",,0.0,,,,,,,0.0,0.0,0.0,0.0,0.0,0.0,0.151722,0,0.242571,0,0.0,0.0,,,0,0,0,0,,0.0,md-flexible,"autopas::VLListIterationTraversal<autopas::ReferenceParticleCell<mdLib::MoleculeLJ>, mdLib::LJFunctorAVX<mdLib::MoleculeLJ, (bool)1, (bool)1, (autopas::FunctorN3Modes)2, (bool)0, (bool)0, (bool)1>>::endTraversal(void)",VLListIterationTraversal.h,0x567ec0
  "autopas::Functor<mdLib::MoleculeLJ, mdLib::LJFunctorAVX<mdLib::MoleculeLJ, (bool)1, (bool)1, (autopas::FunctorN3Modes)2, (bool)0, (bool)0, (bool)1>>::SoAExtractor",,0.0,,,,,,,0.0,0.0,0.0,0.0,0.0,0.0,0.151722,0,0.242571,0,0.0,0.0,,,0,0,0,0,,0.0,md-flexible,"autopas::Functor<mdLib::MoleculeLJ, mdLib::LJFunctorAVX<mdLib::MoleculeLJ, (bool)1, (bool)1, (autopas::FunctorN3Modes)2, (bool)0, (bool)0, (bool)1>>::SoAExtractor(std::vector<mdLib::MoleculeLJ*, std::allocator<mdLib::MoleculeLJ*>>&, autopas::SoA<std::tuple<std::vector<mdLib::MoleculeLJ*, autopas::AlignedAllocator<mdLib::MoleculeLJ*, (unsigned long)64>>, std::vector<unsigned long, autopas::AlignedAllocator<unsigned long, (unsigned long)64>>, std::vector<double, autopas::AlignedAllocator<double, (unsigned long)64>>, std::vector<double, autopas::AlignedAllocator<double, (unsigned long)64>>, std::vector<double, autopas::AlignedAllocator<double, (unsigned long)64>>, std::vector<double, autopas::AlignedAllocator<double, (unsigned long)64>>, std::vector<double, autopas::AlignedAllocator<double, (unsigned long)64>>, std::vector<double, autopas::AlignedAllocator<double, (unsigned long)64>>, std::vector<double, autopas::AlignedAllocator<double, (unsigned long)64>>, std::vector<double, autopas::AlignedAllocator<double, (unsigned long)64>>, std::vector<double, autopas::AlignedAllocator<double, (unsigned long)64>>, std::vector<double, autopas::AlignedAllocator<double, (unsigned long)64>>, std::vector<double, autopas::AlignedAllocator<double, (unsigned long)64>>, std::vector<double, autopas::AlignedAllocator<double, (unsigned long)64>>, std::vector<unsigned long, autopas::AlignedAllocator<unsigned long, (unsigned long)64>>, std::vector<autopas::OwnershipState, autopas::AlignedAllocator<autopas::OwnershipState, (unsigned long)64>>>>&)",Functor.h,0x568028
   _ZN7autopas7FunctorIN5mdLib10MoleculeLJENS1_12LJFunctorAVXIS2_Lb1ELb1ELNS_14FunctorN3ModesE2ELb0ELb0ELb1EEEE16SoAExtractorImplIJLm0ELm1ELm2EEEEvRSt6vectorIPS2_SaIS9_EERNS_3SoAISt5tupleIJS8_IS9_NS_16AlignedAllocatorIS9_Lm64EEEES8_ImNSF_ImLm64EEEES8_IdNSF_IdLm64EEEESL_SL_SL_SL_SL_SL_SL_SL_SL_SL_SL_SJ_S8_INS_14OwnershipStateENSF_ISM_Lm64EEEEEEEESt16integer_sequenceImJXspT_EEE,,0.0,,,,,,,100.0,39.9,,15.9,,8.0,0.151722,45855730,0.242571,0,0.0,0.0,,,0,0,0,0,,0.0,md-flexible,_ZN7autopas7FunctorIN5mdLib10MoleculeLJENS1_12LJFunctorAVXIS2_Lb1ELb1ELNS_14FunctorN3ModesE2ELb0ELb0ELb1EEEE16SoAExtractorImplIJLm0ELm1ELm2EEEEvRSt6vectorIPS2_SaIS9_EERNS_3SoAISt5tupleIJS8_IS9_NS_16AlignedAllocatorIS9_Lm64EEEES8_ImNSF_ImLm64EEEES8_IdNSF_IdLm64EEEESL_SL_SL_SL_SL_SL_SL_SL_SL_SL_SL_SJ_S8_INS_14OwnershipStateENSF_ISM_Lm64EEEEEEEESt16integer_sequenceImJXspT_EEE,Functor.h,0x568028
    mdLib::MoleculeLJ::set<(mdLib::MoleculeLJ::AttributeNames)10>,,0.0,,,,,,,0.0,0.0,0.0,0.0,0.0,0.0,0.0,0,0.060643,9171146,0.0,0.0,,,0,0,0,0,,0.0,md-flexible,"mdLib::MoleculeLJ::set<(mdLib::MoleculeLJ::AttributeNames)10>(std::tuple_element<(mdLib::MoleculeLJ::AttributeNames)10, std::tuple<std::vector<mdLib::MoleculeLJ*, autopas::AlignedAllocator<std::vector, (unsigned long)64>>, std::tuple<unsigned long, autopas<unsigned long, (unsigned long)64>>, std::tuple<double, autopas<double, (unsigned long)64>>, autopas<double, (unsigned long)64>, autopas<double, (unsigned long)64>, autopas<double, (unsigned long)64>, autopas<double, (unsigned long)64>, autopas<double, (unsigned long)64>, autopas<double, (unsigned long)64>, autopas<double, (unsigned long)64>, autopas<double, (unsigned long)64>, autopas<double, (unsigned long)64>, autopas<double, (unsigned long)64>, autopas<double, (unsigned long)64>, autopas<unsigned long, (unsigned long)64>, std::tuple<mdLib::MoleculeLJ*::OwnershipState, autopas<std::tuple<double, autopas<double, (unsigned long)64>>, (unsigned long)64>>>>::type::value_type)",MoleculeLJ.h,0x56809f
    mdLib::MoleculeLJ::set<(mdLib::MoleculeLJ::AttributeNames)8>,,0.0,,,,,,,0.0,0.0,0.0,0.0,0.0,0.0,0.0,0,0.121286,18342292,0.0,0.0,,,0,0,0,0,,0.0,md-flexible,"mdLib::MoleculeLJ::set<(mdLib::MoleculeLJ::AttributeNames)8>(std::tuple_element<(mdLib::MoleculeLJ::AttributeNames)8, std::tuple<std::vector<mdLib::MoleculeLJ*, autopas::AlignedAllocator<std::vector, (unsigned long)64>>, std::tuple<unsigned long, autopas<unsigned long, (unsigned long)64>>, std::tuple<double, autopas<double, (unsigned long)64>>, autopas<double, (unsigned long)64>, autopas<double, (unsigned long)64>, autopas<double, (unsigned long)64>, autopas<double, (unsigned long)64>, autopas<double, (unsigned long)64>, autopas<double, (unsigned long)64>, autopas<double, (unsigned long)64>, autopas<double, (unsigned long)64>, autopas<double, (unsigned long)64>, autopas<double, (unsigned long)64>, autopas<double, (unsigned long)64>, autopas<unsigned long, (unsigned long)64>, std::tuple<mdLib::MoleculeLJ*::OwnershipState, autopas<std::tuple<double, autopas<double, (unsigned long)64>>, (unsigned long)64>>>>::type::value_type)",MoleculeLJ.h,0x568089
    mdLib::MoleculeLJ::set<(mdLib::MoleculeLJ::AttributeNames)9>,,0.0,,,,,,,0.0,0.0,0.0,0.0,0.0,0.0,0.0,0,0.060643,9171146,0.0,0.0,,,0,0,0,0,,0.0,md-flexible,"mdLib::MoleculeLJ::set<(mdLib::MoleculeLJ::AttributeNames)9>(std::tuple_element<(mdLib::MoleculeLJ::AttributeNames)9, std::tuple<std::vector<mdLib::MoleculeLJ*, autopas::AlignedAllocator<std::vector, (unsigned long)64>>, std::tuple<unsigned long, autopas<unsigned long, (unsigned long)64>>, std::tuple<double, autopas<double, (unsigned long)64>>, autopas<double, (unsigned long)64>, autopas<double, (unsigned long)64>, autopas<double, (unsigned long)64>, autopas<double, (unsigned long)64>, autopas<double, (unsigned long)64>, autopas<double, (unsigned long)64>, autopas<double, (unsigned long)64>, autopas<double, (unsigned long)64>, autopas<double, (unsigned long)64>, autopas<double, (unsigned long)64>, autopas<double, (unsigned long)64>, autopas<unsigned long, (unsigned long)64>, std::tuple<mdLib::MoleculeLJ*::OwnershipState, autopas<std::tuple<double, autopas<double, (unsigned long)64>>, (unsigned long)64>>>>::type::value_type)",MoleculeLJ.h,0x568094
 "autopas::VLListIterationTraversal<autopas::ReferenceParticleCell<mdLib::MoleculeLJ>, mdLib::LJFunctorAVX<mdLib::MoleculeLJ, (bool)1, (bool)1, (autopas::FunctorN3Modes)2, (bool)0, (bool)0, (bool)1>>::initTraversal",,0.0,,,,,,,0.0,0.0,0.0,0.0,0.0,0.0,0.075861,0,0.151607,0,27.777778,0.0,,,0,0,0,0,,0.0,md-flexible,"autopas::VLListIterationTraversal<autopas::ReferenceParticleCell<mdLib::MoleculeLJ>, mdLib::LJFunctorAVX<mdLib::MoleculeLJ, (bool)1, (bool)1, (autopas::FunctorN3Modes)2, (bool)0, (bool)0, (bool)1>>::initTraversal(void)",VLListIterationTraversal.h,0x588840
  "autopas::Functor<mdLib::MoleculeLJ, mdLib::LJFunctorAVX<mdLib::MoleculeLJ, (bool)1, (bool)1, (autopas::FunctorN3Modes)2, (bool)0, (bool)0, (bool)1>>::SoALoader",,0.0,,,,,,,0.0,0.0,0.0,0.0,0.0,0.0,0.075861,0,0.151607,0,27.777778,0.0,,,0,0,0,0,,0.0,md-flexible,"autopas::Functor<mdLib::MoleculeLJ, mdLib::LJFunctorAVX<mdLib::MoleculeLJ, (bool)1, (bool)1, (autopas::FunctorN3Modes)2, (bool)0, (bool)0, (bool)1>>::SoALoader(std::vector<mdLib::MoleculeLJ*, std::allocator<mdLib::MoleculeLJ*>>&, autopas::SoA<std::tuple<std::vector<mdLib::MoleculeLJ*, autopas::AlignedAllocator<mdLib::MoleculeLJ*, (unsigned long)64>>, std::vector<unsigned long, autopas::AlignedAllocator<unsigned long, (unsigned long)64>>, std::vector<double, autopas::AlignedAllocator<double, (unsigned long)64>>, std::vector<double, autopas::AlignedAllocator<double, (unsigned long)64>>, std::vector<double, autopas::AlignedAllocator<double, (unsigned long)64>>, std::vector<double, autopas::AlignedAllocator<double, (unsigned long)64>>, std::vector<double, autopas::AlignedAllocator<double, (unsigned long)64>>, std::vector<double, autopas::AlignedAllocator<double, (unsigned long)64>>, std::vector<double, autopas::AlignedAllocator<double, (unsigned long)64>>, std::vector<double, autopas::AlignedAllocator<double, (unsigned long)64>>, std::vector<double, autopas::AlignedAllocator<double, (unsigned long)64>>, std::vector<double, autopas::AlignedAllocator<double, (unsigned long)64>>, std::vector<double, autopas::AlignedAllocator<double, (unsigned long)64>>, std::vector<double, autopas::AlignedAllocator<double, (unsigned long)64>>, std::vector<unsigned long, autopas::AlignedAllocator<unsigned long, (unsigned long)64>>, std::vector<autopas::OwnershipState, autopas::AlignedAllocator<autopas::OwnershipState, (unsigned long)64>>>>&)",Functor.h,0x5889f0
   _ZN7autopas7FunctorIN5mdLib10MoleculeLJENS1_12LJFunctorAVXIS2_Lb1ELb1ELNS_14FunctorN3ModesE2ELb0ELb0ELb1EEEE13SoALoaderImplIJLm0ELm1ELm2ELm3ELm4ELm5ELm6ELm7ELm8EEEEvRSt6vectorIPS2_SaIS9_EERNS_3SoAISt5tupleIJS8_IS9_NS_16AlignedAllocatorIS9_Lm64EEEES8_ImNSF_ImLm64EEEES8_IdNSF_IdLm64EEEESL_SL_SL_SL_SL_SL_SL_SL_SL_SL_SL_SJ_S8_INS_14OwnershipStateENSF_ISM_Lm64EEEEEEEESt16integer_sequenceImJXspT_EEE,,0.0,,,,,,,100.0,0.0,0.0,0.0,0.0,30.7,0.075861,0,0.151607,22927865,27.777778,0.0,,,0,0,0,0,,14.000000,md-flexible,_ZN7autopas7FunctorIN5mdLib10MoleculeLJENS1_12LJFunctorAVXIS2_Lb1ELb1ELNS_14FunctorN3ModesE2ELb0ELb0ELb1EEEE13SoALoaderImplIJLm0ELm1ELm2ELm3ELm4ELm5ELm6ELm7ELm8EEEEvRSt6vectorIPS2_SaIS9_EERNS_3SoAISt5tupleIJS8_IS9_NS_16AlignedAllocatorIS9_Lm64EEEES8_ImNSF_ImLm64EEEES8_IdNSF_IdLm64EEEESL_SL_SL_SL_SL_SL_SL_SL_SL_SL_SL_SJ_S8_INS_14OwnershipStateENSF_ISM_Lm64EEEEEEEESt16integer_sequenceImJXspT_EEE,Functor.h,0x5889f0
    "mdLib::MoleculeLJ::get<(mdLib::MoleculeLJ::AttributeNames)1, (bool)1>",,0.0,,,,,,,0.0,0.0,0.0,0.0,0.0,0.0,0.060689,0,0.0,0,5.555556,0.0,,,0,0,0,0,,0.0,md-flexible,"mdLib::MoleculeLJ::get<(mdLib::MoleculeLJ::AttributeNames)1, (bool)1>(void) const",MoleculeLJ.h,0x588a84
     "autopas::ParticleBase<double, unsigned long>::getID",,0.0,,,,,,,0.0,0.0,0.0,0.0,100.0,0.0,0.060689,18342292,0.0,0,5.555556,0.0,,,4587362,0,0,0,,0.0,md-flexible,"autopas::ParticleBase<double, unsigned long>::getID(void) const",ParticleBase.h,0x588a84
    "mdLib::MoleculeLJ::get<(mdLib::MoleculeLJ::AttributeNames)10, (bool)1>",,0.0,,,,,,,0.0,0.0,0.0,100.0,0.0,0.0,0.0,0,0.0,0,0.0,0.0,,,0,0,0,0,,0.0,md-flexible,"mdLib::MoleculeLJ::get<(mdLib::MoleculeLJ::AttributeNames)10, (bool)1>(void) const",MoleculeLJ.h,0x588adf
    "mdLib::MoleculeLJ::get<(mdLib::MoleculeLJ::AttributeNames)15, (bool)1>",,0.0,,,,,,,,0.0,,0.0,,,0.0,0,0.0,0,0.0,0.0,,,0,0,0,0,,24.000000,md-flexible,"mdLib::MoleculeLJ::get<(mdLib::MoleculeLJ::AttributeNames)15, (bool)1>(void) const",MoleculeLJ.h,0x588af8
    "mdLib::MoleculeLJ::get<(mdLib::MoleculeLJ::AttributeNames)2, (bool)1>",,0.0,,,,,,,0.0,49.8,0.0,0.0,99.7,0.0,0.015172,4585573,0.0,0,8.333333,0.0,,,6881043,0,0,0,,0.0,md-flexible,"mdLib::MoleculeLJ::get<(mdLib::MoleculeLJ::AttributeNames)2, (bool)1>(void) const",MoleculeLJ.h,0x588a8d
    "mdLib::MoleculeLJ::get<(mdLib::MoleculeLJ::AttributeNames)3, (bool)1>",,0.0,,,,,,,0.0,0.0,,0.0,,0.0,0.0,0,0.0,0,5.555556,0.0,,,4587362,0,0,0,,0.0,md-flexible,"mdLib::MoleculeLJ::get<(mdLib::MoleculeLJ::AttributeNames)3, (bool)1>(void) const",MoleculeLJ.h,0x588aa4
    "mdLib::MoleculeLJ::get<(mdLib::MoleculeLJ::AttributeNames)4, (bool)1>",,0.0,,,,,,,0.0,0.0,0.0,100.0,0.0,0.0,0.0,0,0.0,0,5.555556,0.0,,,4587362,0,0,0,,0.0,md-flexible,"mdLib::MoleculeLJ::get<(mdLib::MoleculeLJ::AttributeNames)4, (bool)1>(void) const",MoleculeLJ.h,0x588ab4
    "mdLib::MoleculeLJ::get<(mdLib::MoleculeLJ::AttributeNames)8, (bool)1>",,0.0,,,,,,,0.0,88.6,,0.0,,0.0,0.0,0,0.0,0,2.777778,0.0,,,2293681,0,0,0,,0.0,md-flexible,"mdLib::MoleculeLJ::get<(mdLib::MoleculeLJ::AttributeNames)8, (bool)1>(void) const",MoleculeLJ.h,0x588ac4
 "autopas::VLListIterationTraversal<autopas::ReferenceParticleCell<mdLib::MoleculeLJ>, mdLib::LJFunctorAVX<mdLib::MoleculeLJ, (bool)1, (bool)1, (autopas::FunctorN3Modes)2, (bool)0, (bool)0, (bool)1>>::traverseParticles._omp_fn.1",,0.0,,,,,,,0.0,0.0,30.7,0.0,30.7,0.0,0.060689,18342292,0.272893,41270157,0.0,0.0,,,0,0,0,0,,9.000000,md-flexible,"autopas::VLListIterationTraversal<autopas::ReferenceParticleCell<mdLib::MoleculeLJ>, mdLib::LJFunctorAVX<mdLib::MoleculeLJ, (bool)1, (bool)1, (autopas::FunctorN3Modes)2, (bool)0, (bool)0, (bool)1>>::traverseParticles._omp_fn.1",VLListIterationTraversal.h,0x57f7f0
 autopas::VerletListHelpers<mdLib::MoleculeLJ>::VerletListGeneratorFunctor::SoAFunctorPair,,0.0,,,,,,,31.1,0.0,3.2,2.2,10.7,0.3,18.676984,5360534837,2.577320,27513438,8.333333,0.0,,,4587362,0,0,0,,7.410448,md-flexible,"autopas::VerletListHelpers<mdLib::MoleculeLJ>::VerletListGeneratorFunctor::SoAFunctorPair(autopas::SoAView<std::tuple<std::vector<mdLib::MoleculeLJ*, autopas::AlignedAllocator<mdLib::MoleculeLJ*, (unsigned long)64>>, std::vector<unsigned long, autopas::AlignedAllocator<unsigned long, (unsigned long)64>>, std::vector<double, autopas::AlignedAllocator<double, (unsigned long)64>>, std::vector<double, autopas::AlignedAllocator<double, (unsigned long)64>>, std::vector<double, autopas::AlignedAllocator<double, (unsigned long)64>>, std::vector<double, autopas::AlignedAllocator<double, (unsigned long)64>>, std::vector<double, autopas::AlignedAllocator<double, (unsigned long)64>>, std::vector<double, autopas::AlignedAllocator<double, (unsigned long)64>>, std::vector<double, autopas::AlignedAllocator<double, (unsigned long)64>>, std::vector<double, autopas::AlignedAllocator<double, (unsigned long)64>>, std::vector<double, autopas::AlignedAllocator<double, (unsigned long)64>>, std::vector<double, autopas::AlignedAllocator<double, (unsigned long)64>>, std::vector<double, autopas::AlignedAllocator<double, (unsigned long)64>>, std::vector<double, autopas::AlignedAllocator<double, (unsigned long)64>>, std::vector<unsigned long, autopas::AlignedAllocator<unsigned long, (unsigned long)64>>, std::vector<autopas::OwnershipState, autopas::AlignedAllocator<autopas::OwnershipState, (unsigned long)64>>>>, autopas::SoAView<std::tuple<std::vector<mdLib::MoleculeLJ*, autopas::AlignedAllocator<mdLib::MoleculeLJ*, (unsigned long)64>>, std::vector<unsigned long, autopas::AlignedAllocator<unsigned long, (unsigned long)64>>, std::vector<double, autopas::AlignedAllocator<double, (unsigned long)64>>, std::vector<double, autopas::AlignedAllocator<double, (unsigned long)64>>, std::vector<double, autopas::AlignedAllocator<double, (unsigned long)64>>, std::vector<double, autopas::AlignedAllocator<double, (unsigned long)64>>, std::vector<double, autopas::AlignedAllocator<double, (unsigned long)64>>, std::vector<double, autopas::AlignedAllocator<double, (unsigned long)64>>, std::vector<double, autopas::AlignedAllocator<double, (unsigned long)64>>, std::vector<double, autopas::AlignedAllocator<double, (unsigned long)64>>, std::vector<double, autopas::AlignedAllocator<double, (unsigned long)64>>, std::vector<double, autopas::AlignedAllocator<double, (unsigned long)64>>, std::vector<double, autopas::AlignedAllocator<double, (unsigned long)64>>, std::vector<double, autopas::AlignedAllocator<double, (unsigned long)64>>, std::vector<unsigned long, autopas::AlignedAllocator<unsigned long, (unsigned long)64>>, std::vector<autopas::OwnershipState, autopas::AlignedAllocator<autopas::OwnershipState, (unsigned long)64>>>>, bool)",VerletListHelpers.h,0x509900
  "autopas::SoAView<std::tuple<std::vector<mdLib::MoleculeLJ*, autopas::AlignedAllocator<mdLib::MoleculeLJ*, (unsigned long)64>>, std::vector<unsigned long, autopas::AlignedAllocator<unsigned long, (unsigned long)64>>, std::vector<double, autopas::AlignedAllocator<double, (unsigned long)64>>, std::vector<double, autopas::AlignedAllocator<double, (unsigned long)64>>, std::vector<double, autopas::AlignedAllocator<double, (unsigned long)64>>, std::vector<double, autopas::AlignedAllocator<double, (unsigned long)64>>, std::vector<double, autopas::AlignedAllocator<double, (unsigned long)64>>, std::vector<double, autopas::AlignedAllocator<double, (unsigned long)64>>, std::vector<double, autopas::AlignedAllocator<double, (unsigned long)64>>, std::vector<double, autopas::AlignedAllocator<double, (unsigned long)64>>, std::vector<double, autopas::AlignedAllocator<double, (unsigned long)64>>, std::vector<double, autopas::AlignedAllocator<double, (unsigned long)64>>, std::vector<double, autopas::AlignedAllocator<double, (unsigned long)64>>, std::vector<double, autopas::AlignedAllocator<double, (unsigned long)64>>, std::vector<unsigned long, autopas::AlignedAllocator<unsigned long, (unsigned long)64>>, std::vector<autopas::OwnershipState, autopas::AlignedAllocator<autopas::OwnershipState, (unsigned long)64>>>>::begin<(unsigned long)3>",,0.0,,,,,,,0.0,0.0,0.0,0.0,0.0,0.0,0.015172,0,0.0,0,0.0,0.0,,,0,0,0,0,,0.0,md-flexible,"autopas::SoAView<std::tuple<std::vector<mdLib::MoleculeLJ*, autopas::AlignedAllocator<mdLib::MoleculeLJ*, (unsigned long)64>>, std::vector<unsigned long, autopas::AlignedAllocator<unsigned long, (unsigned long)64>>, std::vector<double, autopas::AlignedAllocator<double, (unsigned long)64>>, std::vector<double, autopas::AlignedAllocator<double, (unsigned long)64>>, std::vector<double, autopas::AlignedAllocator<double, (unsigned long)64>>, std::vector<double, autopas::AlignedAllocator<double, (unsigned long)64>>, std::vector<double, autopas::AlignedAllocator<double, (unsigned long)64>>, std::vector<double, autopas::AlignedAllocator<double, (unsigned long)64>>, std::vector<double, autopas::AlignedAllocator<double, (unsigned long)64>>, std::vector<double, autopas::AlignedAllocator<double, (unsigned long)64>>, std::vector<double, autopas::AlignedAllocator<double, (unsigned long)64>>, std::vector<double, autopas::AlignedAllocator<double, (unsigned long)64>>, std::vector<double, autopas::AlignedAllocator<double, (unsigned long)64>>, std::vector<double, autopas::AlignedAllocator<double, (unsigned long)64>>, std::vector<unsigned long, autopas::AlignedAllocator<unsigned long, (unsigned long)64>>, std::vector<autopas::OwnershipState, autopas::AlignedAllocator<autopas::OwnershipState, (unsigned long)64>>>>::begin<(unsigned long)3>(signed char, void)",SoAView.h,0x50999d
   "autopas::SoA<std::tuple<std::vector<mdLib::MoleculeLJ*, autopas::AlignedAllocator<mdLib::MoleculeLJ*, (unsigned long)64>>, std::vector<unsigned long, autopas::AlignedAllocator<unsigned long, (unsigned long)64>>, std::vector<double, autopas::AlignedAllocator<double, (unsigned long)64>>, std::vector<double, autopas::AlignedAllocator<double, (unsigned long)64>>, std::vector<double, autopas::AlignedAllocator<double, (unsigned long)64>>, std::vector<double, autopas::AlignedAllocator<double, (unsigned long)64>>, std::vector<double, autopas::AlignedAllocator<double, (unsigned long)64>>, std::vector<double, autopas::AlignedAllocator<double, (unsigned long)64>>, std::vector<double, autopas::AlignedAllocator<double, (unsigned long)64>>, std::vector<double, autopas::AlignedAllocator<double, (unsigned long)64>>, std::vector<double, autopas::AlignedAllocator<double, (unsigned long)64>>, std::vector<double, autopas::AlignedAllocator<double, (unsigned long)64>>, std::vector<double, autopas::AlignedAllocator<double, (unsigned long)64>>, std::vector<double, autopas::AlignedAllocator<double, (unsigned long)64>>, std::vector<unsigned long, autopas::AlignedAllocator<unsigned long, (unsigned long)64>>, std::vector<autopas::OwnershipState, autopas::AlignedAllocator<autopas::OwnershipState, (unsigned long)64>>>>::begin<(unsigned long)3>",,0.0,,,,,,,0.0,0.0,0.0,0.0,0.0,0.0,0.015172,0,0.0,0,0.0,0.0,,,0,0,0,0,,0.0,md-flexible,"autopas::SoA<std::tuple<std::vector<mdLib::MoleculeLJ*, autopas::AlignedAllocator<mdLib::MoleculeLJ*, (unsigned long)64>>, std::vector<unsigned long, autopas::AlignedAllocator<unsigned long, (unsigned long)64>>, std::vector<double, autopas::AlignedAllocator<double, (unsigned long)64>>, std::vector<double, autopas::AlignedAllocator<double, (unsigned long)64>>, std::vector<double, autopas::AlignedAllocator<double, (unsigned long)64>>, std::vector<double, autopas::AlignedAllocator<double, (unsigned long)64>>, std::vector<double, autopas::AlignedAllocator<double, (unsigned long)64>>, std::vector<double, autopas::AlignedAllocator<double, (unsigned long)64>>, std::vector<double, autopas::AlignedAllocator<double, (unsigned long)64>>, std::vector<double, autopas::AlignedAllocator<double, (unsigned long)64>>, std::vector<double, autopas::AlignedAllocator<double, (unsigned long)64>>, std::vector<double, autopas::AlignedAllocator<double, (unsigned long)64>>, std::vector<double, autopas::AlignedAllocator<double, (unsigned long)64>>, std::vector<double, autopas::AlignedAllocator<double, (unsigned long)64>>, std::vector<unsigned long, autopas::AlignedAllocator<unsigned long, (unsigned long)64>>, std::vector<autopas::OwnershipState, autopas::AlignedAllocator<autopas::OwnershipState, (unsigned long)64>>>>::begin<(unsigned long)3>(signed char, void)",SoA.h,0x50999d
    "std::vector<double, autopas::AlignedAllocator<double, (unsigned long)64>>::data",,0.0,,,,,,,0.0,0.0,0.0,0.0,0.0,0.0,0.015172,4585573,0.0,0,0.0,0.0,,,0,0,0,0,,7.000000,md-flexible,"std::vector<double, autopas::AlignedAllocator<double, (unsigned long)64>>::data(void)",stl_vector.h,0x50999d
  "autopas::SoAView<std::tuple<std::vector<mdLib::MoleculeLJ*, autopas::AlignedAllocator<mdLib::MoleculeLJ*, (unsigned long)64>>, std::vector<unsigned long, autopas::AlignedAllocator<unsigned long, (unsigned long)64>>, std::vector<double, autopas::AlignedAllocator<double, (unsigned long)64>>, std::vector<double, autopas::AlignedAllocator<double, (unsigned long)64>>, std::vector<double, autopas::AlignedAllocator<double, (unsigned long)64>>, std::vector<double, autopas::AlignedAllocator<double, (unsigned long)64>>, std::vector<double, autopas::AlignedAllocator<double, (unsigned long)64>>, std::vector<double, autopas::AlignedAllocator<double, (unsigned long)64>>, std::vector<double, autopas::AlignedAllocator<double, (unsigned long)64>>, std::vector<double, autopas::AlignedAllocator<double, (unsigned long)64>>, std::vector<double, autopas::AlignedAllocator<double, (unsigned long)64>>, std::vector<double, autopas::AlignedAllocator<double, (unsigned long)64>>, std::vector<double, autopas::AlignedAllocator<double, (unsigned long)64>>, std::vector<double, autopas::AlignedAllocator<double, (unsigned long)64>>, std::vector<unsigned long, autopas::AlignedAllocator<unsigned long, (unsigned long)64>>, std::vector<autopas::OwnershipState, autopas::AlignedAllocator<autopas::OwnershipState, (unsigned long)64>>>>::begin<(unsigned long)4>",,0.0,,,,,,,0.0,0.0,0.0,0.0,0.0,0.0,0.0,0,0.030321,0,0.0,0.0,,,0,0,0,0,,0.0,md-flexible,"autopas::SoAView<std::tuple<std::vector<mdLib::MoleculeLJ*, autopas::AlignedAllocator<mdLib::MoleculeLJ*, (unsigned long)64>>, std::vector<unsigned long, autopas::AlignedAllocator<unsigned long, (unsigned long)64>>, std::vector<double, autopas::AlignedAllocator<double, (unsigned long)64>>, std::vector<double, autopas::AlignedAllocator<double, (unsigned long)64>>, std::vector<double, autopas::AlignedAllocator<double, (unsigned long)64>>, std::vector<double, autopas::AlignedAllocator<double, (unsigned long)64>>, std::vector<double, autopas::AlignedAllocator<double, (unsigned long)64>>, std::vector<double, autopas::AlignedAllocator<double, (unsigned long)64>>, std::vector<double, autopas::AlignedAllocator<double, (unsigned long)64>>, std::vector<double, autopas::AlignedAllocator<double, (unsigned long)64>>, std::vector<double, autopas::AlignedAllocator<double, (unsigned long)64>>, std::vector<double, autopas::AlignedAllocator<double, (unsigned long)64>>, std::vector<double, autopas::AlignedAllocator<double, (unsigned long)64>>, std::vector<double, autopas::AlignedAllocator<double, (unsigned long)64>>, std::vector<unsigned long, autopas::AlignedAllocator<unsigned long, (unsigned long)64>>, std::vector<autopas::OwnershipState, autopas::AlignedAllocator<autopas::OwnershipState, (unsigned long)64>>>>::begin<(unsigned long)4>(signed char, void)",SoAView.h,0x5099a9
   "autopas::SoA<std::tuple<std::vector<mdLib::MoleculeLJ*, autopas::AlignedAllocator<mdLib::MoleculeLJ*, (unsigned long)64>>, std::vector<unsigned long, autopas::AlignedAllocator<unsigned long, (unsigned long)64>>, std::vector<double, autopas::AlignedAllocator<double, (unsigned long)64>>, std::vector<double, autopas::AlignedAllocator<double, (unsigned long)64>>, std::vector<double, autopas::AlignedAllocator<double, (unsigned long)64>>, std::vector<double, autopas::AlignedAllocator<double, (unsigned long)64>>, std::vector<double, autopas::AlignedAllocator<double, (unsigned long)64>>, std::vector<double, autopas::AlignedAllocator<double, (unsigned long)64>>, std::vector<double, autopas::AlignedAllocator<double, (unsigned long)64>>, std::vector<double, autopas::AlignedAllocator<double, (unsigned long)64>>, std::vector<double, autopas::AlignedAllocator<double, (unsigned long)64>>, std::vector<double, autopas::AlignedAllocator<double, (unsigned long)64>>, std::vector<double, autopas::AlignedAllocator<double, (unsigned long)64>>, std::vector<double, autopas::AlignedAllocator<double, (unsigned long)64>>, std::vector<unsigned long, autopas::AlignedAllocator<unsigned long, (unsigned long)64>>, std::vector<autopas::OwnershipState, autopas::AlignedAllocator<autopas::OwnershipState, (unsigned long)64>>>>::begin<(unsigned long)4>",,0.0,,,,,,,0.0,0.0,0.0,0.0,0.0,0.0,0.0,0,0.030321,0,0.0,0.0,,,0,0,0,0,,0.0,md-flexible,"autopas::SoA<std::tuple<std::vector<mdLib::MoleculeLJ*, autopas::AlignedAllocator<mdLib::MoleculeLJ*, (unsigned long)64>>, std::vector<unsigned long, autopas::AlignedAllocator<unsigned long, (unsigned long)64>>, std::vector<double, autopas::AlignedAllocator<double, (unsigned long)64>>, std::vector<double, autopas::AlignedAllocator<double, (unsigned long)64>>, std::vector<double, autopas::AlignedAllocator<double, (unsigned long)64>>, std::vector<double, autopas::AlignedAllocator<double, (unsigned long)64>>, std::vector<double, autopas::AlignedAllocator<double, (unsigned long)64>>, std::vector<double, autopas::AlignedAllocator<double, (unsigned long)64>>, std::vector<double, autopas::AlignedAllocator<double, (unsigned long)64>>, std::vector<double, autopas::AlignedAllocator<double, (unsigned long)64>>, std::vector<double, autopas::AlignedAllocator<double, (unsigned long)64>>, std::vector<double, autopas::AlignedAllocator<double, (unsigned long)64>>, std::vector<double, autopas::AlignedAllocator<double, (unsigned long)64>>, std::vector<double, autopas::AlignedAllocator<double, (unsigned long)64>>, std::vector<unsigned long, autopas::AlignedAllocator<unsigned long, (unsigned long)64>>, std::vector<autopas::OwnershipState, autopas::AlignedAllocator<autopas::OwnershipState, (unsigned long)64>>>>::begin<(unsigned long)4>(signed char, void)",SoA.h,0x5099a9
    "std::vector<double, autopas::AlignedAllocator<double, (unsigned long)64>>::data",,0.0,,,,,,,,0.0,0.0,0.0,0.0,0.0,0.0,0,0.030321,4585573,0.0,0.0,,,0,0,0,0,,0.0,md-flexible,"std::vector<double, autopas::AlignedAllocator<double, (unsigned long)64>>::data(void)",stl_vector.h,0x5099a9
  "std::unordered_map<mdLib::MoleculeLJ*, std::vector<mdLib::MoleculeLJ*, std::allocator<mdLib::MoleculeLJ*>>, std::hash<mdLib::MoleculeLJ*>, std::equal_to<mdLib::MoleculeLJ*>, std::allocator<std::pair<mdLib::MoleculeLJ* const, std::vector<mdLib::MoleculeLJ*, std::allocator<mdLib::MoleculeLJ*>>>>>::at",,0.0,,,,,,,,36.2,0.0,0.0,0.0,0.0,0.015172,4585573,0.0,0,0.0,0.0,,,0,0,0,0,,7.000000,md-flexible,"std::unordered_map<mdLib::MoleculeLJ*, std::vector<mdLib::MoleculeLJ*, std::allocator<mdLib::MoleculeLJ*>>, std::hash<mdLib::MoleculeLJ*>, std::equal_to<mdLib::MoleculeLJ*>, std::allocator<std::pair<mdLib::MoleculeLJ* const, std::vector<mdLib::MoleculeLJ*, std::allocator<mdLib::MoleculeLJ*>>>>>::at(mdLib::MoleculeLJ* const&)",unordered_map.h,0x5099da
  "std::vector<mdLib::MoleculeLJ*, std::allocator<mdLib::MoleculeLJ*>>::push_back",,0.0,,,,,,,84.5,13.1,0.0,0.0,0.0,6.5,0.910332,238449796,2.365070,105468179,2.777778,0.0,,,0,0,0,0,,8.050000,md-flexible,"std::vector<mdLib::MoleculeLJ*, std::allocator<mdLib::MoleculeLJ*>>::push_back(mdLib::MoleculeLJ* const&)",stl_vector.h,0x509979
   _ZSt12construct_atIPN5mdLib10MoleculeLJEJRKS2_EEDTgsnwcvPvLi0E_T_pispcl7declvalIT0_EEEEPS6_DpOS7_,,0.0,,,,,,,100.0,0.0,29.0,0.0,29.0,0.0,0.060689,18342292,1.667677,252206515,2.777778,0.0,,,2293681,0,0,0,,7.666667,md-flexible,_ZSt12construct_atIPN5mdLib10MoleculeLJEJRKS2_EEDTgsnwcvPvLi0E_T_pispcl7declvalIT0_EEEEPS6_DpOS7_,stl_construct.h,0x509ab7
   _ZSt12construct_atIPN5mdLib10MoleculeLJEJRKS2_EEDTgsnwcvPvLi0E_T_pispcl7declvalIT0_EEEEPS6_DpOS7_,,0.0,,,,,,,0.0,0.0,0.0,0.0,0.0,0.0,0.060689,18342292,0.0,0,0.0,0.0,,,0,0,0,0,,0.0,md-flexible,_ZSt12construct_atIPN5mdLib10MoleculeLJEJRKS2_EEDTgsnwcvPvLi0E_T_pispcl7declvalIT0_EEEEPS6_DpOS7_,stl_construct.h,0x509bfe
 autopas::VerletListHelpers<mdLib::MoleculeLJ>::VerletListGeneratorFunctor::SoAFunctorSingle,,0.0,,,,,,,100.0,18.5,0.0,9.3,9.3,9.3,1.653770,394359278,0.848999,41270157,0.0,0.0,,,0,0,0,0,,7.500000,md-flexible,"autopas::VerletListHelpers<mdLib::MoleculeLJ>::VerletListGeneratorFunctor::SoAFunctorSingle(autopas::SoAView<std::tuple<std::vector<mdLib::MoleculeLJ*, autopas::AlignedAllocator<mdLib::MoleculeLJ*, (unsigned long)64>>, std::vector<unsigned long, autopas::AlignedAllocator<unsigned long, (unsigned long)64>>, std::vector<double, autopas::AlignedAllocator<double, (unsigned long)64>>, std::vector<double, autopas::AlignedAllocator<double, (unsigned long)64>>, std::vector<double, autopas::AlignedAllocator<double, (unsigned long)64>>, std::vector<double, autopas::AlignedAllocator<double, (unsigned long)64>>, std::vector<double, autopas::AlignedAllocator<double, (unsigned long)64>>, std::vector<double, autopas::AlignedAllocator<double, (unsigned long)64>>, std::vector<double, autopas::AlignedAllocator<double, (unsigned long)64>>, std::vector<double, autopas::AlignedAllocator<double, (unsigned long)64>>, std::vector<double, autopas::AlignedAllocator<double, (unsigned long)64>>, std::vector<double, autopas::AlignedAllocator<double, (unsigned long)64>>, std::vector<double, autopas::AlignedAllocator<double, (unsigned long)64>>, std::vector<double, autopas::AlignedAllocator<double, (unsigned long)64>>, std::vector<unsigned long, autopas::AlignedAllocator<unsigned long, (unsigned long)64>>, std::vector<autopas::OwnershipState, autopas::AlignedAllocator<autopas::OwnershipState, (unsigned long)64>>>>, bool)",VerletListHelpers.h,0x509e00
  "autopas::SoAView<std::tuple<std::vector<mdLib::MoleculeLJ*, autopas::AlignedAllocator<mdLib::MoleculeLJ*, (unsigned long)64>>, std::vector<unsigned long, autopas::AlignedAllocator<unsigned long, (unsigned long)64>>, std::vector<double, autopas::AlignedAllocator<double, (unsigned long)64>>, std::vector<double, autopas::AlignedAllocator<double, (unsigned long)64>>, std::vector<double, autopas::AlignedAllocator<double, (unsigned long)64>>, std::vector<double, autopas::AlignedAllocator<double, (unsigned long)64>>, std::vector<double, autopas::AlignedAllocator<double, (unsigned long)64>>, std::vector<double, autopas::AlignedAllocator<double, (unsigned long)64>>, std::vector<double, autopas::AlignedAllocator<double, (unsigned long)64>>, std::vector<double, autopas::AlignedAllocator<double, (unsigned long)64>>, std::vector<double, autopas::AlignedAllocator<double, (unsigned long)64>>, std::vector<double, autopas::AlignedAllocator<double, (unsigned long)64>>, std::vector<double, autopas::AlignedAllocator<double, (unsigned long)64>>, std::vector<double, autopas::AlignedAllocator<double, (unsigned long)64>>, std::vector<unsigned long, autopas::AlignedAllocator<unsigned long, (unsigned long)64>>, std::vector<autopas::OwnershipState, autopas::AlignedAllocator<autopas::OwnershipState, (unsigned long)64>>>>::begin<(unsigned long)4>",,0.0,,,,,,,0.0,0.0,0.0,0.0,0.0,0.0,0.0,0,0.030321,4585573,0.0,0.0,,,0,0,0,0,,0.0,md-flexible,"autopas::SoAView<std::tuple<std::vector<mdLib::MoleculeLJ*, autopas::AlignedAllocator<mdLib::MoleculeLJ*, (unsigned long)64>>, std::vector<unsigned long, autopas::AlignedAllocator<unsigned long, (unsigned long)64>>, std::vector<double, autopas::AlignedAllocator<double, (unsigned long)64>>, std::vector<double, autopas::AlignedAllocator<double, (unsigned long)64>>, std::vector<double, autopas::AlignedAllocator<double, (unsigned long)64>>, std::vector<double, autopas::AlignedAllocator<double, (unsigned long)64>>, std::vector<double, autopas::AlignedAllocator<double, (unsigned long)64>>, std::vector<double, autopas::AlignedAllocator<double, (unsigned long)64>>, std::vector<double, autopas::AlignedAllocator<double, (unsigned long)64>>, std::vector<double, autopas::AlignedAllocator<double, (unsigned long)64>>, std::vector<double, autopas::AlignedAllocator<double, (unsigned long)64>>, std::vector<double, autopas::AlignedAllocator<double, (unsigned long)64>>, std::vector<double, autopas::AlignedAllocator<double, (unsigned long)64>>, std::vector<double, autopas::AlignedAllocator<double, (unsigned long)64>>, std::vector<unsigned long, autopas::AlignedAllocator<unsigned long, (unsigned long)64>>, std::vector<autopas::OwnershipState, autopas::AlignedAllocator<autopas::OwnershipState, (unsigned long)64>>>>::begin<(unsigned long)4>(signed char, void)",SoAView.h,0x509e6d
  "std::unordered_map<mdLib::MoleculeLJ*, std::vector<mdLib::MoleculeLJ*, std::allocator<mdLib::MoleculeLJ*>>, std::hash<mdLib::MoleculeLJ*>, std::equal_to<mdLib::MoleculeLJ*>, std::allocator<std::pair<mdLib::MoleculeLJ* const, std::vector<mdLib::MoleculeLJ*, std::allocator<mdLib::MoleculeLJ*>>>>>::at",,0.0,,,,,,,,0.0,0.0,100.0,0.0,0.0,0.015172,4585573,0.0,0,0.0,0.0,,,0,0,0,0,,0.0,md-flexible,"std::unordered_map<mdLib::MoleculeLJ*, std::vector<mdLib::MoleculeLJ*, std::allocator<mdLib::MoleculeLJ*>>, std::hash<mdLib::MoleculeLJ*>, std::equal_to<mdLib::MoleculeLJ*>, std::allocator<std::pair<mdLib::MoleculeLJ* const, std::vector<mdLib::MoleculeLJ*, std::allocator<mdLib::MoleculeLJ*>>>>>::at(mdLib::MoleculeLJ* const&)",unordered_map.h,0x509e94
  "std::unordered_map<mdLib::MoleculeLJ*, std::vector<mdLib::MoleculeLJ*, std::allocator<mdLib::MoleculeLJ*>>, std::hash<mdLib::MoleculeLJ*>, std::equal_to<mdLib::MoleculeLJ*>, std::allocator<std::pair<mdLib::MoleculeLJ* const, std::vector<mdLib::MoleculeLJ*, std::allocator<mdLib::MoleculeLJ*>>>>>::at",,0.0,,,,,,,,100.0,0.0,0.0,0.0,0.0,0.0,0,0.0,0,0.0,0.0,,,0,0,0,0,,7.333333,md-flexible,"std::unordered_map<mdLib::MoleculeLJ*, std::vector<mdLib::MoleculeLJ*, std::allocator<mdLib::MoleculeLJ*>>, std::hash<mdLib::MoleculeLJ*>, std::equal_to<mdLib::MoleculeLJ*>, std::allocator<std::pair<mdLib::MoleculeLJ* const, std::vector<mdLib::MoleculeLJ*, std::allocator<mdLib::MoleculeLJ*>>>>>::at(mdLib::MoleculeLJ* const&)",unordered_map.h,0x509fab
  "std::vector<mdLib::MoleculeLJ*, std::allocator<mdLib::MoleculeLJ*>>::push_back",,0.0,,,,,,,0.0,0.0,0.0,0.0,0.0,0.0,0.212411,59612449,0.212250,9171146,0.0,0.0,,,0,0,0,0,,8.000000,md-flexible,"std::vector<mdLib::MoleculeLJ*, std::allocator<mdLib::MoleculeLJ*>>::push_back(mdLib::MoleculeLJ* const&)",stl_vector.h,0x509fe3
   _ZSt12construct_atIPN5mdLib10MoleculeLJEJRKS2_EEDTgsnwcvPvLi0E_T_pispcl7declvalIT0_EEEEPS6_DpOS7_,,0.0,,,,,,,100.0,0.0,0.0,0.0,28.5,0.0,0.015172,4585573,0.151607,22927865,0.0,0.0,,,0,0,0,0,,7.000000,md-flexible,_ZSt12construct_atIPN5mdLib10MoleculeLJEJRKS2_EEDTgsnwcvPvLi0E_T_pispcl7declvalIT0_EEEEPS6_DpOS7_,stl_construct.h,0x509ff1
  "std::vector<mdLib::MoleculeLJ*, std::allocator<mdLib::MoleculeLJ*>>::push_back",,0.0,,,,,,,100.0,0.0,0.0,0.0,0.0,44.3,0.121378,36684584,0.333535,13756719,0.0,0.0,,,0,0,0,0,,9.250000,md-flexible,"std::vector<mdLib::MoleculeLJ*, std::allocator<mdLib::MoleculeLJ*>>::push_back(mdLib::MoleculeLJ* const&)",stl_vector.h,0x509f7e
   _ZSt12construct_atIPN5mdLib10MoleculeLJEJRKS2_EEDTgsnwcvPvLi0E_T_pispcl7declvalIT0_EEEEPS6_DpOS7_,,0.0,,,,,,,,0.0,0.0,0.0,0.0,0.0,0.0,0,0.242571,36684584,0.0,0.0,,,0,0,0,0,,0.0,md-flexible,_ZSt12construct_atIPN5mdLib10MoleculeLJEJRKS2_EEDTgsnwcvPvLi0E_T_pispcl7declvalIT0_EEEEPS6_DpOS7_,stl_construct.h,0x509f8c
 "autopas::VerletLists<mdLib::MoleculeLJ, autopas::VerletListsLinkedReferencesBase>::generateSoAListFromAoSVerletLists",,0.0,,,,,,,13.5,13.6,,0.0,,0.0,3.626157,385188132,5.215282,669493658,0.0,7.142857,,,0,0,0,0,,7.454545,md-flexible,"autopas::VerletLists<mdLib::MoleculeLJ, autopas::VerletListsLinkedReferencesBase>::generateSoAListFromAoSVerletLists(void)",VerletLists.h,0x5402c0
  "std::sort<__gnu_cxx::__normal_iterator<unsigned long*, std::vector<unsigned long, autopas::AlignedAllocator<unsigned long, (unsigned long)64>>>>",,0.0,,,,,,,6.4,6.7,0.0,0.0,0.0,0.0,1.577909,110053752,0.697392,105468179,0.0,0.0,,,0,0,0,0,,7.000000,md-flexible,"std::sort<__gnu_cxx::__normal_iterator<unsigned long*, std::vector<unsigned long, autopas::AlignedAllocator<unsigned long, (unsigned long)64>>>>(__gnu_cxx::__normal_iterator<unsigned long*, std::vector<unsigned long, autopas::AlignedAllocator<unsigned long, (unsigned long)64>>>, __gnu_cxx::__normal_iterator<unsigned long*, std::vector<unsigned long, autopas::AlignedAllocator<unsigned long, (unsigned long)64>>>)",stl_algo.h,0x540581
   "__gnu_cxx::__normal_iterator<unsigned long*, std::vector<unsigned long, autopas::AlignedAllocator<unsigned long, (unsigned long)64>>>::operator--",,0.0,,,,,,,0.0,24.9,0.0,0.0,0.0,0.0,0.0,0,0.0,0,0.0,0.0,,,0,0,0,0,,0.0,md-flexible,"__gnu_cxx::__normal_iterator<unsigned long*, std::vector<unsigned long, autopas::AlignedAllocator<unsigned long, (unsigned long)64>>>::operator--(void)",stl_iterator.h,0x5406a4
   "__gnu_cxx::__ops::_Iter_less_iter::operator()<__gnu_cxx::__normal_iterator<unsigned long*, std::vector<unsigned long, autopas::AlignedAllocator<unsigned long, (unsigned long)64>>>, __gnu_cxx::__normal_iterator<unsigned long*, std::vector<unsigned long, autopas::AlignedAllocator<unsigned long, (unsigned long)64>>>>",,0.0,,,,,,,,0.0,0.0,0.0,0.0,0.0,0.091033,27513438,0.0,0,0.0,0.0,,,0,0,0,0,,7.000000,md-flexible,"__gnu_cxx::__ops::_Iter_less_iter::operator()<__gnu_cxx::__normal_iterator<unsigned long*, std::vector<unsigned long, autopas::AlignedAllocator<unsigned long, (unsigned long)64>>>, __gnu_cxx::__normal_iterator<unsigned long*, std::vector<unsigned long, autopas::AlignedAllocator<unsigned long, (unsigned long)64>>>>(__gnu_cxx::__normal_iterator<unsigned long*, std::vector<unsigned long, autopas::AlignedAllocator<unsigned long, (unsigned long)64>>>, __gnu_cxx::__normal_iterator<unsigned long*, std::vector<unsigned long, autopas::AlignedAllocator<unsigned long, (unsigned long)64>>>) const",predefined_ops.h,0x540624
   "__gnu_cxx::__ops::_Val_less_iter::operator()<unsigned long, __gnu_cxx::__normal_iterator<unsigned long*, std::vector<unsigned long, autopas::AlignedAllocator<unsigned long, (unsigned long)64>>>>",,0.0,,,,,,,0.0,0.0,0.0,0.0,0.0,0.0,0.091033,27513438,0.0,0,0.0,0.0,,,0,0,0,0,,7.000000,md-flexible,"__gnu_cxx::__ops::_Val_less_iter::operator()<unsigned long, __gnu_cxx::__normal_iterator<unsigned long*, std::vector<unsigned long, autopas::AlignedAllocator<unsigned long, (unsigned long)64>>>>(unsigned long&, __gnu_cxx::__normal_iterator<unsigned long*, std::vector<unsigned long, autopas::AlignedAllocator<unsigned long, (unsigned long)64>>>) const",predefined_ops.h,0x540630
   "__gnu_cxx::__ops::_Val_less_iter::operator()<unsigned long, __gnu_cxx::__normal_iterator<unsigned long*, std::vector<unsigned long, autopas::AlignedAllocator<unsigned long, (unsigned long)64>>>>",,0.0,,,,,,,0.0,19.0,0.0,0.0,0.0,0.0,1.031710,311818964,0.0,0,0.0,0.0,,,0,0,0,0,,8.515152,md-flexible,"__gnu_cxx::__ops::_Val_less_iter::operator()<unsigned long, __gnu_cxx::__normal_iterator<unsigned long*, std::vector<unsigned long, autopas::AlignedAllocator<unsigned long, (unsigned long)64>>>>(unsigned long&, __gnu_cxx::__normal_iterator<unsigned long*, std::vector<unsigned long, autopas::AlignedAllocator<unsigned long, (unsigned long)64>>>) const",predefined_ops.h,0x54068b
  "std::unordered_map<mdLib::MoleculeLJ const*, unsigned long, std::hash<mdLib::MoleculeLJ const*>, std::equal_to<mdLib::MoleculeLJ const*>, std::allocator<std::pair<mdLib::MoleculeLJ const* const, unsigned long>>>::find",,0.0,,,,,,,100.0,31.8,,10.6,,3.5,0.743438,224693077,0.0,0,0.0,7.142857,,,0,4585757,0,0,,9.125000,md-flexible,"std::unordered_map<mdLib::MoleculeLJ const*, unsigned long, std::hash<mdLib::MoleculeLJ const*>, std::equal_to<mdLib::MoleculeLJ const*>, std::allocator<std::pair<mdLib::MoleculeLJ const* const, unsigned long>>>::find(mdLib::MoleculeLJ const* const&)",unordered_map.h,0x54050b
  "std::unordered_map<mdLib::MoleculeLJ const*, unsigned long, std::hash<mdLib::MoleculeLJ const*>, std::equal_to<mdLib::MoleculeLJ const*>, std::allocator<std::pair<mdLib::MoleculeLJ const* const, unsigned long>>>::find",,0.0,,,,,,,0.0,0.0,22.2,22.2,66.5,0.0,0.015172,4585573,0.0,0,0.0,0.0,,,0,0,0,0,,0.0,md-flexible,"std::unordered_map<mdLib::MoleculeLJ const*, unsigned long, std::hash<mdLib::MoleculeLJ const*>, std::equal_to<mdLib::MoleculeLJ const*>, std::allocator<std::pair<mdLib::MoleculeLJ const* const, unsigned long>>>::find(mdLib::MoleculeLJ const* const&)",unordered_map.h,0x540490
  "std::vector<mdLib::MoleculeLJ*, std::allocator<mdLib::MoleculeLJ*>>::begin",,0.0,,,,,,,0.0,0.0,0.0,0.0,0.0,0.0,0.015172,0,0.090964,0,0.0,0.0,,,0,0,0,0,,0.0,md-flexible,"std::vector<mdLib::MoleculeLJ*, std::allocator<mdLib::MoleculeLJ*>>::begin(void) const",stl_vector.h,0x5404d1
   "__gnu_cxx::__normal_iterator<mdLib::MoleculeLJ** const, std::vector<mdLib::MoleculeLJ*, std::allocator<mdLib::MoleculeLJ*>>>::__normal_iterator",,0.0,,,,,,,0.0,0.0,0.0,0.0,0.0,0.0,0.015172,4585573,0.0,0,0.0,0.0,,,0,0,0,0,,0.0,md-flexible,"__gnu_cxx::__normal_iterator<mdLib::MoleculeLJ** const, std::vector<mdLib::MoleculeLJ*, std::allocator<mdLib::MoleculeLJ*>>>::__normal_iterator(mdLib::MoleculeLJ** const const&)",stl_iterator.h,0x5404d1
   "__gnu_cxx::__normal_iterator<mdLib::MoleculeLJ** const, std::vector<mdLib::MoleculeLJ*, std::allocator<mdLib::MoleculeLJ*>>>::__normal_iterator",,0.0,,,,,,,0.0,0.0,0.0,0.0,0.0,0.0,0.0,0,0.090964,13756719,0.0,0.0,,,0,0,0,0,,0.0,md-flexible,"__gnu_cxx::__normal_iterator<mdLib::MoleculeLJ** const, std::vector<mdLib::MoleculeLJ*, std::allocator<mdLib::MoleculeLJ*>>>::__normal_iterator(mdLib::MoleculeLJ** const const&)",stl_iterator.h,0x5404d1
  "std::vector<std::vector<unsigned long, autopas::AlignedAllocator<unsigned long, (unsigned long)64>>, std::allocator<std::vector<unsigned long, autopas::AlignedAllocator<unsigned long, (unsigned long)64>>>>::operator[]",,0.0,,,,,,,0.0,0.0,0.0,0.0,0.0,0.0,0.0,0,0.0,0,0.0,0.0,,,0,0,0,0,,8.800000,md-flexible,"std::vector<std::vector<unsigned long, autopas::AlignedAllocator<unsigned long, (unsigned long)64>>, std::allocator<std::vector<unsigned long, autopas::AlignedAllocator<unsigned long, (unsigned long)64>>>>::operator[](unsigned long)",stl_vector.h,0x5404ec
 "autopas::VerletLists<mdLib::MoleculeLJ, autopas::VerletListsLinkedReferencesBase>::~VerletLists",,0.0,,,,,,,0.0,0.0,0.0,0.0,0.0,0.0,0.0,0,0.0,0,0.0,0.0,,,0,0,0,0,,0.0,md-flexible,"autopas::VerletLists<mdLib::MoleculeLJ, autopas::VerletListsLinkedReferencesBase>::~VerletLists(void)",VerletLists.h,0x524d10
  "autopas::VerletLists<mdLib::MoleculeLJ, autopas::VerletListsLinkedReferencesBase>::~VerletLists",,0.0,,,,,,,0.0,0.0,0.0,0.0,0.0,0.0,0.0,0,0.0,0,0.0,0.0,,,0,0,0,0,,0.0,md-flexible,"autopas::VerletLists<mdLib::MoleculeLJ, autopas::VerletListsLinkedReferencesBase>::~VerletLists(void)",VerletLists.h,0x524d10
   "std::unordered_map<mdLib::MoleculeLJ const*, unsigned long, std::hash<mdLib::MoleculeLJ const*>, std::equal_to<mdLib::MoleculeLJ const*>, std::allocator<std::pair<mdLib::MoleculeLJ const* const, unsigned long>>>::~unordered_map",,0.0,,,,,,,0.0,100.0,0.0,0.0,100.0,0.0,0.0,0,0.0,0,0.0,0.0,,,0,0,0,0,,0.0,md-flexible,"std::unordered_map<mdLib::MoleculeLJ const*, unsigned long, std::hash<mdLib::MoleculeLJ const*>, std::equal_to<mdLib::MoleculeLJ const*>, std::allocator<std::pair<mdLib::MoleculeLJ const* const, unsigned long>>>::~unordered_map(void)",unordered_map.h,0x524d87
 autopas::VerletListsLinkedReferencesBase<mdLib::MoleculeLJ>::getRegionIterator,,0.0,,,,,,,0.0,0.0,0.0,0.0,0.0,0.0,0.0,0,0.030321,4585573,0.0,0.0,,,0,0,0,0,,0.0,md-flexible,"autopas::VerletListsLinkedReferencesBase<mdLib::MoleculeLJ>::getRegionIterator(std::array<double, (unsigned long)3> const&, std::array<double, (unsigned long)3> const&, autopas::options::IteratorBehavior, std::optional<std::reference_wrapper<std::vector<std::vector<mdLib::MoleculeLJ, std::allocator<mdLib::MoleculeLJ>>*, std::allocator<std::vector<mdLib::MoleculeLJ, std::allocator<mdLib::MoleculeLJ>>*>>>>)",VerletListsLinkedReferencesBase.h,0x523640
 autopas::VerletListsLinkedReferencesBase<mdLib::MoleculeLJ>::sortingKeyForParticle,,0.0,,,,,,,0.0,0.0,0.0,0.0,0.0,0.0,7.252314,197179639,9.126743,32099011,0.0,0.0,,,0,0,0,0,,8.666667,md-flexible,autopas::VerletListsLinkedReferencesBase<mdLib::MoleculeLJ>::sortingKeyForParticle(mdLib::MoleculeLJ const&) const,VerletListsLinkedReferencesBase.h,0x537b00
  autopas::VerletListsLinkedReferencesBase<mdLib::MoleculeLJ>::bitsNeededForGrid,,0.0,,,,,,,0.0,0.0,0.0,0.0,0.0,0.0,0.0,0,0.697392,0,0.0,0.0,,,0,0,0,0,,0.0,md-flexible,"autopas::VerletListsLinkedReferencesBase<mdLib::MoleculeLJ>::bitsNeededForGrid(std::array<unsigned long, (unsigned long)3> const&) const",VerletListsLinkedReferencesBase.h,0x537fa0
   autopas::VerletListsLinkedReferencesBase<mdLib::MoleculeLJ>::bitsNeeded,,0.0,,,,,,,0.0,0.0,0.0,0.0,0.0,0.0,0.0,0,0.697392,105468179,0.0,0.0,,,0,0,0,0,,0.0,md-flexible,autopas::VerletListsLinkedReferencesBase<mdLib::MoleculeLJ>::bitsNeeded(unsigned long) const,VerletListsLinkedReferencesBase.h,0x537fb1
   std::max<unsigned long>,,0.0,,,,,,,100.0,100.0,0.0,0.0,0.0,0.0,0.0,0,0.0,0,0.0,0.0,,,0,0,0,0,,0.0,md-flexible,std::max<unsigned long>(std::initializer_list<unsigned long>),stl_algo.h,0x537fa0
  autopas::VerletListsLinkedReferencesBase<mdLib::MoleculeLJ>::getCellCoordinateForPosition,,0.0,,,,,,,50.9,12.5,0.0,0.0,0.0,0.0,0.106205,32099011,0.242571,36684584,0.0,0.0,,,0,0,0,0,,26.000000,md-flexible,"autopas::VerletListsLinkedReferencesBase<mdLib::MoleculeLJ>::getCellCoordinateForPosition(std::array<double, (unsigned long)3> const&) const",VerletListsLinkedReferencesBase.h,0x537c48
  autopas::VerletListsLinkedReferencesBase<mdLib::MoleculeLJ>::getCellGridSize,,0.0,,,,,,,,44.3,0.0,0.0,0.0,0.0,0.0,0,0.0,0,0.0,0.0,,,0,0,0,0,,8.600000,md-flexible,autopas::VerletListsLinkedReferencesBase<mdLib::MoleculeLJ>::getCellGridSize(void) const,VerletListsLinkedReferencesBase.h,0x537c77
  autopas::VerletListsLinkedReferencesBase<mdLib::MoleculeLJ>::hilbertAxesToTranspose,,0.0,,,,,,,18.0,9.3,0.0,0.0,0.0,0.0,0.0,0,0.0,0,0.0,0.0,,,0,0,0,0,,0.0,md-flexible,"autopas::VerletListsLinkedReferencesBase<mdLib::MoleculeLJ>::hilbertAxesToTranspose(std::array<unsigned long, (unsigned long)3>&, unsigned int) const",VerletListsLinkedReferencesBase.h,0x537fd9
  autopas::VerletListsLinkedReferencesBase<mdLib::MoleculeLJ>::hilbertKey,,0.0,,,,,,,4.3,2.5,2.5,0.0,0.0,0.0,6.493704,761205118,7.974530,0,0.0,0.0,,,0,0,0,0,,36.744681,md-flexible,"autopas::VerletListsLinkedReferencesBase<mdLib::MoleculeLJ>::hilbertKey(std::array<unsigned long, (unsigned long)3>, unsigned int) const",VerletListsLinkedReferencesBase.h,0x537fd9
   autopas::VerletListsLinkedReferencesBase<mdLib::MoleculeLJ>::hilbertAxesToTranspose,,0.0,,,,,,,29.4,15.1,0.0,0.0,0.0,0.0,3.975118,1201420126,7.974530,1206005699,0.0,0.0,,,0,0,0,0,,36.829268,md-flexible,"autopas::VerletListsLinkedReferencesBase<mdLib::MoleculeLJ>::hilbertAxesToTranspose(std::array<unsigned long, (unsigned long)3>&, unsigned int) const",VerletListsLinkedReferencesBase.h,0x537fd9
 autopas::VerletListsLinkedReferencesBase<mdLib::MoleculeLJ>::updateContainer,,0.0,,,,,,,0.0,0.0,0.0,0.0,0.0,0.0,0.045517,0,0.090964,0,0.0,0.0,,,0,0,0,0,,0.0,md-flexible,autopas::VerletListsLinkedReferencesBase<mdLib::MoleculeLJ>::updateContainer(bool),VerletListsLinkedReferencesBase.h,0x546630
  autopas::VerletListsLinkedReferencesBase<mdLib::MoleculeLJ>::sortParticlesByConfiguredKey,,0.0,,,,,,,0.0,0.0,0.0,0.0,0.0,0.0,0.045517,0,0.090964,0,0.0,0.0,,,0,0,0,0,,0.0,md-flexible,autopas::VerletListsLinkedReferencesBase<mdLib::MoleculeLJ>::sortParticlesByConfiguredKey(void),VerletListsLinkedReferencesBase.h,0x5467db
   autopas::LinkedCellsReferences<mdLib::MoleculeLJ>::sortParticlesAndUpdateReferences<autopas::VerletListsLinkedReferencesBase<mdLib::MoleculeLJ>::sortParticlesByConfiguredKey(void)::{lambda(mdLib::MoleculeLJ const&mdLib::MoleculeLJ const&)#1}>,,0.0,,,,,,,0.0,0.0,0.0,0.0,0.0,0.0,0.045517,0,0.090964,0,0.0,0.0,,,0,0,0,0,,0.0,md-flexible,autopas::LinkedCellsReferences<mdLib::MoleculeLJ>::sortParticlesAndUpdateReferences<autopas::VerletListsLinkedReferencesBase<mdLib::MoleculeLJ>::sortParticlesByConfiguredKey(void)::{lambda(mdLib::MoleculeLJ const&mdLib::MoleculeLJ const&)#1}>(autopas::VerletListsLinkedReferencesBase<mdLib::MoleculeLJ>::sortParticlesByConfiguredKey(void)::{lambda(mdLib::MoleculeLJ const&mdLib::MoleculeLJ const&)#1}),LinkedCellsReferences.h,0x5467db
    ParticleVector<mdLib::MoleculeLJ>::sortParticles<autopas::VerletListsLinkedReferencesBase<mdLib::MoleculeLJ>::sortParticlesByConfiguredKey(void)::{lambda(mdLib::MoleculeLJ const&mdLib::MoleculeLJ const&)#1}>,,0.0,,,,,,,0.0,0.0,0.0,0.0,0.0,0.0,0.045517,0,0.090964,0,0.0,0.0,,,0,0,0,0,,0.0,md-flexible,ParticleVector<mdLib::MoleculeLJ>::sortParticles<autopas::VerletListsLinkedReferencesBase<mdLib::MoleculeLJ>::sortParticlesByConfiguredKey(void)::{lambda(mdLib::MoleculeLJ const&mdLib::MoleculeLJ const&)#1}>(autopas::VerletListsLinkedReferencesBase<mdLib::MoleculeLJ>::sortParticlesByConfiguredKey(void)::{lambda(mdLib::MoleculeLJ const&mdLib::MoleculeLJ const&)#1}),ParticleVector.h,0x5467db
     "std::sort<__gnu_cxx::__normal_iterator<mdLib::MoleculeLJ*, std::vector<mdLib::MoleculeLJ, std::allocator<mdLib::MoleculeLJ>>>, autopas::VerletListsLinkedReferencesBase<mdLib::MoleculeLJ>::sortParticlesByConfiguredKey(void)::{lambda(mdLib::MoleculeLJ const&mdLib::MoleculeLJ const&)#1}>",,0.0,,,,,,,0.0,0.0,0.0,0.0,0.0,0.0,0.045517,0,0.090964,0,0.0,0.0,,,0,0,0,0,,0.0,md-flexible,"std::sort<__gnu_cxx::__normal_iterator<mdLib::MoleculeLJ*, std::vector<mdLib::MoleculeLJ, std::allocator<mdLib::MoleculeLJ>>>, autopas::VerletListsLinkedReferencesBase<mdLib::MoleculeLJ>::sortParticlesByConfiguredKey(void)::{lambda(mdLib::MoleculeLJ const&mdLib::MoleculeLJ const&)#1}>(__gnu_cxx::__normal_iterator<mdLib::MoleculeLJ*, std::vector<mdLib::MoleculeLJ, std::allocator<mdLib::MoleculeLJ>>>, __gnu_cxx::__normal_iterator<mdLib::MoleculeLJ*, std::vector<mdLib::MoleculeLJ, std::allocator<mdLib::MoleculeLJ>>>, autopas::VerletListsLinkedReferencesBase<mdLib::MoleculeLJ>::sortParticlesByConfiguredKey(void)::{lambda(mdLib::MoleculeLJ const&mdLib::MoleculeLJ const&)#1})",stl_algo.h,0x5467ee
      "__gnu_cxx::__ops::_Val_comp_iter<autopas::VerletListsLinkedReferencesBase<mdLib::MoleculeLJ>::sortParticlesByConfiguredKey(void)::{lambda(mdLib::MoleculeLJ const&mdLib::MoleculeLJ const&)#1}>::operator()<mdLib::MoleculeLJ, __gnu_cxx::__normal_iterator<mdLib::MoleculeLJ*, std::vector<mdLib::MoleculeLJ, std::allocator<mdLib::MoleculeLJ>>>>",,0.0,,,,,,,0.0,0.0,0.0,0.0,0.0,0.0,0.0,0,0.030321,0,0.0,0.0,,,0,0,0,0,,0.0,md-flexible,"__gnu_cxx::__ops::_Val_comp_iter<autopas::VerletListsLinkedReferencesBase<mdLib::MoleculeLJ>::sortParticlesByConfiguredKey(void)::{lambda(mdLib::MoleculeLJ const&mdLib::MoleculeLJ const&)#1}>::operator()<mdLib::MoleculeLJ, __gnu_cxx::__normal_iterator<mdLib::MoleculeLJ*, std::vector<mdLib::MoleculeLJ, std::allocator<mdLib::MoleculeLJ>>>>(mdLib::MoleculeLJ&, __gnu_cxx::__normal_iterator<mdLib::MoleculeLJ*, std::vector<mdLib::MoleculeLJ, std::allocator<mdLib::MoleculeLJ>>>)",predefined_ops.h,0x546a16
       autopas::VerletListsLinkedReferencesBase<mdLib::MoleculeLJ>::sortParticlesByConfiguredKey(void)::{lambda(mdLib::MoleculeLJ const&mdLib::MoleculeLJ const&)#1}::operator(),,0.0,,,,,,,,0.0,0.0,0.0,0.0,0.0,0.0,0,0.030321,4585573,0.0,0.0,,,0,0,0,0,,0.0,md-flexible,"autopas::VerletListsLinkedReferencesBase<mdLib::MoleculeLJ>::sortParticlesByConfiguredKey(void)::{lambda(mdLib::MoleculeLJ const&mdLib::MoleculeLJ const&)#1}::operator()(mdLib::MoleculeLJ const&, mdLib::MoleculeLJ const&) const",VerletListsLinkedReferencesBase.h,0x546a16
      mdLib::MoleculeLJ::MoleculeLJ,,0.0,,,,,,,0.0,0.0,0.0,0.0,0.0,0.0,0.0,0,0.030321,4585573,0.0,0.0,,,0,0,0,0,,0.0,md-flexible,mdLib::MoleculeLJ::MoleculeLJ(mdLib::MoleculeLJ const&),MoleculeLJ.h,0x546860
      mdLib::MoleculeLJ::operator=,,0.0,,,,,,,0.0,0.0,0.0,0.0,0.0,0.0,0.030344,0,0.030321,0,0.0,0.0,,,0,0,0,0,,0.0,md-flexible,mdLib::MoleculeLJ::operator=(mdLib::MoleculeLJ const&),MoleculeLJ.h,0x54694e
       "autopas::ParticleBase<double, unsigned long>::operator=",,0.0,,,,,,,,0.0,0.0,0.0,0.0,0.0,0.030344,9171146,0.030321,4585573,0.0,0.0,,,0,0,0,0,,7.000000,md-flexible,"autopas::ParticleBase<double, unsigned long>::operator=(autopas::ParticleBase<double, unsigned long> const&)",ParticleBase.h,0x54694e
      mdLib::MoleculeLJ::operator=,,0.0,,,,,,,0.0,0.0,0.0,0.0,0.0,0.0,0.015172,4585573,0.0,0,0.0,0.0,,,0,0,0,0,,0.0,md-flexible,mdLib::MoleculeLJ::operator=(mdLib::MoleculeLJ const&),MoleculeLJ.h,0x546a48
 "autopas::containerIteratorUtils::particleFulfillsIteratorRequirements<(bool)1, mdLib::MoleculeLJ, std::array<double, (unsigned long)3>>",,0.0,,,,,,,0.0,0.0,100.0,0.0,0.0,0.0,0.060689,0,0.0,0,2.777778,0.0,,,0,0,0,0,,0.0,md-flexible,"autopas::containerIteratorUtils::particleFulfillsIteratorRequirements<(bool)1, mdLib::MoleculeLJ, std::array<double, (unsigned long)3>>(mdLib::MoleculeLJ const&, autopas::options::IteratorBehavior, std::array<double, (unsigned long)3> const&, std::array<double, (unsigned long)3> const&)",ContainerIterator.h,0x51cfe0
  autopas::utils::inBox<double>,,0.0,,,,,,,0.0,49.8,16.6,16.6,0.0,0.0,0.060689,18342292,0.0,0,2.777778,0.0,,,2293681,0,0,0,,0.0,md-flexible,"autopas::utils::inBox<double>(std::array<double, (unsigned long)3> const&, std::array<double, (unsigned long)3> const&, std::array<double, (unsigned long)3> const&)",inBox.h,0x51cfe0
 autopas::internal::CellBlock3D<autopas::ReferenceParticleCell<mdLib::MoleculeLJ>>::get3DIndexOfPosition,,0.0,,,,,,,2.2,3.3,0.0,0.0,4.9,0.0,3.034441,917114600,3.850819,582367771,0.0,0.0,,,0,0,0,0,,7.875000,md-flexible,"autopas::internal::CellBlock3D<autopas::ReferenceParticleCell<mdLib::MoleculeLJ>>::get3DIndexOfPosition(std::array<double, (unsigned long)3> const&) const",CellBlock3D.h,0x537160
  std::min<unsigned long>,,0.0,,,,,,,0.0,26.6,0.0,0.0,0.0,0.0,0.0,0,0.0,0,0.0,0.0,,,0,0,0,0,,0.0,md-flexible,"std::min<unsigned long>(unsigned long const&, unsigned long const&)",stl_algobase.h,0x5371b7
 "autopas::internal::CellFunctor<autopas::ReferenceParticleCell<mdLib::MoleculeLJ>, autopas::VerletListHelpers<mdLib::MoleculeLJ>::VerletListGeneratorFunctor, (bool)1>::processCellPair",,0.0,,,,,,,0.0,0.0,0.0,0.0,0.0,0.0,0.015172,4585573,0.030321,4585573,0.0,0.0,,,0,0,0,0,,0.0,md-flexible,"autopas::internal::CellFunctor<autopas::ReferenceParticleCell<mdLib::MoleculeLJ>, autopas::VerletListHelpers<mdLib::MoleculeLJ>::VerletListGeneratorFunctor, (bool)1>::processCellPair(autopas::ReferenceParticleCell<mdLib::MoleculeLJ>&, autopas::ReferenceParticleCell<mdLib::MoleculeLJ>&, std::array<double, (unsigned long)3> const&)",CellFunctor.h,0x5530a0
 "autopas::internal::CellFunctor<autopas::ReferenceParticleCell<mdLib::MoleculeLJ>, autopas::VerletListHelpers<mdLib::MoleculeLJ>::VerletListGeneratorFunctor, (bool)1>::processCellPairSoAImpl",,0.0,,,,,,,0.0,0.0,0.0,0.0,0.0,0.0,0.0,0,0.060643,0,0.0,0.0,,,0,0,0,0,,0.0,md-flexible,"autopas::internal::CellFunctor<autopas::ReferenceParticleCell<mdLib::MoleculeLJ>, autopas::VerletListHelpers<mdLib::MoleculeLJ>::VerletListGeneratorFunctor, (bool)1>::processCellPairSoAImpl(autopas::ReferenceParticleCell<mdLib::MoleculeLJ>&, autopas::ReferenceParticleCell<mdLib::MoleculeLJ>&)",CellFunctor.h,0x54b9d0
  "autopas::SoAView<std::tuple<std::vector<mdLib::MoleculeLJ*, autopas::AlignedAllocator<mdLib::MoleculeLJ*, (unsigned long)64>>, std::vector<unsigned long, autopas::AlignedAllocator<unsigned long, (unsigned long)64>>, std::vector<double, autopas::AlignedAllocator<double, (unsigned long)64>>, std::vector<double, autopas::AlignedAllocator<double, (unsigned long)64>>, std::vector<double, autopas::AlignedAllocator<double, (unsigned long)64>>, std::vector<double, autopas::AlignedAllocator<double, (unsigned long)64>>, std::vector<double, autopas::AlignedAllocator<double, (unsigned long)64>>, std::vector<double, autopas::AlignedAllocator<double, (unsigned long)64>>, std::vector<double, autopas::AlignedAllocator<double, (unsigned long)64>>, std::vector<double, autopas::AlignedAllocator<double, (unsigned long)64>>, std::vector<double, autopas::AlignedAllocator<double, (unsigned long)64>>, std::vector<double, autopas::AlignedAllocator<double, (unsigned long)64>>, std::vector<double, autopas::AlignedAllocator<double, (unsigned long)64>>, std::vector<double, autopas::AlignedAllocator<double, (unsigned long)64>>, std::vector<unsigned long, autopas::AlignedAllocator<unsigned long, (unsigned long)64>>, std::vector<autopas::OwnershipState, autopas::AlignedAllocator<autopas::OwnershipState, (unsigned long)64>>>>::SoAView",,0.0,,,,,,,0.0,0.0,0.0,0.0,0.0,0.0,0.0,0,0.030321,4585573,0.0,0.0,,,0,0,0,0,,0.0,md-flexible,"autopas::SoAView<std::tuple<std::vector<mdLib::MoleculeLJ*, autopas::AlignedAllocator<mdLib::MoleculeLJ*, (unsigned long)64>>, std::vector<unsigned long, autopas::AlignedAllocator<unsigned long, (unsigned long)64>>, std::vector<double, autopas::AlignedAllocator<double, (unsigned long)64>>, std::vector<double, autopas::AlignedAllocator<double, (unsigned long)64>>, std::vector<double, autopas::AlignedAllocator<double, (unsigned long)64>>, std::vector<double, autopas::AlignedAllocator<double, (unsigned long)64>>, std::vector<double, autopas::AlignedAllocator<double, (unsigned long)64>>, std::vector<double, autopas::AlignedAllocator<double, (unsigned long)64>>, std::vector<double, autopas::AlignedAllocator<double, (unsigned long)64>>, std::vector<double, autopas::AlignedAllocator<double, (unsigned long)64>>, std::vector<double, autopas::AlignedAllocator<double, (unsigned long)64>>, std::vector<double, autopas::AlignedAllocator<double, (unsigned long)64>>, std::vector<double, autopas::AlignedAllocator<double, (unsigned long)64>>, std::vector<double, autopas::AlignedAllocator<double, (unsigned long)64>>, std::vector<unsigned long, autopas::AlignedAllocator<unsigned long, (unsigned long)64>>, std::vector<autopas::OwnershipState, autopas::AlignedAllocator<autopas::OwnershipState, (unsigned long)64>>>>::SoAView(autopas::SoA<std::tuple<std::vector<mdLib::MoleculeLJ*, autopas::AlignedAllocator<mdLib::MoleculeLJ*, (unsigned long)64>>, std::vector<unsigned long, autopas::AlignedAllocator<unsigned long, (unsigned long)64>>, std::vector<double, autopas::AlignedAllocator<double, (unsigned long)64>>, std::vector<double, autopas::AlignedAllocator<double, (unsigned long)64>>, std::vector<double, autopas::AlignedAllocator<double, (unsigned long)64>>, std::vector<double, autopas::AlignedAllocator<double, (unsigned long)64>>, std::vector<double, autopas::AlignedAllocator<double, (unsigned long)64>>, std::vector<double, autopas::AlignedAllocator<double, (unsigned long)64>>, std::vector<double, autopas::AlignedAllocator<double, (unsigned long)64>>, std::vector<double, autopas::AlignedAllocator<double, (unsigned long)64>>, std::vector<double, autopas::AlignedAllocator<double, (unsigned long)64>>, std::vector<double, autopas::AlignedAllocator<double, (unsigned long)64>>, std::vector<double, autopas::AlignedAllocator<double, (unsigned long)64>>, std::vector<double, autopas::AlignedAllocator<double, (unsigned long)64>>, std::vector<unsigned long, autopas::AlignedAllocator<unsigned long, (unsigned long)64>>, std::vector<autopas::OwnershipState, autopas::AlignedAllocator<autopas::OwnershipState, (unsigned long)64>>>>&)",SoAView.h,0x54ba14
  "autopas::SoAView<std::tuple<std::vector<mdLib::MoleculeLJ*, autopas::AlignedAllocator<mdLib::MoleculeLJ*, (unsigned long)64>>, std::vector<unsigned long, autopas::AlignedAllocator<unsigned long, (unsigned long)64>>, std::vector<double, autopas::AlignedAllocator<double, (unsigned long)64>>, std::vector<double, autopas::AlignedAllocator<double, (unsigned long)64>>, std::vector<double, autopas::AlignedAllocator<double, (unsigned long)64>>, std::vector<double, autopas::AlignedAllocator<double, (unsigned long)64>>, std::vector<double, autopas::AlignedAllocator<double, (unsigned long)64>>, std::vector<double, autopas::AlignedAllocator<double, (unsigned long)64>>, std::vector<double, autopas::AlignedAllocator<double, (unsigned long)64>>, std::vector<double, autopas::AlignedAllocator<double, (unsigned long)64>>, std::vector<double, autopas::AlignedAllocator<double, (unsigned long)64>>, std::vector<double, autopas::AlignedAllocator<double, (unsigned long)64>>, std::vector<double, autopas::AlignedAllocator<double, (unsigned long)64>>, std::vector<double, autopas::AlignedAllocator<double, (unsigned long)64>>, std::vector<unsigned long, autopas::AlignedAllocator<unsigned long, (unsigned long)64>>, std::vector<autopas::OwnershipState, autopas::AlignedAllocator<autopas::OwnershipState, (unsigned long)64>>>>::SoAView",,0.0,,,,,,,0.0,0.0,0.0,0.0,0.0,0.0,0.0,0,0.030321,4585573,0.0,0.0,,,0,0,0,0,,0.0,md-flexible,"autopas::SoAView<std::tuple<std::vector<mdLib::MoleculeLJ*, autopas::AlignedAllocator<mdLib::MoleculeLJ*, (unsigned long)64>>, std::vector<unsigned long, autopas::AlignedAllocator<unsigned long, (unsigned long)64>>, std::vector<double, autopas::AlignedAllocator<double, (unsigned long)64>>, std::vector<double, autopas::AlignedAllocator<double, (unsigned long)64>>, std::vector<double, autopas::AlignedAllocator<double, (unsigned long)64>>, std::vector<double, autopas::AlignedAllocator<double, (unsigned long)64>>, std::vector<double, autopas::AlignedAllocator<double, (unsigned long)64>>, std::vector<double, autopas::AlignedAllocator<double, (unsigned long)64>>, std::vector<double, autopas::AlignedAllocator<double, (unsigned long)64>>, std::vector<double, autopas::AlignedAllocator<double, (unsigned long)64>>, std::vector<double, autopas::AlignedAllocator<double, (unsigned long)64>>, std::vector<double, autopas::AlignedAllocator<double, (unsigned long)64>>, std::vector<double, autopas::AlignedAllocator<double, (unsigned long)64>>, std::vector<double, autopas::AlignedAllocator<double, (unsigned long)64>>, std::vector<unsigned long, autopas::AlignedAllocator<unsigned long, (unsigned long)64>>, std::vector<autopas::OwnershipState, autopas::AlignedAllocator<autopas::OwnershipState, (unsigned long)64>>>>::SoAView(autopas::SoA<std::tuple<std::vector<mdLib::MoleculeLJ*, autopas::AlignedAllocator<mdLib::MoleculeLJ*, (unsigned long)64>>, std::vector<unsigned long, autopas::AlignedAllocator<unsigned long, (unsigned long)64>>, std::vector<double, autopas::AlignedAllocator<double, (unsigned long)64>>, std::vector<double, autopas::AlignedAllocator<double, (unsigned long)64>>, std::vector<double, autopas::AlignedAllocator<double, (unsigned long)64>>, std::vector<double, autopas::AlignedAllocator<double, (unsigned long)64>>, std::vector<double, autopas::AlignedAllocator<double, (unsigned long)64>>, std::vector<double, autopas::AlignedAllocator<double, (unsigned long)64>>, std::vector<double, autopas::AlignedAllocator<double, (unsigned long)64>>, std::vector<double, autopas::AlignedAllocator<double, (unsigned long)64>>, std::vector<double, autopas::AlignedAllocator<double, (unsigned long)64>>, std::vector<double, autopas::AlignedAllocator<double, (unsigned long)64>>, std::vector<double, autopas::AlignedAllocator<double, (unsigned long)64>>, std::vector<double, autopas::AlignedAllocator<double, (unsigned long)64>>, std::vector<unsigned long, autopas::AlignedAllocator<unsigned long, (unsigned long)64>>, std::vector<autopas::OwnershipState, autopas::AlignedAllocator<autopas::OwnershipState, (unsigned long)64>>>>&)",SoAView.h,0x54ba83
 cfree,,0.0,,,,,,,100.0,12.1,,24.2,,0.0,0.318616,96297033,0.909642,137567190,0.0,0.0,,,0,0,0,0,,8.000000,libc.so.6,cfree,[Unknown],0xb880e
 func@0x408620,,0.0,,,,,,,,0.0,0.0,0.0,0.0,0.0,0.136550,41270157,0.0,0,0.0,0.0,,,0,0,0,0,,0.0,md-flexible,func@0x408620,[Unknown],0x408620
 func@0x408740,,0.0,,,,,,,0.0,0.0,0.0,0.0,0.0,0.0,0.060689,18342292,0.0,0,0.0,0.0,,,0,0,0,0,,0.0,md-flexible,func@0x408740,[Unknown],0x408740
 func@0x408750,,0.0,,,,,,,0.0,0.0,0.0,100.0,0.0,0.0,0.0,0,0.0,0,0.0,0.0,,,0,0,0,0,,0.0,md-flexible,func@0x408750,[Unknown],0x408750
 func@0x408c00,,0.0,,,,,,,,0.0,0.0,0.0,0.0,0.0,0.015172,4585573,0.0,0,0.0,0.0,,,0,0,0,0,,0.0,md-flexible,func@0x408c00,[Unknown],0x408c00
 func@0x408e10,,0.0,,,,,,,0.0,0.0,0.0,0.0,0.0,0.0,0.015172,4585573,0.0,0,0.0,0.0,,,0,0,0,0,,0.0,md-flexible,func@0x408e10,[Unknown],0x408e10
 func@0xa4fd0,,0.0,,,,,,,0.0,0.0,0.0,0.0,0.0,0.0,0.045517,13756719,0.0,0,0.0,0.0,,,0,0,0,0,,7.000000,libstdc++.so.6.0.33,func@0xa4fd0,[Unknown],0xa4fd0
 func@0xa51e0,,0.0,,,,,,,,0.0,0.0,0.0,0.0,0.0,0.030344,9171146,0.0,0,0.0,0.0,,,0,0,0,0,,7.000000,libstdc++.so.6.0.33,func@0xa51e0,[Unknown],0xa51e0
 func@0xa5a00,,0.0,,,,,,,0.0,0.0,0.0,0.0,0.0,0.0,0.060689,18342292,0.0,0,0.0,0.0,,,0,0,0,0,,7.000000,libstdc++.so.6.0.33,func@0xa5a00,[Unknown],0xa5a00
 gomp_set_lock_30,,0.0,,,,,,,0.0,0.0,0.0,0.0,0.0,0.0,0.045517,0,0.090964,0,0.0,0.0,,,0,0,0,0,,7.000000,libgomp.so.1.0.0,gomp_set_lock_30,lock.c,0x23dc0
  gomp_mutex_lock,,0.0,,,,,,,0.0,0.0,0.0,0.0,0.0,0.0,0.045517,13756719,0.090964,13756719,0.0,0.0,,,0,0,0,0,,0.0,libgomp.so.1.0.0,gomp_mutex_lock,mutex.h,0x23dc4
 gomp_unset_lock_30,,0.0,,,,,,,0.0,0.0,0.0,0.0,0.0,0.0,0.136550,0,0.060643,0,0.0,0.0,,,0,0,0,0,,0.0,libgomp.so.1.0.0,gomp_unset_lock_30,lock.c,0x23de0
  gomp_mutex_unlock,,0.0,,,,,,,100.0,49.8,0.0,0.0,0.0,0.0,0.136550,41270157,0.060643,9171146,0.0,0.0,,,0,0,0,0,,0.0,libgomp.so.1.0.0,gomp_mutex_unlock,mutex.h,0x23de4
 malloc,,0.0,,,,,,,0.0,0.0,0.0,0.0,19.0,0.0,0.182066,55026876,0.848999,128396044,0.0,0.0,,,0,0,0,0,,8.750000,libc.so.6,malloc,[Unknown],0xb811e
 malloc_consolidate,,0.0,,,,,,,100.0,57.0,0.0,28.5,14.2,0.0,0.030344,9171146,0.060643,9171146,0.0,0.0,,,0,0,0,0,,7.500000,libc.so.6,malloc_consolidate,[Unknown],0xb461e
 "mdLib::LJFunctorAVX<mdLib::MoleculeLJ, (bool)1, (bool)1, (autopas::FunctorN3Modes)2, (bool)0, (bool)0, (bool)1>::SoAFunctorVerletImpl<(bool)0>",,0.0,,,,,,,100.0,25.8,1.8,1.6,13.2,0.6,48.824154,5415561713,61.036992,4622257584,8.333333,21.428571,,,6881043,13757271,0,0,,9.495677,md-flexible,"mdLib::LJFunctorAVX<mdLib::MoleculeLJ, (bool)1, (bool)1, (autopas::FunctorN3Modes)2, (bool)0, (bool)0, (bool)1>::SoAFunctorVerletImpl<(bool)0>(autopas::SoAView<std::tuple<std::vector<mdLib::MoleculeLJ*, autopas::AlignedAllocator<mdLib::MoleculeLJ*, (unsigned long)64>>, std::vector<unsigned long, autopas::AlignedAllocator<unsigned long, (unsigned long)64>>, std::vector<double, autopas::AlignedAllocator<double, (unsigned long)64>>, std::vector<double, autopas::AlignedAllocator<double, (unsigned long)64>>, std::vector<double, autopas::AlignedAllocator<double, (unsigned long)64>>, std::vector<double, autopas::AlignedAllocator<double, (unsigned long)64>>, std::vector<double, autopas::AlignedAllocator<double, (unsigned long)64>>, std::vector<double, autopas::AlignedAllocator<double, (unsigned long)64>>, std::vector<double, autopas::AlignedAllocator<double, (unsigned long)64>>, std::vector<double, autopas::AlignedAllocator<double, (unsigned long)64>>, std::vector<double, autopas::AlignedAllocator<double, (unsigned long)64>>, std::vector<double, autopas::AlignedAllocator<double, (unsigned long)64>>, std::vector<double, autopas::AlignedAllocator<double, (unsigned long)64>>, std::vector<double, autopas::AlignedAllocator<double, (unsigned long)64>>, std::vector<unsigned long, autopas::AlignedAllocator<unsigned long, (unsigned long)64>>, std::vector<autopas::OwnershipState, autopas::AlignedAllocator<autopas::OwnershipState, (unsigned long)64>>>>, unsigned long, std::vector<unsigned long, autopas::AlignedAllocator<unsigned long, (unsigned long)64>> const&)",LJFunctorAVX.h,0x555630
  _ZN5mdLib12LJFunctorAVXINS_10MoleculeLJELb1ELb1ELN7autopas14FunctorN3ModesE2ELb0ELb0ELb1EE9SoAKernelILb0ELb0EEEvmDv4_xPKlRKDv4_dSB_SB_PKdSD_SD_PdSE_SE_PKmSG_RS9_SH_SH_PS9_SI_SI_SI_j,,0.0,,,,,,,59.8,26.8,0.4,0.7,0.0,0.7,29.752693,4218727160,30.048514,0,0.0,0.0,,,0,0,0,0,,133.285714,md-flexible,_ZN5mdLib12LJFunctorAVXINS_10MoleculeLJELb1ELb1ELN7autopas14FunctorN3ModesE2ELb0ELb0ELb1EE9SoAKernelILb0ELb0EEEvmDv4_xPKlRKDv4_dSB_SB_PKdSD_SD_PdSE_SE_PKmSG_RS9_SH_SH_PS9_SI_SI_SI_j,LJFunctorAVX.h,0x555730
   "ParticlePropertiesLibrary<double, unsigned long>::getMixing24Epsilon",,0.0,,,,,,,75.8,16.2,0.0,6.5,0.0,0.0,3.125474,926285746,0.333535,18342292,0.0,0.0,,,0,0,0,0,,8.111111,md-flexible,"ParticlePropertiesLibrary<double, unsigned long>::getMixing24Epsilon(unsigned long, unsigned long) const",ParticlePropertiesLibrary.h,0x555737
    "std::vector<ParticlePropertiesLibrary<double, unsigned long>::PackedLJMixingData, autopas::AlignedAllocator<ParticlePropertiesLibrary<double, unsigned long>::PackedLJMixingData, (unsigned long)64>>::operator[]",,0.0,,,,,,,100.0,62.0,8.9,0.0,0.0,0.0,0.060689,18342292,0.212250,32099011,0.0,0.0,,,0,0,0,0,,7.166667,md-flexible,"std::vector<ParticlePropertiesLibrary<double, unsigned long>::PackedLJMixingData, autopas::AlignedAllocator<ParticlePropertiesLibrary<double, unsigned long>::PackedLJMixingData, (unsigned long)64>>::operator[](unsigned long) const",stl_vector.h,0x555760
   "ParticlePropertiesLibrary<double, unsigned long>::getMixing24Epsilon",,0.0,,,,,,,0.0,0.0,0.0,0.0,0.0,0.0,0.0,0,0.0,0,0.0,0.0,,,0,0,0,0,,7.714286,md-flexible,"ParticlePropertiesLibrary<double, unsigned long>::getMixing24Epsilon(unsigned long, unsigned long) const",ParticlePropertiesLibrary.h,0x5557f8
    "std::vector<ParticlePropertiesLibrary<double, unsigned long>::PackedLJMixingData, autopas::AlignedAllocator<ParticlePropertiesLibrary<double, unsigned long>::PackedLJMixingData, (unsigned long)64>>::operator[]",,0.0,,,,,,,100.0,39.9,8.0,0.0,0.0,0.0,0.0,0,0.0,0,0.0,0.0,,,0,0,0,0,,0.0,md-flexible,"std::vector<ParticlePropertiesLibrary<double, unsigned long>::PackedLJMixingData, autopas::AlignedAllocator<ParticlePropertiesLibrary<double, unsigned long>::PackedLJMixingData, (unsigned long)64>>::operator[](unsigned long) const",stl_vector.h,0x5557f8
   "ParticlePropertiesLibrary<double, unsigned long>::getMixing24Epsilon",,0.0,,,,,,,100.0,54.7,0.0,0.0,0.0,0.0,0.151722,45855730,0.0,0,0.0,0.0,,,0,0,0,0,,9.411765,md-flexible,"ParticlePropertiesLibrary<double, unsigned long>::getMixing24Epsilon(unsigned long, unsigned long) const",ParticlePropertiesLibrary.h,0x5557f8
   "ParticlePropertiesLibrary<double, unsigned long>::getMixing24Epsilon",,0.0,,,,,,,0.0,100.0,0.0,0.0,0.0,0.0,0.0,0,29.714979,4493861540,0.0,0.0,,,0,0,0,0,,11.640000,md-flexible,"ParticlePropertiesLibrary<double, unsigned long>::getMixing24Epsilon(unsigned long, unsigned long) const",ParticlePropertiesLibrary.h,0x5557f8
   _mm256_add_pd,,0.0,,,,,,,63.9,51.2,0.0,0.0,0.0,0.0,0.0,0,0.0,0,0.0,0.0,,,0,0,0,0,,0.0,md-flexible,_mm256_add_pd,avxintrin.h,0x5558f5
   _mm256_add_pd,,0.0,,,,,,,33.5,6.9,0.0,0.0,0.0,1.7,0.0,0,0.0,0,0.0,0.0,,,0,0,0,0,,0.0,md-flexible,_mm256_add_pd,avxintrin.h,0x55591c
   _mm256_add_pd,,0.0,,,,,,,55.2,1.6,1.6,0.0,0.0,0.0,0.0,0,0.0,0,0.0,0.0,,,0,0,0,0,,0.0,md-flexible,_mm256_add_pd,avxintrin.h,0x55580d
   _mm256_add_pd,,0.0,,,,,,,100.0,11.8,1.7,0.0,0.0,1.7,0.0,0,0.0,0,0.0,0.0,,,0,0,0,0,,0.0,md-flexible,_mm256_add_pd,avxintrin.h,0x555826
   _mm256_add_pd,,0.0,,,,,,,,10.2,0.0,0.0,0.0,0.0,0.0,0,0.0,0,0.0,0.0,,,0,0,0,0,,0.0,md-flexible,_mm256_add_pd,avxintrin.h,0x555926
   _mm256_and_pd,,0.0,,,,,,,17.8,4.0,0.0,0.0,0.0,0.0,0.0,0,0.0,0,0.0,0.0,,,0,0,0,0,,0.0,md-flexible,_mm256_and_pd,avxintrin.h,0x5558fa
   _mm256_and_pd,,0.0,,,,,,,90.7,18.1,0.0,0.0,0.0,0.0,0.0,0,0.0,0,0.0,0.0,,,0,0,0,0,,0.0,md-flexible,_mm256_and_pd,avxintrin.h,0x555831
   _mm256_cmp_pd,,0.0,,,,,,,0.0,0.0,0.0,0.0,0.0,0.0,0.0,0,0.0,0,0.0,0.0,,,0,0,0,0,,145.590909,md-flexible,_mm256_cmp_pd,avxintrin.h,0x55580d
   _mm256_cmp_pd,,0.0,,,,,,,100.0,31.6,0.0,0.0,0.0,1.5,0.0,0,0.0,0,0.0,0.0,,,0,0,0,0,,0.0,md-flexible,_mm256_cmp_pd,avxintrin.h,0x55582b
   _mm256_div_pd,,0.0,,,,,,,37.8,8.8,0.0,0.0,0.0,0.0,0.606888,183422920,0.0,0,0.0,0.0,,,0,0,0,0,,7.538462,md-flexible,_mm256_div_pd,avxintrin.h,0x5558a6
   _mm256_movemask_pd,,0.0,,,,,,,45.2,29.9,2.5,0.0,0.0,0.0,0.0,0,0.0,0,0.0,0.0,,,0,0,0,0,,0.0,md-flexible,_mm256_movemask_pd,avxintrin.h,0x555835
   _mm256_mul_pd,,0.0,,,,,,,37.2,7.2,0.0,0.0,0.0,0.0,0.0,0,0.0,0,0.0,0.0,,,0,0,0,0,,0.0,md-flexible,_mm256_mul_pd,avxintrin.h,0x5558c1
   _mm256_mul_pd,,0.0,,,,,,,100.0,38.5,0.0,0.0,0.0,0.0,0.0,0,0.0,0,0.0,0.0,,,0,0,0,0,,0.0,md-flexible,_mm256_mul_pd,avxintrin.h,0x5558e4
   _mm256_mul_pd,,0.0,,,,,,,100.0,18.7,3.1,0.0,0.0,0.0,0.0,0,0.0,0,0.0,0.0,,,0,0,0,0,,0.0,md-flexible,_mm256_mul_pd,avxintrin.h,0x5558fa
   _mm256_mul_pd,,0.0,,,,,,,100.0,10.2,0.0,2.0,0.0,0.0,0.0,0,0.0,0,0.0,0.0,,,0,0,0,0,,0.0,md-flexible,_mm256_mul_pd,avxintrin.h,0x5558fa
   _mm256_mul_pd,,0.0,,,,,,,42.7,5.0,0.0,0.0,0.0,0.0,0.0,0,0.0,0,0.0,0.0,,,0,0,0,0,,0.0,md-flexible,_mm256_mul_pd,avxintrin.h,0x55580d
   _mm256_set_pd,,0.0,,,,,,,100.0,100.0,0.0,0.0,0.0,0.0,11.394326,3443765323,0.0,0,0.0,0.0,,,0,0,0,0,,7.360000,md-flexible,_mm256_set_pd,avxintrin.h,0x5557f8
   _mm256_set_pd,,0.0,,,,,,,48.6,7.7,0.0,0.0,0.0,0.0,0.515855,155909482,0.0,0,0.0,0.0,,,0,0,0,0,,8.900000,md-flexible,_mm256_set_pd,avxintrin.h,0x5557f8
   _mm256_sub_pd,,0.0,,,,,,,100.0,28.5,5.7,0.0,0.0,0.0,0.0,0,0.0,0,0.0,0.0,,,0,0,0,0,,0.0,md-flexible,_mm256_sub_pd,avxintrin.h,0x5558ec
   _mm256_sub_pd,,0.0,,,,,,,,100.0,0.0,0.0,0.0,0.0,0.0,0,0.0,0,0.0,0.0,,,0,0,0,0,,150.600000,md-flexible,_mm256_sub_pd,avxintrin.h,0x5557f8
   _mm256_sub_pd,,0.0,,,,,,,100.0,10.5,10.5,0.0,0.0,0.0,0.0,0,0.0,0,0.0,0.0,,,0,0,0,0,,141.375000,md-flexible,_mm256_sub_pd,avxintrin.h,0x555804
  _ZN5mdLib12LJFunctorAVXINS_10MoleculeLJELb1ELb1ELN7autopas14FunctorN3ModesE2ELb0ELb0ELb1EE9SoAKernelILb0ELb1EEEvmDv4_xPKlRKDv4_dSB_SB_PKdSD_SD_PdSE_SE_PKmSG_RS9_SH_SH_PS9_SI_SI_SI_j,,0.0,,,,,,,0.0,0.0,0.0,27.5,0.0,0.0,0.910332,142152763,0.0,0,0.0,0.0,,,0,0,0,0,,9.000000,md-flexible,_ZN5mdLib12LJFunctorAVXINS_10MoleculeLJELb1ELb1ELN7autopas14FunctorN3ModesE2ELb0ELb0ELb1EE9SoAKernelILb0ELb1EEEvmDv4_xPKlRKDv4_dSB_SB_PKdSD_SD_PdSE_SE_PKmSG_RS9_SH_SH_PS9_SI_SI_SI_j,LJFunctorAVX.h,0x5559dd
   "ParticlePropertiesLibrary<double, unsigned long>::getMixing24Epsilon",,0.0,,,,,,,0.0,0.0,0.0,44.3,0.0,0.0,0.182066,55026876,0.0,0,0.0,0.0,,,0,0,0,0,,16.000000,md-flexible,"ParticlePropertiesLibrary<double, unsigned long>::getMixing24Epsilon(unsigned long, unsigned long) const",ParticlePropertiesLibrary.h,0x5559f3
   "ParticlePropertiesLibrary<double, unsigned long>::getMixing24Epsilon",,0.0,,,,,,,,0.0,0.0,0.0,0.0,0.0,0.045517,13756719,0.0,0,0.0,0.0,,,0,0,0,0,,0.0,md-flexible,"ParticlePropertiesLibrary<double, unsigned long>::getMixing24Epsilon(unsigned long, unsigned long) const",ParticlePropertiesLibrary.h,0x555a28
   "ParticlePropertiesLibrary<double, unsigned long>::getMixingSigmaSquared",,0.0,,,,,,,,0.0,0.0,0.0,0.0,0.0,0.0,0,0.0,0,0.0,0.0,,,0,0,0,0,,8.000000,md-flexible,"ParticlePropertiesLibrary<double, unsigned long>::getMixingSigmaSquared(unsigned long, unsigned long) const",ParticlePropertiesLibrary.h,0x555a3f
   "ParticlePropertiesLibrary<double, unsigned long>::getMixingSigmaSquared",,0.0,,,,,,,0.0,0.0,0.0,0.0,0.0,0.0,0.015172,4585573,0.0,0,0.0,0.0,,,0,0,0,0,,0.0,md-flexible,"ParticlePropertiesLibrary<double, unsigned long>::getMixingSigmaSquared(unsigned long, unsigned long) const",ParticlePropertiesLibrary.h,0x555a63
   _mm256_and_pd,,0.0,,,,,,,0.0,99.7,0.0,0.0,0.0,0.0,0.0,0,0.0,0,0.0,0.0,,,0,0,0,0,,0.0,md-flexible,_mm256_and_pd,avxintrin.h,0x555ad2
   _mm256_cmp_pd,,0.0,,,,,,,0.0,0.0,0.0,0.0,0.0,0.0,0.015172,4585573,0.0,0,0.0,0.0,,,0,0,0,0,,0.0,md-flexible,_mm256_cmp_pd,avxintrin.h,0x555ab4
   _mm256_cmp_pd,,0.0,,,,,,,0.0,0.0,0.0,0.0,0.0,0.0,0.136550,41270157,0.0,0,0.0,0.0,,,0,0,0,0,,9.000000,md-flexible,_mm256_cmp_pd,avxintrin.h,0x555ac9
   _mm256_maskload_pd,,0.0,,,,,,,0.0,0.0,0.0,0.0,0.0,0.0,0.030344,9171146,0.0,0,0.0,0.0,,,0,0,0,0,,0.0,md-flexible,_mm256_maskload_pd,avxintrin.h,0x555a91
   _mm256_maskload_pd,,0.0,,,,,,,0.0,0.0,0.0,0.0,0.0,0.0,0.015172,4585573,0.0,0,0.0,0.0,,,0,0,0,0,,0.0,md-flexible,_mm256_maskload_pd,avxintrin.h,0x555aaa
  _mm256_broadcast_sd,,0.0,,,,,,,0.0,0.0,0.0,0.0,0.0,0.0,0.0,0,0.0,0,0.0,0.0,,,0,0,0,0,,7.000000,md-flexible,_mm256_broadcast_sd,avxintrin.h,0x5556d2
  _mm256_hadd_pd,,0.0,,,,,,,0.0,0.0,0.0,0.0,0.0,0.0,0.030344,9171146,0.0,0,0.0,0.0,,,0,0,0,0,,0.0,md-flexible,_mm256_hadd_pd,avxintrin.h,0x555b3a
  "autopas::SoAView<std::tuple<std::vector<mdLib::MoleculeLJ*, autopas::AlignedAllocator<mdLib::MoleculeLJ*, (unsigned long)64>>, std::vector<unsigned long, autopas::AlignedAllocator<unsigned long, (unsigned long)64>>, std::vector<double, autopas::AlignedAllocator<double, (unsigned long)64>>, std::vector<double, autopas::AlignedAllocator<double, (unsigned long)64>>, std::vector<double, autopas::AlignedAllocator<double, (unsigned long)64>>, std::vector<double, autopas::AlignedAllocator<double, (unsigned long)64>>, std::vector<double, autopas::AlignedAllocator<double, (unsigned long)64>>, std::vector<double, autopas::AlignedAllocator<double, (unsigned long)64>>, std::vector<double, autopas::AlignedAllocator<double, (unsigned long)64>>, std::vector<double, autopas::AlignedAllocator<double, (unsigned long)64>>, std::vector<double, autopas::AlignedAllocator<double, (unsigned long)64>>, std::vector<double, autopas::AlignedAllocator<double, (unsigned long)64>>, std::vector<double, autopas::AlignedAllocator<double, (unsigned long)64>>, std::vector<double, autopas::AlignedAllocator<double, (unsigned long)64>>, std::vector<unsigned long, autopas::AlignedAllocator<unsigned long, (unsigned long)64>>, std::vector<autopas::OwnershipState, autopas::AlignedAllocator<autopas::OwnershipState, (unsigned long)64>>>>::begin<(unsigned long)10>",,0.0,,,,,,,0.0,0.0,0.0,0.0,0.0,0.0,0.0,0,0.030321,0,0.0,0.0,,,0,0,0,0,,0.0,md-flexible,"autopas::SoAView<std::tuple<std::vector<mdLib::MoleculeLJ*, autopas::AlignedAllocator<mdLib::MoleculeLJ*, (unsigned long)64>>, std::vector<unsigned long, autopas::AlignedAllocator<unsigned long, (unsigned long)64>>, std::vector<double, autopas::AlignedAllocator<double, (unsigned long)64>>, std::vector<double, autopas::AlignedAllocator<double, (unsigned long)64>>, std::vector<double, autopas::AlignedAllocator<double, (unsigned long)64>>, std::vector<double, autopas::AlignedAllocator<double, (unsigned long)64>>, std::vector<double, autopas::AlignedAllocator<double, (unsigned long)64>>, std::vector<double, autopas::AlignedAllocator<double, (unsigned long)64>>, std::vector<double, autopas::AlignedAllocator<double, (unsigned long)64>>, std::vector<double, autopas::AlignedAllocator<double, (unsigned long)64>>, std::vector<double, autopas::AlignedAllocator<double, (unsigned long)64>>, std::vector<double, autopas::AlignedAllocator<double, (unsigned long)64>>, std::vector<double, autopas::AlignedAllocator<double, (unsigned long)64>>, std::vector<double, autopas::AlignedAllocator<double, (unsigned long)64>>, std::vector<unsigned long, autopas::AlignedAllocator<unsigned long, (unsigned long)64>>, std::vector<autopas::OwnershipState, autopas::AlignedAllocator<autopas::OwnershipState, (unsigned long)64>>>>::begin<(unsigned long)10>(signed char, void)",SoAView.h,0x5556bb
   "autopas::SoA<std::tuple<std::vector<mdLib::MoleculeLJ*, autopas::AlignedAllocator<mdLib::MoleculeLJ*, (unsigned long)64>>, std::vector<unsigned long, autopas::AlignedAllocator<unsigned long, (unsigned long)64>>, std::vector<double, autopas::AlignedAllocator<double, (unsigned long)64>>, std::vector<double, autopas::AlignedAllocator<double, (unsigned long)64>>, std::vector<double, autopas::AlignedAllocator<double, (unsigned long)64>>, std::vector<double, autopas::AlignedAllocator<double, (unsigned long)64>>, std::vector<double, autopas::AlignedAllocator<double, (unsigned long)64>>, std::vector<double, autopas::AlignedAllocator<double, (unsigned long)64>>, std::vector<double, autopas::AlignedAllocator<double, (unsigned long)64>>, std::vector<double, autopas::AlignedAllocator<double, (unsigned long)64>>, std::vector<double, autopas::AlignedAllocator<double, (unsigned long)64>>, std::vector<double, autopas::AlignedAllocator<double, (unsigned long)64>>, std::vector<double, autopas::AlignedAllocator<double, (unsigned long)64>>, std::vector<double, autopas::AlignedAllocator<double, (unsigned long)64>>, std::vector<unsigned long, autopas::AlignedAllocator<unsigned long, (unsigned long)64>>, std::vector<autopas::OwnershipState, autopas::AlignedAllocator<autopas::OwnershipState, (unsigned long)64>>>>::begin<(unsigned long)10>",,0.0,,,,,,,0.0,0.0,0.0,0.0,0.0,0.0,0.0,0,0.030321,0,0.0,0.0,,,0,0,0,0,,0.0,md-flexible,"autopas::SoA<std::tuple<std::vector<mdLib::MoleculeLJ*, autopas::AlignedAllocator<mdLib::MoleculeLJ*, (unsigned long)64>>, std::vector<unsigned long, autopas::AlignedAllocator<unsigned long, (unsigned long)64>>, std::vector<double, autopas::AlignedAllocator<double, (unsigned long)64>>, std::vector<double, autopas::AlignedAllocator<double, (unsigned long)64>>, std::vector<double, autopas::AlignedAllocator<double, (unsigned long)64>>, std::vector<double, autopas::AlignedAllocator<double, (unsigned long)64>>, std::vector<double, autopas::AlignedAllocator<double, (unsigned long)64>>, std::vector<double, autopas::AlignedAllocator<double, (unsigned long)64>>, std::vector<double, autopas::AlignedAllocator<double, (unsigned long)64>>, std::vector<double, autopas::AlignedAllocator<double, (unsigned long)64>>, std::vector<double, autopas::AlignedAllocator<double, (unsigned long)64>>, std::vector<double, autopas::AlignedAllocator<double, (unsigned long)64>>, std::vector<double, autopas::AlignedAllocator<double, (unsigned long)64>>, std::vector<double, autopas::AlignedAllocator<double, (unsigned long)64>>, std::vector<unsigned long, autopas::AlignedAllocator<unsigned long, (unsigned long)64>>, std::vector<autopas::OwnershipState, autopas::AlignedAllocator<autopas::OwnershipState, (unsigned long)64>>>>::begin<(unsigned long)10>(signed char, void)",SoA.h,0x5556bb
    "std::vector<double, autopas::AlignedAllocator<double, (unsigned long)64>>::data",,0.0,,,,,,,,0.0,0.0,0.0,0.0,0.0,0.0,0,0.030321,4585573,0.0,0.0,,,0,0,0,0,,7.000000,md-flexible,"std::vector<double, autopas::AlignedAllocator<double, (unsigned long)64>>::data(void)",stl_vector.h,0x5556bb
  "autopas::SoAView<std::tuple<std::vector<mdLib::MoleculeLJ*, autopas::AlignedAllocator<mdLib::MoleculeLJ*, (unsigned long)64>>, std::vector<unsigned long, autopas::AlignedAllocator<unsigned long, (unsigned long)64>>, std::vector<double, autopas::AlignedAllocator<double, (unsigned long)64>>, std::vector<double, autopas::AlignedAllocator<double, (unsigned long)64>>, std::vector<double, autopas::AlignedAllocator<double, (unsigned long)64>>, std::vector<double, autopas::AlignedAllocator<double, (unsigned long)64>>, std::vector<double, autopas::AlignedAllocator<double, (unsigned long)64>>, std::vector<double, autopas::AlignedAllocator<double, (unsigned long)64>>, std::vector<double, autopas::AlignedAllocator<double, (unsigned long)64>>, std::vector<double, autopas::AlignedAllocator<double, (unsigned long)64>>, std::vector<double, autopas::AlignedAllocator<double, (unsigned long)64>>, std::vector<double, autopas::AlignedAllocator<double, (unsigned long)64>>, std::vector<double, autopas::AlignedAllocator<double, (unsigned long)64>>, std::vector<double, autopas::AlignedAllocator<double, (unsigned long)64>>, std::vector<unsigned long, autopas::AlignedAllocator<unsigned long, (unsigned long)64>>, std::vector<autopas::OwnershipState, autopas::AlignedAllocator<autopas::OwnershipState, (unsigned long)64>>>>::begin<(unsigned long)15>",,0.0,,,,,,,,99.7,0.0,0.0,0.0,0.0,0.182066,55026876,0.0,0,0.0,0.0,,,0,0,0,0,,0.0,md-flexible,"autopas::SoAView<std::tuple<std::vector<mdLib::MoleculeLJ*, autopas::AlignedAllocator<mdLib::MoleculeLJ*, (unsigned long)64>>, std::vector<unsigned long, autopas::AlignedAllocator<unsigned long, (unsigned long)64>>, std::vector<double, autopas::AlignedAllocator<double, (unsigned long)64>>, std::vector<double, autopas::AlignedAllocator<double, (unsigned long)64>>, std::vector<double, autopas::AlignedAllocator<double, (unsigned long)64>>, std::vector<double, autopas::AlignedAllocator<double, (unsigned long)64>>, std::vector<double, autopas::AlignedAllocator<double, (unsigned long)64>>, std::vector<double, autopas::AlignedAllocator<double, (unsigned long)64>>, std::vector<double, autopas::AlignedAllocator<double, (unsigned long)64>>, std::vector<double, autopas::AlignedAllocator<double, (unsigned long)64>>, std::vector<double, autopas::AlignedAllocator<double, (unsigned long)64>>, std::vector<double, autopas::AlignedAllocator<double, (unsigned long)64>>, std::vector<double, autopas::AlignedAllocator<double, (unsigned long)64>>, std::vector<double, autopas::AlignedAllocator<double, (unsigned long)64>>, std::vector<unsigned long, autopas::AlignedAllocator<unsigned long, (unsigned long)64>>, std::vector<autopas::OwnershipState, autopas::AlignedAllocator<autopas::OwnershipState, (unsigned long)64>>>>::begin<(unsigned long)15>(signed char, void)",SoAView.h,0x555642
  "autopas::SoAView<std::tuple<std::vector<mdLib::MoleculeLJ*, autopas::AlignedAllocator<mdLib::MoleculeLJ*, (unsigned long)64>>, std::vector<unsigned long, autopas::AlignedAllocator<unsigned long, (unsigned long)64>>, std::vector<double, autopas::AlignedAllocator<double, (unsigned long)64>>, std::vector<double, autopas::AlignedAllocator<double, (unsigned long)64>>, std::vector<double, autopas::AlignedAllocator<double, (unsigned long)64>>, std::vector<double, autopas::AlignedAllocator<double, (unsigned long)64>>, std::vector<double, autopas::AlignedAllocator<double, (unsigned long)64>>, std::vector<double, autopas::AlignedAllocator<double, (unsigned long)64>>, std::vector<double, autopas::AlignedAllocator<double, (unsigned long)64>>, std::vector<double, autopas::AlignedAllocator<double, (unsigned long)64>>, std::vector<double, autopas::AlignedAllocator<double, (unsigned long)64>>, std::vector<double, autopas::AlignedAllocator<double, (unsigned long)64>>, std::vector<double, autopas::AlignedAllocator<double, (unsigned long)64>>, std::vector<double, autopas::AlignedAllocator<double, (unsigned long)64>>, std::vector<unsigned long, autopas::AlignedAllocator<unsigned long, (unsigned long)64>>, std::vector<autopas::OwnershipState, autopas::AlignedAllocator<autopas::OwnershipState, (unsigned long)64>>>>::begin<(unsigned long)2>",,0.0,,,,,,,0.0,0.0,0.0,0.0,0.0,0.0,0.0,0,0.0,0,0.0,0.0,,,0,0,0,0,,0.0,md-flexible,"autopas::SoAView<std::tuple<std::vector<mdLib::MoleculeLJ*, autopas::AlignedAllocator<mdLib::MoleculeLJ*, (unsigned long)64>>, std::vector<unsigned long, autopas::AlignedAllocator<unsigned long, (unsigned long)64>>, std::vector<double, autopas::AlignedAllocator<double, (unsigned long)64>>, std::vector<double, autopas::AlignedAllocator<double, (unsigned long)64>>, std::vector<double, autopas::AlignedAllocator<double, (unsigned long)64>>, std::vector<double, autopas::AlignedAllocator<double, (unsigned long)64>>, std::vector<double, autopas::AlignedAllocator<double, (unsigned long)64>>, std::vector<double, autopas::AlignedAllocator<double, (unsigned long)64>>, std::vector<double, autopas::AlignedAllocator<double, (unsigned long)64>>, std::vector<double, autopas::AlignedAllocator<double, (unsigned long)64>>, std::vector<double, autopas::AlignedAllocator<double, (unsigned long)64>>, std::vector<double, autopas::AlignedAllocator<double, (unsigned long)64>>, std::vector<double, autopas::AlignedAllocator<double, (unsigned long)64>>, std::vector<double, autopas::AlignedAllocator<double, (unsigned long)64>>, std::vector<unsigned long, autopas::AlignedAllocator<unsigned long, (unsigned long)64>>, std::vector<autopas::OwnershipState, autopas::AlignedAllocator<autopas::OwnershipState, (unsigned long)64>>>>::begin<(unsigned long)2>(signed char, void)",SoAView.h,0x55567e
   "autopas::SoA<std::tuple<std::vector<mdLib::MoleculeLJ*, autopas::AlignedAllocator<mdLib::MoleculeLJ*, (unsigned long)64>>, std::vector<unsigned long, autopas::AlignedAllocator<unsigned long, (unsigned long)64>>, std::vector<double, autopas::AlignedAllocator<double, (unsigned long)64>>, std::vector<double, autopas::AlignedAllocator<double, (unsigned long)64>>, std::vector<double, autopas::AlignedAllocator<double, (unsigned long)64>>, std::vector<double, autopas::AlignedAllocator<double, (unsigned long)64>>, std::vector<double, autopas::AlignedAllocator<double, (unsigned long)64>>, std::vector<double, autopas::AlignedAllocator<double, (unsigned long)64>>, std::vector<double, autopas::AlignedAllocator<double, (unsigned long)64>>, std::vector<double, autopas::AlignedAllocator<double, (unsigned long)64>>, std::vector<double, autopas::AlignedAllocator<double, (unsigned long)64>>, std::vector<double, autopas::AlignedAllocator<double, (unsigned long)64>>, std::vector<double, autopas::AlignedAllocator<double, (unsigned long)64>>, std::vector<double, autopas::AlignedAllocator<double, (unsigned long)64>>, std::vector<unsigned long, autopas::AlignedAllocator<unsigned long, (unsigned long)64>>, std::vector<autopas::OwnershipState, autopas::AlignedAllocator<autopas::OwnershipState, (unsigned long)64>>>>::begin<(unsigned long)2>",,0.0,,,,,,,0.0,0.0,0.0,0.0,0.0,0.0,0.0,0,0.0,0,0.0,0.0,,,0,0,0,0,,0.0,md-flexible,"autopas::SoA<std::tuple<std::vector<mdLib::MoleculeLJ*, autopas::AlignedAllocator<mdLib::MoleculeLJ*, (unsigned long)64>>, std::vector<unsigned long, autopas::AlignedAllocator<unsigned long, (unsigned long)64>>, std::vector<double, autopas::AlignedAllocator<double, (unsigned long)64>>, std::vector<double, autopas::AlignedAllocator<double, (unsigned long)64>>, std::vector<double, autopas::AlignedAllocator<double, (unsigned long)64>>, std::vector<double, autopas::AlignedAllocator<double, (unsigned long)64>>, std::vector<double, autopas::AlignedAllocator<double, (unsigned long)64>>, std::vector<double, autopas::AlignedAllocator<double, (unsigned long)64>>, std::vector<double, autopas::AlignedAllocator<double, (unsigned long)64>>, std::vector<double, autopas::AlignedAllocator<double, (unsigned long)64>>, std::vector<double, autopas::AlignedAllocator<double, (unsigned long)64>>, std::vector<double, autopas::AlignedAllocator<double, (unsigned long)64>>, std::vector<double, autopas::AlignedAllocator<double, (unsigned long)64>>, std::vector<double, autopas::AlignedAllocator<double, (unsigned long)64>>, std::vector<unsigned long, autopas::AlignedAllocator<unsigned long, (unsigned long)64>>, std::vector<autopas::OwnershipState, autopas::AlignedAllocator<autopas::OwnershipState, (unsigned long)64>>>>::begin<(unsigned long)2>(signed char, void)",SoA.h,0x55567e
    "std::vector<double, autopas::AlignedAllocator<double, (unsigned long)64>>::data",,0.0,,,,,,,,0.0,100.0,0.0,0.0,0.0,0.0,0,0.0,0,0.0,0.0,,,0,0,0,0,,0.0,md-flexible,"std::vector<double, autopas::AlignedAllocator<double, (unsigned long)64>>::data(void)",stl_vector.h,0x55567e
  "autopas::SoAView<std::tuple<std::vector<mdLib::MoleculeLJ*, autopas::AlignedAllocator<mdLib::MoleculeLJ*, (unsigned long)64>>, std::vector<unsigned long, autopas::AlignedAllocator<unsigned long, (unsigned long)64>>, std::vector<double, autopas::AlignedAllocator<double, (unsigned long)64>>, std::vector<double, autopas::AlignedAllocator<double, (unsigned long)64>>, std::vector<double, autopas::AlignedAllocator<double, (unsigned long)64>>, std::vector<double, autopas::AlignedAllocator<double, (unsigned long)64>>, std::vector<double, autopas::AlignedAllocator<double, (unsigned long)64>>, std::vector<double, autopas::AlignedAllocator<double, (unsigned long)64>>, std::vector<double, autopas::AlignedAllocator<double, (unsigned long)64>>, std::vector<double, autopas::AlignedAllocator<double, (unsigned long)64>>, std::vector<double, autopas::AlignedAllocator<double, (unsigned long)64>>, std::vector<double, autopas::AlignedAllocator<double, (unsigned long)64>>, std::vector<double, autopas::AlignedAllocator<double, (unsigned long)64>>, std::vector<double, autopas::AlignedAllocator<double, (unsigned long)64>>, std::vector<unsigned long, autopas::AlignedAllocator<unsigned long, (unsigned long)64>>, std::vector<autopas::OwnershipState, autopas::AlignedAllocator<autopas::OwnershipState, (unsigned long)64>>>>::begin<(unsigned long)4>",,0.0,,,,,,,0.0,0.0,0.0,0.0,0.0,0.0,0.030344,9171146,0.0,0,0.0,0.0,,,0,0,0,0,,7.000000,md-flexible,"autopas::SoAView<std::tuple<std::vector<mdLib::MoleculeLJ*, autopas::AlignedAllocator<mdLib::MoleculeLJ*, (unsigned long)64>>, std::vector<unsigned long, autopas::AlignedAllocator<unsigned long, (unsigned long)64>>, std::vector<double, autopas::AlignedAllocator<double, (unsigned long)64>>, std::vector<double, autopas::AlignedAllocator<double, (unsigned long)64>>, std::vector<double, autopas::AlignedAllocator<double, (unsigned long)64>>, std::vector<double, autopas::AlignedAllocator<double, (unsigned long)64>>, std::vector<double, autopas::AlignedAllocator<double, (unsigned long)64>>, std::vector<double, autopas::AlignedAllocator<double, (unsigned long)64>>, std::vector<double, autopas::AlignedAllocator<double, (unsigned long)64>>, std::vector<double, autopas::AlignedAllocator<double, (unsigned long)64>>, std::vector<double, autopas::AlignedAllocator<double, (unsigned long)64>>, std::vector<double, autopas::AlignedAllocator<double, (unsigned long)64>>, std::vector<double, autopas::AlignedAllocator<double, (unsigned long)64>>, std::vector<double, autopas::AlignedAllocator<double, (unsigned long)64>>, std::vector<unsigned long, autopas::AlignedAllocator<unsigned long, (unsigned long)64>>, std::vector<autopas::OwnershipState, autopas::AlignedAllocator<autopas::OwnershipState, (unsigned long)64>>>>::begin<(unsigned long)4>(signed char, void)",SoAView.h,0x555696
  "autopas::SoAView<std::tuple<std::vector<mdLib::MoleculeLJ*, autopas::AlignedAllocator<mdLib::MoleculeLJ*, (unsigned long)64>>, std::vector<unsigned long, autopas::AlignedAllocator<unsigned long, (unsigned long)64>>, std::vector<double, autopas::AlignedAllocator<double, (unsigned long)64>>, std::vector<double, autopas::AlignedAllocator<double, (unsigned long)64>>, std::vector<double, autopas::AlignedAllocator<double, (unsigned long)64>>, std::vector<double, autopas::AlignedAllocator<double, (unsigned long)64>>, std::vector<double, autopas::AlignedAllocator<double, (unsigned long)64>>, std::vector<double, autopas::AlignedAllocator<double, (unsigned long)64>>, std::vector<double, autopas::AlignedAllocator<double, (unsigned long)64>>, std::vector<double, autopas::AlignedAllocator<double, (unsigned long)64>>, std::vector<double, autopas::AlignedAllocator<double, (unsigned long)64>>, std::vector<double, autopas::AlignedAllocator<double, (unsigned long)64>>, std::vector<double, autopas::AlignedAllocator<double, (unsigned long)64>>, std::vector<double, autopas::AlignedAllocator<double, (unsigned long)64>>, std::vector<unsigned long, autopas::AlignedAllocator<unsigned long, (unsigned long)64>>, std::vector<autopas::OwnershipState, autopas::AlignedAllocator<autopas::OwnershipState, (unsigned long)64>>>>::begin<(unsigned long)8>",,0.0,,,,,,,0.0,0.0,0.0,0.0,0.0,0.0,0.0,0,0.181928,0,0.0,0.0,,,0,0,0,0,,0.0,md-flexible,"autopas::SoAView<std::tuple<std::vector<mdLib::MoleculeLJ*, autopas::AlignedAllocator<mdLib::MoleculeLJ*, (unsigned long)64>>, std::vector<unsigned long, autopas::AlignedAllocator<unsigned long, (unsigned long)64>>, std::vector<double, autopas::AlignedAllocator<double, (unsigned long)64>>, std::vector<double, autopas::AlignedAllocator<double, (unsigned long)64>>, std::vector<double, autopas::AlignedAllocator<double, (unsigned long)64>>, std::vector<double, autopas::AlignedAllocator<double, (unsigned long)64>>, std::vector<double, autopas::AlignedAllocator<double, (unsigned long)64>>, std::vector<double, autopas::AlignedAllocator<double, (unsigned long)64>>, std::vector<double, autopas::AlignedAllocator<double, (unsigned long)64>>, std::vector<double, autopas::AlignedAllocator<double, (unsigned long)64>>, std::vector<double, autopas::AlignedAllocator<double, (unsigned long)64>>, std::vector<double, autopas::AlignedAllocator<double, (unsigned long)64>>, std::vector<double, autopas::AlignedAllocator<double, (unsigned long)64>>, std::vector<double, autopas::AlignedAllocator<double, (unsigned long)64>>, std::vector<unsigned long, autopas::AlignedAllocator<unsigned long, (unsigned long)64>>, std::vector<autopas::OwnershipState, autopas::AlignedAllocator<autopas::OwnershipState, (unsigned long)64>>>>::begin<(unsigned long)8>(signed char, void)",SoAView.h,0x55568f
   "autopas::SoA<std::tuple<std::vector<mdLib::MoleculeLJ*, autopas::AlignedAllocator<mdLib::MoleculeLJ*, (unsigned long)64>>, std::vector<unsigned long, autopas::AlignedAllocator<unsigned long, (unsigned long)64>>, std::vector<double, autopas::AlignedAllocator<double, (unsigned long)64>>, std::vector<double, autopas::AlignedAllocator<double, (unsigned long)64>>, std::vector<double, autopas::AlignedAllocator<double, (unsigned long)64>>, std::vector<double, autopas::AlignedAllocator<double, (unsigned long)64>>, std::vector<double, autopas::AlignedAllocator<double, (unsigned long)64>>, std::vector<double, autopas::AlignedAllocator<double, (unsigned long)64>>, std::vector<double, autopas::AlignedAllocator<double, (unsigned long)64>>, std::vector<double, autopas::AlignedAllocator<double, (unsigned long)64>>, std::vector<double, autopas::AlignedAllocator<double, (unsigned long)64>>, std::vector<double, autopas::AlignedAllocator<double, (unsigned long)64>>, std::vector<double, autopas::AlignedAllocator<double, (unsigned long)64>>, std::vector<double, autopas::AlignedAllocator<double, (unsigned long)64>>, std::vector<unsigned long, autopas::AlignedAllocator<unsigned long, (unsigned long)64>>, std::vector<autopas::OwnershipState, autopas::AlignedAllocator<autopas::OwnershipState, (unsigned long)64>>>>::begin<(unsigned long)8>",,0.0,,,,,,,0.0,0.0,0.0,0.0,0.0,0.0,0.0,0,0.181928,0,0.0,0.0,,,0,0,0,0,,0.0,md-flexible,"autopas::SoA<std::tuple<std::vector<mdLib::MoleculeLJ*, autopas::AlignedAllocator<mdLib::MoleculeLJ*, (unsigned long)64>>, std::vector<unsigned long, autopas::AlignedAllocator<unsigned long, (unsigned long)64>>, std::vector<double, autopas::AlignedAllocator<double, (unsigned long)64>>, std::vector<double, autopas::AlignedAllocator<double, (unsigned long)64>>, std::vector<double, autopas::AlignedAllocator<double, (unsigned long)64>>, std::vector<double, autopas::AlignedAllocator<double, (unsigned long)64>>, std::vector<double, autopas::AlignedAllocator<double, (unsigned long)64>>, std::vector<double, autopas::AlignedAllocator<double, (unsigned long)64>>, std::vector<double, autopas::AlignedAllocator<double, (unsigned long)64>>, std::vector<double, autopas::AlignedAllocator<double, (unsigned long)64>>, std::vector<double, autopas::AlignedAllocator<double, (unsigned long)64>>, std::vector<double, autopas::AlignedAllocator<double, (unsigned long)64>>, std::vector<double, autopas::AlignedAllocator<double, (unsigned long)64>>, std::vector<double, autopas::AlignedAllocator<double, (unsigned long)64>>, std::vector<unsigned long, autopas::AlignedAllocator<unsigned long, (unsigned long)64>>, std::vector<autopas::OwnershipState, autopas::AlignedAllocator<autopas::OwnershipState, (unsigned long)64>>>>::begin<(unsigned long)8>(signed char, void)",SoA.h,0x55568f
    "std::vector<double, autopas::AlignedAllocator<double, (unsigned long)64>>::data",,0.0,,,,,,,,100.0,0.0,0.0,0.0,0.0,0.0,0,0.181928,27513438,0.0,0.0,,,0,0,0,0,,0.0,md-flexible,"std::vector<double, autopas::AlignedAllocator<double, (unsigned long)64>>::data(void)",stl_vector.h,0x55568f
  "autopas::SoAView<std::tuple<std::vector<mdLib::MoleculeLJ*, autopas::AlignedAllocator<mdLib::MoleculeLJ*, (unsigned long)64>>, std::vector<unsigned long, autopas::AlignedAllocator<unsigned long, (unsigned long)64>>, std::vector<double, autopas::AlignedAllocator<double, (unsigned long)64>>, std::vector<double, autopas::AlignedAllocator<double, (unsigned long)64>>, std::vector<double, autopas::AlignedAllocator<double, (unsigned long)64>>, std::vector<double, autopas::AlignedAllocator<double, (unsigned long)64>>, std::vector<double, autopas::AlignedAllocator<double, (unsigned long)64>>, std::vector<double, autopas::AlignedAllocator<double, (unsigned long)64>>, std::vector<double, autopas::AlignedAllocator<double, (unsigned long)64>>, std::vector<double, autopas::AlignedAllocator<double, (unsigned long)64>>, std::vector<double, autopas::AlignedAllocator<double, (unsigned long)64>>, std::vector<double, autopas::AlignedAllocator<double, (unsigned long)64>>, std::vector<double, autopas::AlignedAllocator<double, (unsigned long)64>>, std::vector<double, autopas::AlignedAllocator<double, (unsigned long)64>>, std::vector<unsigned long, autopas::AlignedAllocator<unsigned long, (unsigned long)64>>, std::vector<autopas::OwnershipState, autopas::AlignedAllocator<autopas::OwnershipState, (unsigned long)64>>>>::begin<(unsigned long)9>",,0.0,,,,,,,0.0,0.0,0.0,0.0,0.0,0.0,0.0,0,0.0,0,0.0,0.0,,,0,0,0,0,,0.0,md-flexible,"autopas::SoAView<std::tuple<std::vector<mdLib::MoleculeLJ*, autopas::AlignedAllocator<mdLib::MoleculeLJ*, (unsigned long)64>>, std::vector<unsigned long, autopas::AlignedAllocator<unsigned long, (unsigned long)64>>, std::vector<double, autopas::AlignedAllocator<double, (unsigned long)64>>, std::vector<double, autopas::AlignedAllocator<double, (unsigned long)64>>, std::vector<double, autopas::AlignedAllocator<double, (unsigned long)64>>, std::vector<double, autopas::AlignedAllocator<double, (unsigned long)64>>, std::vector<double, autopas::AlignedAllocator<double, (unsigned long)64>>, std::vector<double, autopas::AlignedAllocator<double, (unsigned long)64>>, std::vector<double, autopas::AlignedAllocator<double, (unsigned long)64>>, std::vector<double, autopas::AlignedAllocator<double, (unsigned long)64>>, std::vector<double, autopas::AlignedAllocator<double, (unsigned long)64>>, std::vector<double, autopas::AlignedAllocator<double, (unsigned long)64>>, std::vector<double, autopas::AlignedAllocator<double, (unsigned long)64>>, std::vector<double, autopas::AlignedAllocator<double, (unsigned long)64>>, std::vector<unsigned long, autopas::AlignedAllocator<unsigned long, (unsigned long)64>>, std::vector<autopas::OwnershipState, autopas::AlignedAllocator<autopas::OwnershipState, (unsigned long)64>>>>::begin<(unsigned long)9>(signed char, void)",SoAView.h,0x5556ac
   "autopas::SoA<std::tuple<std::vector<mdLib::MoleculeLJ*, autopas::AlignedAllocator<mdLib::MoleculeLJ*, (unsigned long)64>>, std::vector<unsigned long, autopas::AlignedAllocator<unsigned long, (unsigned long)64>>, std::vector<double, autopas::AlignedAllocator<double, (unsigned long)64>>, std::vector<double, autopas::AlignedAllocator<double, (unsigned long)64>>, std::vector<double, autopas::AlignedAllocator<double, (unsigned long)64>>, std::vector<double, autopas::AlignedAllocator<double, (unsigned long)64>>, std::vector<double, autopas::AlignedAllocator<double, (unsigned long)64>>, std::vector<double, autopas::AlignedAllocator<double, (unsigned long)64>>, std::vector<double, autopas::AlignedAllocator<double, (unsigned long)64>>, std::vector<double, autopas::AlignedAllocator<double, (unsigned long)64>>, std::vector<double, autopas::AlignedAllocator<double, (unsigned long)64>>, std::vector<double, autopas::AlignedAllocator<double, (unsigned long)64>>, std::vector<double, autopas::AlignedAllocator<double, (unsigned long)64>>, std::vector<double, autopas::AlignedAllocator<double, (unsigned long)64>>, std::vector<unsigned long, autopas::AlignedAllocator<unsigned long, (unsigned long)64>>, std::vector<autopas::OwnershipState, autopas::AlignedAllocator<autopas::OwnershipState, (unsigned long)64>>>>::begin<(unsigned long)9>",,0.0,,,,,,,0.0,0.0,0.0,0.0,0.0,0.0,0.0,0,0.0,0,0.0,0.0,,,0,0,0,0,,0.0,md-flexible,"autopas::SoA<std::tuple<std::vector<mdLib::MoleculeLJ*, autopas::AlignedAllocator<mdLib::MoleculeLJ*, (unsigned long)64>>, std::vector<unsigned long, autopas::AlignedAllocator<unsigned long, (unsigned long)64>>, std::vector<double, autopas::AlignedAllocator<double, (unsigned long)64>>, std::vector<double, autopas::AlignedAllocator<double, (unsigned long)64>>, std::vector<double, autopas::AlignedAllocator<double, (unsigned long)64>>, std::vector<double, autopas::AlignedAllocator<double, (unsigned long)64>>, std::vector<double, autopas::AlignedAllocator<double, (unsigned long)64>>, std::vector<double, autopas::AlignedAllocator<double, (unsigned long)64>>, std::vector<double, autopas::AlignedAllocator<double, (unsigned long)64>>, std::vector<double, autopas::AlignedAllocator<double, (unsigned long)64>>, std::vector<double, autopas::AlignedAllocator<double, (unsigned long)64>>, std::vector<double, autopas::AlignedAllocator<double, (unsigned long)64>>, std::vector<double, autopas::AlignedAllocator<double, (unsigned long)64>>, std::vector<double, autopas::AlignedAllocator<double, (unsigned long)64>>, std::vector<unsigned long, autopas::AlignedAllocator<unsigned long, (unsigned long)64>>, std::vector<autopas::OwnershipState, autopas::AlignedAllocator<autopas::OwnershipState, (unsigned long)64>>>>::begin<(unsigned long)9>(signed char, void)",SoA.h,0x5556ac
    "std::vector<double, autopas::AlignedAllocator<double, (unsigned long)64>>::data",,0.0,,,,,,,0.0,0.0,0.0,0.0,0.0,0.0,0.0,0,0.0,0,0.0,0.0,,,0,0,0,0,,7.000000,md-flexible,"std::vector<double, autopas::AlignedAllocator<double, (unsigned long)64>>::data(void)",stl_vector.h,0x5556ac
  "std::vector<unsigned long, autopas::AlignedAllocator<unsigned long, (unsigned long)64>>::size",,0.0,,,,,,,,0.0,,0.0,,0.0,0.0,0,0.212250,32099011,0.0,0.0,,,0,0,0,0,,0.0,md-flexible,"std::vector<unsigned long, autopas::AlignedAllocator<unsigned long, (unsigned long)64>>::size(void) const",stl_vector.h,0x5556c8
 mdLib::MoleculeLJ::getOldF,,0.0,,,,,,,0.0,0.0,0.0,0.0,0.0,0.0,0.303444,91711460,0.0,0,0.0,0.0,,,0,0,0,0,,0.0,md-flexible,mdLib::MoleculeLJ::getOldF(void) const,MoleculeLJ.cpp,0x690e00
 mdLib::MoleculeLJ::getTypeId,,0.0,,,,,,,100.0,30.7,,61.3,,0.0,0.439994,132981617,0.0,0,8.333333,7.142857,,,6881043,4585757,0,0,,12.000000,md-flexible,mdLib::MoleculeLJ::getTypeId(void) const,MoleculeLJ.cpp,0x690e30
 mdLib::MoleculeLJ::setOldF,,0.0,,,,,,,0.0,0.0,0.0,0.0,0.0,0.0,0.166894,50441303,0.0,0,0.0,0.0,,,0,0,0,0,,0.0,md-flexible,"mdLib::MoleculeLJ::setOldF(std::array<double, (unsigned long)3> const&)",MoleculeLJ.cpp,0x690e10
 operator new,,0.0,,,,,,,,0.0,0.0,0.0,0.0,0.0,0.045517,13756719,0.121286,18342292,0.0,0.0,,,0,0,0,0,,8.000000,libstdc++.so.6.0.33,operator new(unsigned long),new_op.cc,0xa87ab
 "std::_Hashtable<mdLib::MoleculeLJ const*, std::pair<mdLib::MoleculeLJ const* const, unsigned long>, std::allocator<std::pair<mdLib::MoleculeLJ const* const, unsigned long>>, std::__detail::_Select1st, std::equal_to<mdLib::MoleculeLJ const*>, std::hash<mdLib::MoleculeLJ const*>, std::__detail::_Mod_range_hashing, std::__detail::_Default_ranged_hash, std::__detail::_Prime_rehash_policy, std::__detail::_Hashtable_traits<(bool)0, (bool)0, (bool)1>>::_M_insert_unique_node",,0.0,,,,,,,0.0,0.0,0.0,0.0,0.0,0.0,0.0,0,0.090964,0,0.0,0.0,,,0,0,0,0,,0.0,md-flexible,"std::_Hashtable<mdLib::MoleculeLJ const*, std::pair<mdLib::MoleculeLJ const* const, unsigned long>, std::allocator<std::pair<mdLib::MoleculeLJ const* const, unsigned long>>, std::__detail::_Select1st, std::equal_to<mdLib::MoleculeLJ const*>, std::hash<mdLib::MoleculeLJ const*>, std::__detail::_Mod_range_hashing, std::__detail::_Default_ranged_hash, std::__detail::_Prime_rehash_policy, std::__detail::_Hashtable_traits<(bool)0, (bool)0, (bool)1>>::_M_insert_unique_node(unsigned long, unsigned long, std::__detail::_Hash_node<std::pair<mdLib::MoleculeLJ const* const, unsigned long>, (bool)0>*, unsigned long)",hashtable.h,0x540010
  "std::_Hashtable<mdLib::MoleculeLJ const*, std::pair<mdLib::MoleculeLJ const* const, unsigned long>, std::allocator<std::pair<mdLib::MoleculeLJ const* const, unsigned long>>, std::__detail::_Select1st, std::equal_to<mdLib::MoleculeLJ const*>, std::hash<mdLib::MoleculeLJ const*>, std::__detail::_Mod_range_hashing, std::__detail::_Default_ranged_hash, std::__detail::_Prime_rehash_policy, std::__detail::_Hashtable_traits<(bool)0, (bool)0, (bool)1>>::_M_insert_bucket_begin",,0.0,,,,,,,0.0,0.0,0.0,0.0,0.0,0.0,0.0,0,0.090964,13756719,0.0,0.0,,,0,0,0,0,,0.0,md-flexible,"std::_Hashtable<mdLib::MoleculeLJ const*, std::pair<mdLib::MoleculeLJ const* const, unsigned long>, std::allocator<std::pair<mdLib::MoleculeLJ const* const, unsigned long>>, std::__detail::_Select1st, std::equal_to<mdLib::MoleculeLJ const*>, std::hash<mdLib::MoleculeLJ const*>, std::__detail::_Mod_range_hashing, std::__detail::_Default_ranged_hash, std::__detail::_Prime_rehash_policy, std::__detail::_Hashtable_traits<(bool)0, (bool)0, (bool)1>>::_M_insert_bucket_begin(unsigned long, std::__detail::_Hash_node<std::pair<mdLib::MoleculeLJ const* const, unsigned long>, (bool)0>*)",hashtable.h,0x540057
 "std::_Hashtable<mdLib::MoleculeLJ const*, std::pair<mdLib::MoleculeLJ const* const, unsigned long>, std::allocator<std::pair<mdLib::MoleculeLJ const* const, unsigned long>>, std::__detail::_Select1st, std::equal_to<mdLib::MoleculeLJ const*>, std::hash<mdLib::MoleculeLJ const*>, std::__detail::_Mod_range_hashing, std::__detail::_Default_ranged_hash, std::__detail::_Prime_rehash_policy, std::__detail::_Hashtable_traits<(bool)0, (bool)0, (bool)1>>::find",,0.0,,,,,,,100.0,2.5,2.5,1.3,24.2,0.0,3.823396,1155564396,0.0,0,11.111111,7.142857,,,9174724,4585757,0,0,,9.566038,md-flexible,"std::_Hashtable<mdLib::MoleculeLJ const*, std::pair<mdLib::MoleculeLJ const* const, unsigned long>, std::allocator<std::pair<mdLib::MoleculeLJ const* const, unsigned long>>, std::__detail::_Select1st, std::equal_to<mdLib::MoleculeLJ const*>, std::hash<mdLib::MoleculeLJ const*>, std::__detail::_Mod_range_hashing, std::__detail::_Default_ranged_hash, std::__detail::_Prime_rehash_policy, std::__detail::_Hashtable_traits<(bool)0, (bool)0, (bool)1>>::find(mdLib::MoleculeLJ const* const&)",hashtable.h,0x4fb810
 "std::_Hashtable<mdLib::MoleculeLJ*, std::pair<mdLib::MoleculeLJ* const, std::vector<mdLib::MoleculeLJ*, std::allocator<mdLib::MoleculeLJ*>>>, std::allocator<std::pair<mdLib::MoleculeLJ* const, std::vector<mdLib::MoleculeLJ*, std::allocator<mdLib::MoleculeLJ*>>>>, std::__detail::_Select1st, std::equal_to<mdLib::MoleculeLJ*>, std::hash<mdLib::MoleculeLJ*>, std::__detail::_Mod_range_hashing, std::__detail::_Default_ranged_hash, std::__detail::_Prime_rehash_policy, std::__detail::_Hashtable_traits<(bool)0, (bool)0, (bool)1>>::clear",,0.0,,,,,,,0.0,0.0,0.0,0.0,0.0,0.0,0.0,0,0.0,0,0.0,0.0,,,0,0,0,0,,0.0,md-flexible,"std::_Hashtable<mdLib::MoleculeLJ*, std::pair<mdLib::MoleculeLJ* const, std::vector<mdLib::MoleculeLJ*, std::allocator<mdLib::MoleculeLJ*>>>, std::allocator<std::pair<mdLib::MoleculeLJ* const, std::vector<mdLib::MoleculeLJ*, std::allocator<mdLib::MoleculeLJ*>>>>, std::__detail::_Select1st, std::equal_to<mdLib::MoleculeLJ*>, std::hash<mdLib::MoleculeLJ*>, std::__detail::_Mod_range_hashing, std::__detail::_Default_ranged_hash, std::__detail::_Prime_rehash_policy, std::__detail::_Hashtable_traits<(bool)0, (bool)0, (bool)1>>::clear(void)",hashtable.h,0x524820
  "std::__detail::_Hashtable_alloc<std::allocator<std::__detail::_Hash_node<std::pair<mdLib::MoleculeLJ* const, std::vector<mdLib::MoleculeLJ*, std::allocator<mdLib::MoleculeLJ*>>>, (bool)0>>>::_M_deallocate_nodes",,0.0,,,,,,,0.0,0.0,0.0,0.0,0.0,0.0,0.0,0,0.0,0,0.0,0.0,,,0,0,0,0,,0.0,md-flexible,"std::__detail::_Hashtable_alloc<std::allocator<std::__detail::_Hash_node<std::pair<mdLib::MoleculeLJ* const, std::vector<mdLib::MoleculeLJ*, std::allocator<mdLib::MoleculeLJ*>>>, (bool)0>>>::_M_deallocate_nodes(std::__detail::_Hash_node<std::pair<mdLib::MoleculeLJ* const, std::vector<mdLib::MoleculeLJ*, std::allocator<mdLib::MoleculeLJ*>>>, (bool)0>*)",hashtable_policy.h,0x52482b
   "std::__detail::_Hash_node<std::pair<mdLib::MoleculeLJ* const, std::vector<mdLib::MoleculeLJ*, std::allocator<mdLib::MoleculeLJ*>>>, (bool)0>::_M_next",,0.0,,,,,,,0.0,0.0,0.0,100.0,100.0,0.0,0.0,0,0.0,0,0.0,0.0,,,0,0,0,0,,0.0,md-flexible,"std::__detail::_Hash_node<std::pair<mdLib::MoleculeLJ* const, std::vector<mdLib::MoleculeLJ*, std::allocator<mdLib::MoleculeLJ*>>>, (bool)0>::_M_next(void) const",hashtable_policy.h,0x524830
   "std::__detail::_Hashtable_alloc<std::allocator<std::__detail::_Hash_node<std::pair<mdLib::MoleculeLJ* const, std::vector<mdLib::MoleculeLJ*, std::allocator<mdLib::MoleculeLJ*>>>, (bool)0>>>::_M_deallocate_node",,0.0,,,,,,,0.0,0.0,0.0,0.0,0.0,0.0,0.0,0,0.0,0,0.0,0.0,,,0,0,0,0,,0.0,md-flexible,"std::__detail::_Hashtable_alloc<std::allocator<std::__detail::_Hash_node<std::pair<mdLib::MoleculeLJ* const, std::vector<mdLib::MoleculeLJ*, std::allocator<mdLib::MoleculeLJ*>>>, (bool)0>>>::_M_deallocate_node(std::__detail::_Hash_node<std::pair<mdLib::MoleculeLJ* const, std::vector<mdLib::MoleculeLJ*, std::allocator<mdLib::MoleculeLJ*>>>, (bool)0>*)",hashtable_policy.h,0x524836
    "std::allocator_traits<std::allocator<std::__detail::_Hash_node<std::pair<mdLib::MoleculeLJ* const, std::vector<mdLib::MoleculeLJ*, std::allocator<mdLib::MoleculeLJ*>>>, (bool)0>>>::destroy<std::pair<mdLib::MoleculeLJ* const, std::vector<mdLib::MoleculeLJ*, std::allocator<mdLib::MoleculeLJ*>>>>",,0.0,,,,,,,0.0,0.0,0.0,0.0,0.0,0.0,0.0,0,0.0,0,0.0,0.0,,,0,0,0,0,,0.0,md-flexible,"std::allocator_traits<std::allocator<std::__detail::_Hash_node<std::pair<mdLib::MoleculeLJ* const, std::vector<mdLib::MoleculeLJ*, std::allocator<mdLib::MoleculeLJ*>>>, (bool)0>>>::destroy<std::pair<mdLib::MoleculeLJ* const, std::vector<mdLib::MoleculeLJ*, std::allocator<mdLib::MoleculeLJ*>>>>(std::allocator<std::__detail::_Hash_node<std::pair<mdLib::MoleculeLJ* const, std::vector<mdLib::MoleculeLJ*, std::allocator<mdLib::MoleculeLJ*>>>, (bool)0>>&, std::pair<mdLib::MoleculeLJ* const, std::vector<mdLib::MoleculeLJ*, std::allocator<mdLib::MoleculeLJ*>>>*)",alloc_traits.h,0x524836
     "std::destroy_at<std::pair<mdLib::MoleculeLJ* const, std::vector<mdLib::MoleculeLJ*, std::allocator<mdLib::MoleculeLJ*>>>>",,0.0,,,,,,,0.0,0.0,0.0,0.0,0.0,0.0,0.0,0,0.0,0,0.0,0.0,,,0,0,0,0,,0.0,md-flexible,"std::destroy_at<std::pair<mdLib::MoleculeLJ* const, std::vector<mdLib::MoleculeLJ*, std::allocator<mdLib::MoleculeLJ*>>>>(std::pair<mdLib::MoleculeLJ* const, std::vector<mdLib::MoleculeLJ*, std::allocator<mdLib::MoleculeLJ*>>>*)",stl_construct.h,0x524836
      "std::pair<mdLib::MoleculeLJ* const, std::vector<mdLib::MoleculeLJ*, std::allocator<mdLib::MoleculeLJ*>>>::~pair",,0.0,,,,,,,0.0,0.0,0.0,0.0,0.0,0.0,0.0,0,0.0,0,0.0,0.0,,,0,0,0,0,,0.0,md-flexible,"std::pair<mdLib::MoleculeLJ* const, std::vector<mdLib::MoleculeLJ*, std::allocator<mdLib::MoleculeLJ*>>>::~pair(void)",stl_pair.h,0x524836
       "std::vector<mdLib::MoleculeLJ*, std::allocator<mdLib::MoleculeLJ*>>::~vector",,0.0,,,,,,,0.0,0.0,0.0,0.0,0.0,0.0,0.0,0,0.0,0,0.0,0.0,,,0,0,0,0,,0.0,md-flexible,"std::vector<mdLib::MoleculeLJ*, std::allocator<mdLib::MoleculeLJ*>>::~vector(void)",stl_vector.h,0x524836
        "std::_Vector_base<mdLib::MoleculeLJ*, std::allocator<mdLib::MoleculeLJ*>>::~_Vector_base",,0.0,,,,,,,0.0,0.0,0.0,,,0.0,0.0,0,0.0,0,0.0,0.0,,,0,0,0,0,,0.0,md-flexible,"std::_Vector_base<mdLib::MoleculeLJ*, std::allocator<mdLib::MoleculeLJ*>>::~_Vector_base(void)",stl_vector.h,0x524836
 "std::__adjust_heap<__gnu_cxx::__normal_iterator<mdLib::MoleculeLJ*, std::vector<mdLib::MoleculeLJ, std::allocator<mdLib::MoleculeLJ>>>, long, mdLib::MoleculeLJ, __gnu_cxx::__ops::_Iter_comp_iter<autopas::VerletListsLinkedReferencesBase<mdLib::MoleculeLJ>::sortParticlesByConfiguredKey(void)::{lambda(mdLib::MoleculeLJ const&mdLib::MoleculeLJ const&)#1}>>",,0.0,,,,,,,,0.0,0.0,0.0,0.0,0.0,0.030344,0,0.272893,0,0.0,0.0,,,0,0,0,0,,9.000000,md-flexible,"std::__adjust_heap<__gnu_cxx::__normal_iterator<mdLib::MoleculeLJ*, std::vector<mdLib::MoleculeLJ, std::allocator<mdLib::MoleculeLJ>>>, long, mdLib::MoleculeLJ, __gnu_cxx::__ops::_Iter_comp_iter<autopas::VerletListsLinkedReferencesBase<mdLib::MoleculeLJ>::sortParticlesByConfiguredKey(void)::{lambda(mdLib::MoleculeLJ const&mdLib::MoleculeLJ const&)#1}>>(__gnu_cxx::__normal_iterator<mdLib::MoleculeLJ*, std::vector<mdLib::MoleculeLJ, std::allocator<mdLib::MoleculeLJ>>>, long, long, mdLib::MoleculeLJ, __gnu_cxx::__ops::_Iter_comp_iter<autopas::VerletListsLinkedReferencesBase<mdLib::MoleculeLJ>::sortParticlesByConfiguredKey(void)::{lambda(mdLib::MoleculeLJ const&mdLib::MoleculeLJ const&)#1}>)",stl_heap.h,0x5459a0
  "__gnu_cxx::__ops::_Iter_comp_iter<autopas::VerletListsLinkedReferencesBase<mdLib::MoleculeLJ>::sortParticlesByConfiguredKey(void)::{lambda(mdLib::MoleculeLJ const&mdLib::MoleculeLJ const&)#1}>::operator()<__gnu_cxx::__normal_iterator<mdLib::MoleculeLJ*, std::vector<mdLib::MoleculeLJ, std::allocator<mdLib::MoleculeLJ>>>, __gnu_cxx::__normal_iterator<mdLib::MoleculeLJ*, std::vector<mdLib::MoleculeLJ, std::allocator<mdLib::MoleculeLJ>>>>",,0.0,,,,,,,0.0,0.0,0.0,0.0,0.0,0.0,0.015172,0,0.090964,0,0.0,0.0,,,0,0,0,0,,0.0,md-flexible,"__gnu_cxx::__ops::_Iter_comp_iter<autopas::VerletListsLinkedReferencesBase<mdLib::MoleculeLJ>::sortParticlesByConfiguredKey(void)::{lambda(mdLib::MoleculeLJ const&mdLib::MoleculeLJ const&)#1}>::operator()<__gnu_cxx::__normal_iterator<mdLib::MoleculeLJ*, std::vector<mdLib::MoleculeLJ, std::allocator<mdLib::MoleculeLJ>>>, __gnu_cxx::__normal_iterator<mdLib::MoleculeLJ*, std::vector<mdLib::MoleculeLJ, std::allocator<mdLib::MoleculeLJ>>>>(__gnu_cxx::__normal_iterator<mdLib::MoleculeLJ*, std::vector<mdLib::MoleculeLJ, std::allocator<mdLib::MoleculeLJ>>>, __gnu_cxx::__normal_iterator<mdLib::MoleculeLJ*, std::vector<mdLib::MoleculeLJ, std::allocator<mdLib::MoleculeLJ>>>)",predefined_ops.h,0x5459f8
   autopas::VerletListsLinkedReferencesBase<mdLib::MoleculeLJ>::sortParticlesByConfiguredKey(void)::{lambda(mdLib::MoleculeLJ const&mdLib::MoleculeLJ const&)#1}::operator(),,0.0,,,,,,,0.0,0.0,0.0,0.0,0.0,0.0,0.015172,4585573,0.090964,13756719,0.0,0.0,,,0,0,0,0,,0.0,md-flexible,"autopas::VerletListsLinkedReferencesBase<mdLib::MoleculeLJ>::sortParticlesByConfiguredKey(void)::{lambda(mdLib::MoleculeLJ const&mdLib::MoleculeLJ const&)#1}::operator()(mdLib::MoleculeLJ const&, mdLib::MoleculeLJ const&) const",VerletListsLinkedReferencesBase.h,0x5459f8
  mdLib::MoleculeLJ::MoleculeLJ,,0.0,,,,,,,0.0,0.0,0.0,0.0,0.0,0.0,0.0,0,0.060643,4585573,0.0,0.0,,,0,0,0,0,,0.0,md-flexible,mdLib::MoleculeLJ::MoleculeLJ(mdLib::MoleculeLJ const&),MoleculeLJ.h,0x545b10
   "autopas::ParticleBase<double, unsigned long>::ParticleBase",,0.0,,,,,,,0.0,0.0,0.0,0.0,0.0,0.0,0.0,0,0.030321,4585573,0.0,0.0,,,0,0,0,0,,7.000000,md-flexible,"autopas::ParticleBase<double, unsigned long>::ParticleBase(autopas::ParticleBase<double, unsigned long> const&)",ParticleBase.h,0x545b10
  mdLib::MoleculeLJ::operator=,,0.0,,,,,,,0.0,0.0,0.0,0.0,0.0,0.0,0.015172,0,0.060643,0,0.0,0.0,,,0,0,0,0,,0.0,md-flexible,mdLib::MoleculeLJ::operator=(mdLib::MoleculeLJ const&),MoleculeLJ.h,0x545a5c
   "autopas::ParticleBase<double, unsigned long>::operator=",,0.0,,,,,,,0.0,0.0,0.0,0.0,0.0,0.0,0.015172,4585573,0.060643,9171146,0.0,0.0,,,0,0,0,0,,10.000000,md-flexible,"autopas::ParticleBase<double, unsigned long>::operator=(autopas::ParticleBase<double, unsigned long> const&)",ParticleBase.h,0x545a5c
  "std::__push_heap<__gnu_cxx::__normal_iterator<mdLib::MoleculeLJ*, std::vector<mdLib::MoleculeLJ, std::allocator<mdLib::MoleculeLJ>>>, long, mdLib::MoleculeLJ, __gnu_cxx::__ops::_Iter_comp_val<autopas::VerletListsLinkedReferencesBase<mdLib::MoleculeLJ>::sortParticlesByConfiguredKey(void)::{lambda(mdLib::MoleculeLJ const&mdLib::MoleculeLJ const&)#1}>>",,0.0,,,,,,,0.0,0.0,0.0,0.0,0.0,0.0,0.0,0,0.060643,0,0.0,0.0,,,0,0,0,0,,0.0,md-flexible,"std::__push_heap<__gnu_cxx::__normal_iterator<mdLib::MoleculeLJ*, std::vector<mdLib::MoleculeLJ, std::allocator<mdLib::MoleculeLJ>>>, long, mdLib::MoleculeLJ, __gnu_cxx::__ops::_Iter_comp_val<autopas::VerletListsLinkedReferencesBase<mdLib::MoleculeLJ>::sortParticlesByConfiguredKey(void)::{lambda(mdLib::MoleculeLJ const&mdLib::MoleculeLJ const&)#1}>>(__gnu_cxx::__normal_iterator<mdLib::MoleculeLJ*, std::vector<mdLib::MoleculeLJ, std::allocator<mdLib::MoleculeLJ>>>, long, long, mdLib::MoleculeLJ, __gnu_cxx::__ops::_Iter_comp_val<autopas::VerletListsLinkedReferencesBase<mdLib::MoleculeLJ>::sortParticlesByConfiguredKey(void)::{lambda(mdLib::MoleculeLJ const&mdLib::MoleculeLJ const&)#1}>&)",stl_heap.h,0x545bc2
   "__gnu_cxx::__ops::_Iter_comp_val<autopas::VerletListsLinkedReferencesBase<mdLib::MoleculeLJ>::sortParticlesByConfiguredKey(void)::{lambda(mdLib::MoleculeLJ const&mdLib::MoleculeLJ const&)#1}>::operator()<__gnu_cxx::__normal_iterator<mdLib::MoleculeLJ*, std::vector<mdLib::MoleculeLJ, std::allocator<mdLib::MoleculeLJ>>>, mdLib::MoleculeLJ>",,0.0,,,,,,,0.0,0.0,0.0,0.0,0.0,0.0,0.0,0,0.030321,0,0.0,0.0,,,0,0,0,0,,0.0,md-flexible,"__gnu_cxx::__ops::_Iter_comp_val<autopas::VerletListsLinkedReferencesBase<mdLib::MoleculeLJ>::sortParticlesByConfiguredKey(void)::{lambda(mdLib::MoleculeLJ const&mdLib::MoleculeLJ const&)#1}>::operator()<__gnu_cxx::__normal_iterator<mdLib::MoleculeLJ*, std::vector<mdLib::MoleculeLJ, std::allocator<mdLib::MoleculeLJ>>>, mdLib::MoleculeLJ>(__gnu_cxx::__normal_iterator<mdLib::MoleculeLJ*, std::vector<mdLib::MoleculeLJ, std::allocator<mdLib::MoleculeLJ>>>, mdLib::MoleculeLJ&)",predefined_ops.h,0x545bf6
    autopas::VerletListsLinkedReferencesBase<mdLib::MoleculeLJ>::sortParticlesByConfiguredKey(void)::{lambda(mdLib::MoleculeLJ const&mdLib::MoleculeLJ const&)#1}::operator(),,0.0,,,,,,,,0.0,0.0,0.0,0.0,0.0,0.0,0,0.030321,4585573,0.0,0.0,,,0,0,0,0,,0.0,md-flexible,"autopas::VerletListsLinkedReferencesBase<mdLib::MoleculeLJ>::sortParticlesByConfiguredKey(void)::{lambda(mdLib::MoleculeLJ const&mdLib::MoleculeLJ const&)#1}::operator()(mdLib::MoleculeLJ const&, mdLib::MoleculeLJ const&) const",VerletListsLinkedReferencesBase.h,0x545bf6
   mdLib::MoleculeLJ::operator=,,0.0,,,,,,,0.0,0.0,0.0,0.0,0.0,0.0,0.0,0,0.030321,0,0.0,0.0,,,0,0,0,0,,0.0,md-flexible,mdLib::MoleculeLJ::operator=(mdLib::MoleculeLJ const&),MoleculeLJ.h,0x545c01
    "autopas::ParticleBase<double, unsigned long>::operator=",,0.0,,,,,,,0.0,0.0,0.0,0.0,0.0,0.0,0.0,0,0.030321,4585573,0.0,0.0,,,0,0,0,0,,0.0,md-flexible,"autopas::ParticleBase<double, unsigned long>::operator=(autopas::ParticleBase<double, unsigned long> const&)",ParticleBase.h,0x545c01
 "std::__detail::_Map_base<mdLib::MoleculeLJ const*, std::pair<mdLib::MoleculeLJ const* const, unsigned long>, std::allocator<std::pair<mdLib::MoleculeLJ const* const, unsigned long>>, std::__detail::_Select1st, std::equal_to<mdLib::MoleculeLJ const*>, std::hash<mdLib::MoleculeLJ const*>, std::__detail::_Mod_range_hashing, std::__detail::_Default_ranged_hash, std::__detail::_Prime_rehash_policy, std::__detail::_Hashtable_traits<(bool)0, (bool)0, (bool)1>, (bool)1>::operator[]",,0.0,,,,,,,,0.0,0.0,0.0,0.0,0.0,0.060689,4585573,0.030321,4585573,0.0,0.0,,,0,0,0,0,,0.0,md-flexible,"std::__detail::_Map_base<mdLib::MoleculeLJ const*, std::pair<mdLib::MoleculeLJ const* const, unsigned long>, std::allocator<std::pair<mdLib::MoleculeLJ const* const, unsigned long>>, std::__detail::_Select1st, std::equal_to<mdLib::MoleculeLJ const*>, std::hash<mdLib::MoleculeLJ const*>, std::__detail::_Mod_range_hashing, std::__detail::_Default_ranged_hash, std::__detail::_Prime_rehash_policy, std::__detail::_Hashtable_traits<(bool)0, (bool)0, (bool)1>, (bool)1>::operator[](mdLib::MoleculeLJ const* const&)",hashtable_policy.h,0x5400e0
  "std::_Hashtable<mdLib::MoleculeLJ const*, std::pair<mdLib::MoleculeLJ const* const, unsigned long>, std::allocator<std::pair<mdLib::MoleculeLJ const* const, unsigned long>>, std::__detail::_Select1st, std::equal_to<mdLib::MoleculeLJ const*>, std::hash<mdLib::MoleculeLJ const*>, std::__detail::_Mod_range_hashing, std::__detail::_Default_ranged_hash, std::__detail::_Prime_rehash_policy, std::__detail::_Hashtable_traits<(bool)0, (bool)0, (bool)1>>::_M_find_node",,0.0,,,,,,,0.0,0.0,0.0,0.0,0.0,0.0,0.015172,0,0.0,0,0.0,0.0,,,0,0,0,0,,0.0,md-flexible,"std::_Hashtable<mdLib::MoleculeLJ const*, std::pair<mdLib::MoleculeLJ const* const, unsigned long>, std::allocator<std::pair<mdLib::MoleculeLJ const* const, unsigned long>>, std::__detail::_Select1st, std::equal_to<mdLib::MoleculeLJ const*>, std::hash<mdLib::MoleculeLJ const*>, std::__detail::_Mod_range_hashing, std::__detail::_Default_ranged_hash, std::__detail::_Prime_rehash_policy, std::__detail::_Hashtable_traits<(bool)0, (bool)0, (bool)1>>::_M_find_node(unsigned long, mdLib::MoleculeLJ const* const&, unsigned long) const",hashtable.h,0x5400fd
   "std::_Hashtable<mdLib::MoleculeLJ const*, std::pair<mdLib::MoleculeLJ const* const, unsigned long>, std::allocator<std::pair<mdLib::MoleculeLJ const* const, unsigned long>>, std::__detail::_Select1st, std::equal_to<mdLib::MoleculeLJ const*>, std::hash<mdLib::MoleculeLJ const*>, std::__detail::_Mod_range_hashing, std::__detail::_Default_ranged_hash, std::__detail::_Prime_rehash_policy, std::__detail::_Hashtable_traits<(bool)0, (bool)0, (bool)1>>::_M_find_before_node",,0.0,,,,,,,,0.0,0.0,0.0,0.0,0.0,0.015172,4585573,0.0,0,0.0,0.0,,,0,0,0,0,,0.0,md-flexible,"std::_Hashtable<mdLib::MoleculeLJ const*, std::pair<mdLib::MoleculeLJ const* const, unsigned long>, std::allocator<std::pair<mdLib::MoleculeLJ const* const, unsigned long>>, std::__detail::_Select1st, std::equal_to<mdLib::MoleculeLJ const*>, std::hash<mdLib::MoleculeLJ const*>, std::__detail::_Mod_range_hashing, std::__detail::_Default_ranged_hash, std::__detail::_Prime_rehash_policy, std::__detail::_Hashtable_traits<(bool)0, (bool)0, (bool)1>>::_M_find_before_node(unsigned long, mdLib::MoleculeLJ const* const&, unsigned long) const",hashtable.h,0x5400fd
  "std::__detail::_Hash_code_base<mdLib::MoleculeLJ const*, std::pair<mdLib::MoleculeLJ const* const, unsigned long>, std::__detail::_Select1st, std::hash<mdLib::MoleculeLJ const*>, std::__detail::_Mod_range_hashing, std::__detail::_Default_ranged_hash, (bool)0>::_M_hash_code",,0.0,,,,,,,0.0,0.0,0.0,0.0,0.0,0.0,0.030344,9171146,0.0,0,0.0,0.0,,,0,0,0,0,,0.0,md-flexible,"std::__detail::_Hash_code_base<mdLib::MoleculeLJ const*, std::pair<mdLib::MoleculeLJ const* const, unsigned long>, std::__detail::_Select1st, std::hash<mdLib::MoleculeLJ const*>, std::__detail::_Mod_range_hashing, std::__detail::_Default_ranged_hash, (bool)0>::_M_hash_code(mdLib::MoleculeLJ const* const&) const",hashtable_policy.h,0x5400e0
 "std::__introsort_loop<__gnu_cxx::__normal_iterator<mdLib::MoleculeLJ*, std::vector<mdLib::MoleculeLJ, std::allocator<mdLib::MoleculeLJ>>>, long, __gnu_cxx::__ops::_Iter_comp_iter<autopas::VerletListsLinkedReferencesBase<mdLib::MoleculeLJ>::sortParticlesByConfiguredKey(void)::{lambda(mdLib::MoleculeLJ const&mdLib::MoleculeLJ const&)#1}>>",,0.0,,,,,,,0.0,0.0,0.0,0.0,0.0,0.0,0.030344,9171146,0.788357,0,0.0,0.0,,,0,0,0,0,,0.0,md-flexible,"std::__introsort_loop<__gnu_cxx::__normal_iterator<mdLib::MoleculeLJ*, std::vector<mdLib::MoleculeLJ, std::allocator<mdLib::MoleculeLJ>>>, long, __gnu_cxx::__ops::_Iter_comp_iter<autopas::VerletListsLinkedReferencesBase<mdLib::MoleculeLJ>::sortParticlesByConfiguredKey(void)::{lambda(mdLib::MoleculeLJ const&mdLib::MoleculeLJ const&)#1}>>(__gnu_cxx::__normal_iterator<mdLib::MoleculeLJ*, std::vector<mdLib::MoleculeLJ, std::allocator<mdLib::MoleculeLJ>>>, __gnu_cxx::__normal_iterator<mdLib::MoleculeLJ*, std::vector<mdLib::MoleculeLJ, std::allocator<mdLib::MoleculeLJ>>>, long, __gnu_cxx::__ops::_Iter_comp_iter<autopas::VerletListsLinkedReferencesBase<mdLib::MoleculeLJ>::sortParticlesByConfiguredKey(void)::{lambda(mdLib::MoleculeLJ const&mdLib::MoleculeLJ const&)#1}>)",stl_algo.h,0x5461b0
  "std::__partial_sort<__gnu_cxx::__normal_iterator<mdLib::MoleculeLJ*, std::vector<mdLib::MoleculeLJ, std::allocator<mdLib::MoleculeLJ>>>, __gnu_cxx::__ops::_Iter_comp_iter<autopas::VerletListsLinkedReferencesBase<mdLib::MoleculeLJ>::sortParticlesByConfiguredKey(void)::{lambda(mdLib::MoleculeLJ const&mdLib::MoleculeLJ const&)#1}>>",,0.0,,,,,,,0.0,0.0,0.0,0.0,0.0,0.0,0.0,0,0.030321,0,0.0,0.0,,,0,0,0,0,,0.0,md-flexible,"std::__partial_sort<__gnu_cxx::__normal_iterator<mdLib::MoleculeLJ*, std::vector<mdLib::MoleculeLJ, std::allocator<mdLib::MoleculeLJ>>>, __gnu_cxx::__ops::_Iter_comp_iter<autopas::VerletListsLinkedReferencesBase<mdLib::MoleculeLJ>::sortParticlesByConfiguredKey(void)::{lambda(mdLib::MoleculeLJ const&mdLib::MoleculeLJ const&)#1}>>(__gnu_cxx::__normal_iterator<mdLib::MoleculeLJ*, std::vector<mdLib::MoleculeLJ, std::allocator<mdLib::MoleculeLJ>>>, __gnu_cxx::__normal_iterator<mdLib::MoleculeLJ*, std::vector<mdLib::MoleculeLJ, std::allocator<mdLib::MoleculeLJ>>>, __gnu_cxx::__normal_iterator<mdLib::MoleculeLJ*, std::vector<mdLib::MoleculeLJ, std::allocator<mdLib::MoleculeLJ>>>, __gnu_cxx::__ops::_Iter_comp_iter<autopas::VerletListsLinkedReferencesBase<mdLib::MoleculeLJ>::sortParticlesByConfiguredKey(void)::{lambda(mdLib::MoleculeLJ const&mdLib::MoleculeLJ const&)#1}>)",stl_algo.h,0x546566
   "std::__sort_heap<__gnu_cxx::__normal_iterator<mdLib::MoleculeLJ*, std::vector<mdLib::MoleculeLJ, std::allocator<mdLib::MoleculeLJ>>>, __gnu_cxx::__ops::_Iter_comp_iter<autopas::VerletListsLinkedReferencesBase<mdLib::MoleculeLJ>::sortParticlesByConfiguredKey(void)::{lambda(mdLib::MoleculeLJ const&mdLib::MoleculeLJ const&)#1}>>",,0.0,,,,,,,0.0,0.0,0.0,0.0,0.0,0.0,0.0,0,0.030321,4585573,0.0,0.0,,,0,0,0,0,,0.0,md-flexible,"std::__sort_heap<__gnu_cxx::__normal_iterator<mdLib::MoleculeLJ*, std::vector<mdLib::MoleculeLJ, std::allocator<mdLib::MoleculeLJ>>>, __gnu_cxx::__ops::_Iter_comp_iter<autopas::VerletListsLinkedReferencesBase<mdLib::MoleculeLJ>::sortParticlesByConfiguredKey(void)::{lambda(mdLib::MoleculeLJ const&mdLib::MoleculeLJ const&)#1}>>(__gnu_cxx::__normal_iterator<mdLib::MoleculeLJ*, std::vector<mdLib::MoleculeLJ, std::allocator<mdLib::MoleculeLJ>>>, __gnu_cxx::__normal_iterator<mdLib::MoleculeLJ*, std::vector<mdLib::MoleculeLJ, std::allocator<mdLib::MoleculeLJ>>>, __gnu_cxx::__ops::_Iter_comp_iter<autopas::VerletListsLinkedReferencesBase<mdLib::MoleculeLJ>::sortParticlesByConfiguredKey(void)::{lambda(mdLib::MoleculeLJ const&mdLib::MoleculeLJ const&)#1}>&)",stl_heap.h,0x546585
  "std::__unguarded_partition_pivot<__gnu_cxx::__normal_iterator<mdLib::MoleculeLJ*, std::vector<mdLib::MoleculeLJ, std::allocator<mdLib::MoleculeLJ>>>, __gnu_cxx::__ops::_Iter_comp_iter<autopas::VerletListsLinkedReferencesBase<mdLib::MoleculeLJ>::sortParticlesByConfiguredKey(void)::{lambda(mdLib::MoleculeLJ const&mdLib::MoleculeLJ const&)#1}>>",,0.0,,,,,,,0.0,0.0,0.0,0.0,0.0,0.0,0.0,0,0.758035,0,0.0,0.0,,,0,0,0,0,,0.0,md-flexible,"std::__unguarded_partition_pivot<__gnu_cxx::__normal_iterator<mdLib::MoleculeLJ*, std::vector<mdLib::MoleculeLJ, std::allocator<mdLib::MoleculeLJ>>>, __gnu_cxx::__ops::_Iter_comp_iter<autopas::VerletListsLinkedReferencesBase<mdLib::MoleculeLJ>::sortParticlesByConfiguredKey(void)::{lambda(mdLib::MoleculeLJ const&mdLib::MoleculeLJ const&)#1}>>(__gnu_cxx::__normal_iterator<mdLib::MoleculeLJ*, std::vector<mdLib::MoleculeLJ, std::allocator<mdLib::MoleculeLJ>>>, __gnu_cxx::__normal_iterator<mdLib::MoleculeLJ*, std::vector<mdLib::MoleculeLJ, std::allocator<mdLib::MoleculeLJ>>>, __gnu_cxx::__ops::_Iter_comp_iter<autopas::VerletListsLinkedReferencesBase<mdLib::MoleculeLJ>::sortParticlesByConfiguredKey(void)::{lambda(mdLib::MoleculeLJ const&mdLib::MoleculeLJ const&)#1}>)",stl_algo.h,0x5461ee
   "std::__move_median_to_first<__gnu_cxx::__normal_iterator<mdLib::MoleculeLJ*, std::vector<mdLib::MoleculeLJ, std::allocator<mdLib::MoleculeLJ>>>, __gnu_cxx::__ops::_Iter_comp_iter<autopas::VerletListsLinkedReferencesBase<mdLib::MoleculeLJ>::sortParticlesByConfiguredKey(void)::{lambda(mdLib::MoleculeLJ const&mdLib::MoleculeLJ const&)#1}>>",,0.0,,,,,,,,0.0,0.0,0.0,0.0,0.0,0.0,0,0.060643,0,0.0,0.0,,,0,0,0,0,,0.0,md-flexible,"std::__move_median_to_first<__gnu_cxx::__normal_iterator<mdLib::MoleculeLJ*, std::vector<mdLib::MoleculeLJ, std::allocator<mdLib::MoleculeLJ>>>, __gnu_cxx::__ops::_Iter_comp_iter<autopas::VerletListsLinkedReferencesBase<mdLib::MoleculeLJ>::sortParticlesByConfiguredKey(void)::{lambda(mdLib::MoleculeLJ const&mdLib::MoleculeLJ const&)#1}>>(__gnu_cxx::__normal_iterator<mdLib::MoleculeLJ*, std::vector<mdLib::MoleculeLJ, std::allocator<mdLib::MoleculeLJ>>>, __gnu_cxx::__normal_iterator<mdLib::MoleculeLJ*, std::vector<mdLib::MoleculeLJ, std::allocator<mdLib::MoleculeLJ>>>, __gnu_cxx::__normal_iterator<mdLib::MoleculeLJ*, std::vector<mdLib::MoleculeLJ, std::allocator<mdLib::MoleculeLJ>>>, __gnu_cxx::__normal_iterator<mdLib::MoleculeLJ*, std::vector<mdLib::MoleculeLJ, std::allocator<mdLib::MoleculeLJ>>>, __gnu_cxx::__ops::_Iter_comp_iter<autopas::VerletListsLinkedReferencesBase<mdLib::MoleculeLJ>::sortParticlesByConfiguredKey(void)::{lambda(mdLib::MoleculeLJ const&mdLib::MoleculeLJ const&)#1}>)",stl_algo.h,0x5461f2
    "__gnu_cxx::__ops::_Iter_comp_iter<autopas::VerletListsLinkedReferencesBase<mdLib::MoleculeLJ>::sortParticlesByConfiguredKey(void)::{lambda(mdLib::MoleculeLJ const&mdLib::MoleculeLJ const&)#1}>::operator()<__gnu_cxx::__normal_iterator<mdLib::MoleculeLJ*, std::vector<mdLib::MoleculeLJ, std::allocator<mdLib::MoleculeLJ>>>, __gnu_cxx::__normal_iterator<mdLib::MoleculeLJ*, std::vector<mdLib::MoleculeLJ, std::allocator<mdLib::MoleculeLJ>>>>",,0.0,,,,,,,0.0,0.0,0.0,0.0,0.0,0.0,0.0,0,0.030321,0,0.0,0.0,,,0,0,0,0,,0.0,md-flexible,"__gnu_cxx::__ops::_Iter_comp_iter<autopas::VerletListsLinkedReferencesBase<mdLib::MoleculeLJ>::sortParticlesByConfiguredKey(void)::{lambda(mdLib::MoleculeLJ const&mdLib::MoleculeLJ const&)#1}>::operator()<__gnu_cxx::__normal_iterator<mdLib::MoleculeLJ*, std::vector<mdLib::MoleculeLJ, std::allocator<mdLib::MoleculeLJ>>>, __gnu_cxx::__normal_iterator<mdLib::MoleculeLJ*, std::vector<mdLib::MoleculeLJ, std::allocator<mdLib::MoleculeLJ>>>>(__gnu_cxx::__normal_iterator<mdLib::MoleculeLJ*, std::vector<mdLib::MoleculeLJ, std::allocator<mdLib::MoleculeLJ>>>, __gnu_cxx::__normal_iterator<mdLib::MoleculeLJ*, std::vector<mdLib::MoleculeLJ, std::allocator<mdLib::MoleculeLJ>>>)",predefined_ops.h,0x5461f2
     autopas::VerletListsLinkedReferencesBase<mdLib::MoleculeLJ>::sortParticlesByConfiguredKey(void)::{lambda(mdLib::MoleculeLJ const&mdLib::MoleculeLJ const&)#1}::operator(),,0.0,,,,,,,0.0,0.0,0.0,0.0,0.0,0.0,0.0,0,0.030321,4585573,0.0,0.0,,,0,0,0,0,,0.0,md-flexible,"autopas::VerletListsLinkedReferencesBase<mdLib::MoleculeLJ>::sortParticlesByConfiguredKey(void)::{lambda(mdLib::MoleculeLJ const&mdLib::MoleculeLJ const&)#1}::operator()(mdLib::MoleculeLJ const&, mdLib::MoleculeLJ const&) const",VerletListsLinkedReferencesBase.h,0x5461f2
    "std::iter_swap<__gnu_cxx::__normal_iterator<mdLib::MoleculeLJ*, std::vector<mdLib::MoleculeLJ, std::allocator<mdLib::MoleculeLJ>>>, __gnu_cxx::__normal_iterator<mdLib::MoleculeLJ*, std::vector<mdLib::MoleculeLJ, std::allocator<mdLib::MoleculeLJ>>>>",,0.0,,,,,,,0.0,0.0,0.0,0.0,0.0,0.0,0.0,0,0.030321,4585573,0.0,0.0,,,0,0,0,0,,0.0,md-flexible,"std::iter_swap<__gnu_cxx::__normal_iterator<mdLib::MoleculeLJ*, std::vector<mdLib::MoleculeLJ, std::allocator<mdLib::MoleculeLJ>>>, __gnu_cxx::__normal_iterator<mdLib::MoleculeLJ*, std::vector<mdLib::MoleculeLJ, std::allocator<mdLib::MoleculeLJ>>>>(__gnu_cxx::__normal_iterator<mdLib::MoleculeLJ*, std::vector<mdLib::MoleculeLJ, std::allocator<mdLib::MoleculeLJ>>>, __gnu_cxx::__normal_iterator<mdLib::MoleculeLJ*, std::vector<mdLib::MoleculeLJ, std::allocator<mdLib::MoleculeLJ>>>)",stl_algobase.h,0x5465eb
   "std::__unguarded_partition<__gnu_cxx::__normal_iterator<mdLib::MoleculeLJ*, std::vector<mdLib::MoleculeLJ, std::allocator<mdLib::MoleculeLJ>>>, __gnu_cxx::__ops::_Iter_comp_iter<autopas::VerletListsLinkedReferencesBase<mdLib::MoleculeLJ>::sortParticlesByConfiguredKey(void)::{lambda(mdLib::MoleculeLJ const&mdLib::MoleculeLJ const&)#1}>>",,0.0,,,,,,,,0.0,0.0,0.0,0.0,0.0,0.0,0,0.697392,0,0.0,0.0,,,0,0,0,0,,0.0,md-flexible,"std::__unguarded_partition<__gnu_cxx::__normal_iterator<mdLib::MoleculeLJ*, std::vector<mdLib::MoleculeLJ, std::allocator<mdLib::MoleculeLJ>>>, __gnu_cxx::__ops::_Iter_comp_iter<autopas::VerletListsLinkedReferencesBase<mdLib::MoleculeLJ>::sortParticlesByConfiguredKey(void)::{lambda(mdLib::MoleculeLJ const&mdLib::MoleculeLJ const&)#1}>>(__gnu_cxx::__normal_iterator<mdLib::MoleculeLJ*, std::vector<mdLib::MoleculeLJ, std::allocator<mdLib::MoleculeLJ>>>, __gnu_cxx::__normal_iterator<mdLib::MoleculeLJ*, std::vector<mdLib::MoleculeLJ, std::allocator<mdLib::MoleculeLJ>>>, __gnu_cxx::__normal_iterator<mdLib::MoleculeLJ*, std::vector<mdLib::MoleculeLJ, std::allocator<mdLib::MoleculeLJ>>>, __gnu_cxx::__ops::_Iter_comp_iter<autopas::VerletListsLinkedReferencesBase<mdLib::MoleculeLJ>::sortParticlesByConfiguredKey(void)::{lambda(mdLib::MoleculeLJ const&mdLib::MoleculeLJ const&)#1}>)",stl_algo.h,0x5462bd
    "__gnu_cxx::__ops::_Iter_comp_iter<autopas::VerletListsLinkedReferencesBase<mdLib::MoleculeLJ>::sortParticlesByConfiguredKey(void)::{lambda(mdLib::MoleculeLJ const&mdLib::MoleculeLJ const&)#1}>::operator()<__gnu_cxx::__normal_iterator<mdLib::MoleculeLJ*, std::vector<mdLib::MoleculeLJ, std::allocator<mdLib::MoleculeLJ>>>, __gnu_cxx::__normal_iterator<mdLib::MoleculeLJ*, std::vector<mdLib::MoleculeLJ, std::allocator<mdLib::MoleculeLJ>>>>",,0.0,,,,,,,0.0,0.0,0.0,0.0,0.0,0.0,0.0,0,0.333535,0,0.0,0.0,,,0,0,0,0,,0.0,md-flexible,"__gnu_cxx::__ops::_Iter_comp_iter<autopas::VerletListsLinkedReferencesBase<mdLib::MoleculeLJ>::sortParticlesByConfiguredKey(void)::{lambda(mdLib::MoleculeLJ const&mdLib::MoleculeLJ const&)#1}>::operator()<__gnu_cxx::__normal_iterator<mdLib::MoleculeLJ*, std::vector<mdLib::MoleculeLJ, std::allocator<mdLib::MoleculeLJ>>>, __gnu_cxx::__normal_iterator<mdLib::MoleculeLJ*, std::vector<mdLib::MoleculeLJ, std::allocator<mdLib::MoleculeLJ>>>>(__gnu_cxx::__normal_iterator<mdLib::MoleculeLJ*, std::vector<mdLib::MoleculeLJ, std::allocator<mdLib::MoleculeLJ>>>, __gnu_cxx::__normal_iterator<mdLib::MoleculeLJ*, std::vector<mdLib::MoleculeLJ, std::allocator<mdLib::MoleculeLJ>>>)",predefined_ops.h,0x5462c8
     autopas::VerletListsLinkedReferencesBase<mdLib::MoleculeLJ>::sortParticlesByConfiguredKey(void)::{lambda(mdLib::MoleculeLJ const&mdLib::MoleculeLJ const&)#1}::operator(),,0.0,,,,,,,0.0,0.0,0.0,0.0,0.0,0.0,0.0,0,0.333535,50441303,0.0,0.0,,,0,0,0,0,,0.0,md-flexible,"autopas::VerletListsLinkedReferencesBase<mdLib::MoleculeLJ>::sortParticlesByConfiguredKey(void)::{lambda(mdLib::MoleculeLJ const&mdLib::MoleculeLJ const&)#1}::operator()(mdLib::MoleculeLJ const&, mdLib::MoleculeLJ const&) const",VerletListsLinkedReferencesBase.h,0x5462c8
    "__gnu_cxx::__ops::_Iter_comp_iter<autopas::VerletListsLinkedReferencesBase<mdLib::MoleculeLJ>::sortParticlesByConfiguredKey(void)::{lambda(mdLib::MoleculeLJ const&mdLib::MoleculeLJ const&)#1}>::operator()<__gnu_cxx::__normal_iterator<mdLib::MoleculeLJ*, std::vector<mdLib::MoleculeLJ, std::allocator<mdLib::MoleculeLJ>>>, __gnu_cxx::__normal_iterator<mdLib::MoleculeLJ*, std::vector<mdLib::MoleculeLJ, std::allocator<mdLib::MoleculeLJ>>>>",,0.0,,,,,,,0.0,0.0,0.0,0.0,0.0,0.0,0.0,0,0.272893,0,0.0,0.0,,,0,0,0,0,,0.0,md-flexible,"__gnu_cxx::__ops::_Iter_comp_iter<autopas::VerletListsLinkedReferencesBase<mdLib::MoleculeLJ>::sortParticlesByConfiguredKey(void)::{lambda(mdLib::MoleculeLJ const&mdLib::MoleculeLJ const&)#1}>::operator()<__gnu_cxx::__normal_iterator<mdLib::MoleculeLJ*, std::vector<mdLib::MoleculeLJ, std::allocator<mdLib::MoleculeLJ>>>, __gnu_cxx::__normal_iterator<mdLib::MoleculeLJ*, std::vector<mdLib::MoleculeLJ, std::allocator<mdLib::MoleculeLJ>>>>(__gnu_cxx::__normal_iterator<mdLib::MoleculeLJ*, std::vector<mdLib::MoleculeLJ, std::allocator<mdLib::MoleculeLJ>>>, __gnu_cxx::__normal_iterator<mdLib::MoleculeLJ*, std::vector<mdLib::MoleculeLJ, std::allocator<mdLib::MoleculeLJ>>>)",predefined_ops.h,0x546310
     autopas::VerletListsLinkedReferencesBase<mdLib::MoleculeLJ>::sortParticlesByConfiguredKey(void)::{lambda(mdLib::MoleculeLJ const&mdLib::MoleculeLJ const&)#1}::operator(),,0.0,,,,,,,0.0,0.0,0.0,0.0,0.0,0.0,0.0,0,0.272893,41270157,0.0,0.0,,,0,0,0,0,,0.0,md-flexible,"autopas::VerletListsLinkedReferencesBase<mdLib::MoleculeLJ>::sortParticlesByConfiguredKey(void)::{lambda(mdLib::MoleculeLJ const&mdLib::MoleculeLJ const&)#1}::operator()(mdLib::MoleculeLJ const&, mdLib::MoleculeLJ const&) const",VerletListsLinkedReferencesBase.h,0x546310
    "std::iter_swap<__gnu_cxx::__normal_iterator<mdLib::MoleculeLJ*, std::vector<mdLib::MoleculeLJ, std::allocator<mdLib::MoleculeLJ>>>, __gnu_cxx::__normal_iterator<mdLib::MoleculeLJ*, std::vector<mdLib::MoleculeLJ, std::allocator<mdLib::MoleculeLJ>>>>",,0.0,,,,,,,0.0,0.0,0.0,0.0,0.0,0.0,0.0,0,0.090964,0,0.0,0.0,,,0,0,0,0,,0.0,md-flexible,"std::iter_swap<__gnu_cxx::__normal_iterator<mdLib::MoleculeLJ*, std::vector<mdLib::MoleculeLJ, std::allocator<mdLib::MoleculeLJ>>>, __gnu_cxx::__normal_iterator<mdLib::MoleculeLJ*, std::vector<mdLib::MoleculeLJ, std::allocator<mdLib::MoleculeLJ>>>>(__gnu_cxx::__normal_iterator<mdLib::MoleculeLJ*, std::vector<mdLib::MoleculeLJ, std::allocator<mdLib::MoleculeLJ>>>, __gnu_cxx::__normal_iterator<mdLib::MoleculeLJ*, std::vector<mdLib::MoleculeLJ, std::allocator<mdLib::MoleculeLJ>>>)",stl_algobase.h,0x546351
     std::swap<mdLib::MoleculeLJ>,,0.0,,,,,,,0.0,0.0,0.0,0.0,0.0,0.0,0.0,0,0.090964,0,0.0,0.0,,,0,0,0,0,,0.0,md-flexible,"std::swap<mdLib::MoleculeLJ>(mdLib::MoleculeLJ&, mdLib::MoleculeLJ&)",move.h,0x546351
      mdLib::MoleculeLJ::MoleculeLJ,,0.0,,,,,,,0.0,0.0,0.0,0.0,0.0,0.0,0.0,0,0.060643,0,0.0,0.0,,,0,0,0,0,,7.000000,md-flexible,mdLib::MoleculeLJ::MoleculeLJ(mdLib::MoleculeLJ const&),MoleculeLJ.h,0x546351
       "autopas::ParticleBase<double, unsigned long>::operator=",,0.0,,,,,,,0.0,0.0,0.0,0.0,0.0,0.0,0.0,0,0.060643,9171146,0.0,0.0,,,0,0,0,0,,13.000000,md-flexible,"autopas::ParticleBase<double, unsigned long>::operator=(autopas::ParticleBase<double, unsigned long> const&)",ParticleBase.h,0x546351
      mdLib::MoleculeLJ::operator=,,0.0,,,,,,,0.0,0.0,0.0,0.0,0.0,0.0,0.0,0,0.030321,0,0.0,0.0,,,0,0,0,0,,0.0,md-flexible,mdLib::MoleculeLJ::operator=(mdLib::MoleculeLJ const&),MoleculeLJ.h,0x546464
       "autopas::ParticleBase<double, unsigned long>::operator=",,0.0,,,,,,,0.0,0.0,0.0,0.0,0.0,0.0,0.0,0,0.030321,4585573,0.0,0.0,,,0,0,0,0,,0.0,md-flexible,"autopas::ParticleBase<double, unsigned long>::operator=(autopas::ParticleBase<double, unsigned long> const&)",ParticleBase.h,0x546464
 "std::__introsort_loop<__gnu_cxx::__normal_iterator<unsigned long*, std::vector<unsigned long, autopas::AlignedAllocator<unsigned long, (unsigned long)64>>>, long, __gnu_cxx::__ops::_Iter_less_iter>",,0.0,,,,,,,12.9,34.7,0.0,0.0,0.0,0.0,2.473069,36684584,2.546998,87125887,0.0,7.142857,,,0,0,0,0,,7.000000,md-flexible,"std::__introsort_loop<__gnu_cxx::__normal_iterator<unsigned long*, std::vector<unsigned long, autopas::AlignedAllocator<unsigned long, (unsigned long)64>>>, long, __gnu_cxx::__ops::_Iter_less_iter>(__gnu_cxx::__normal_iterator<unsigned long*, std::vector<unsigned long, autopas::AlignedAllocator<unsigned long, (unsigned long)64>>>, __gnu_cxx::__normal_iterator<unsigned long*, std::vector<unsigned long, autopas::AlignedAllocator<unsigned long, (unsigned long)64>>>, long, __gnu_cxx::__ops::_Iter_less_iter)",stl_algo.h,0x4fd530
  "__gnu_cxx::operator-<unsigned long*, std::vector<unsigned long, autopas::AlignedAllocator<unsigned long, (unsigned long)64>>>",,0.0,,,,,,,0.0,0.0,0.0,0.0,0.0,0.0,0.0,0,0.0,0,0.0,0.0,,,0,0,0,0,,7.000000,md-flexible,"__gnu_cxx::operator-<unsigned long*, std::vector<unsigned long, autopas::AlignedAllocator<unsigned long, (unsigned long)64>>>(__gnu_cxx::__normal_iterator<unsigned long*, std::vector<unsigned long, autopas::AlignedAllocator<unsigned long, (unsigned long)64>>> const&, __gnu_cxx::__normal_iterator<unsigned long*, std::vector<unsigned long, autopas::AlignedAllocator<unsigned long, (unsigned long)64>>> const&)",stl_iterator.h,0x4fd533
  "std::__make_heap<__gnu_cxx::__normal_iterator<unsigned long*, std::vector<unsigned long, autopas::AlignedAllocator<unsigned long, (unsigned long)64>>>, __gnu_cxx::__ops::_Iter_less_iter>",,0.0,,,,,,,0.0,0.0,0.0,0.0,0.0,0.0,0.151722,0,0.0,0,0.0,0.0,,,0,0,0,0,,0.0,md-flexible,"std::__make_heap<__gnu_cxx::__normal_iterator<unsigned long*, std::vector<unsigned long, autopas::AlignedAllocator<unsigned long, (unsigned long)64>>>, __gnu_cxx::__ops::_Iter_less_iter>(__gnu_cxx::__normal_iterator<unsigned long*, std::vector<unsigned long, autopas::AlignedAllocator<unsigned long, (unsigned long)64>>>, __gnu_cxx::__normal_iterator<unsigned long*, std::vector<unsigned long, autopas::AlignedAllocator<unsigned long, (unsigned long)64>>>, __gnu_cxx::__ops::_Iter_less_iter&)",stl_heap.h,0x4fd545
   "std::__adjust_heap<__gnu_cxx::__normal_iterator<unsigned long*, std::vector<unsigned long, autopas::AlignedAllocator<unsigned long, (unsigned long)64>>>, long, unsigned long, __gnu_cxx::__ops::_Iter_less_iter>",,0.0,,,,,,,0.0,0.0,0.0,0.0,0.0,0.0,0.151722,45855730,0.0,0,0.0,0.0,,,0,0,0,0,,0.0,md-flexible,"std::__adjust_heap<__gnu_cxx::__normal_iterator<unsigned long*, std::vector<unsigned long, autopas::AlignedAllocator<unsigned long, (unsigned long)64>>>, long, unsigned long, __gnu_cxx::__ops::_Iter_less_iter>(__gnu_cxx::__normal_iterator<unsigned long*, std::vector<unsigned long, autopas::AlignedAllocator<unsigned long, (unsigned long)64>>>, long, long, unsigned long, __gnu_cxx::__ops::_Iter_less_iter)",stl_heap.h,0x4fd682
  "std::__partial_sort<__gnu_cxx::__normal_iterator<unsigned long*, std::vector<unsigned long, autopas::AlignedAllocator<unsigned long, (unsigned long)64>>>, __gnu_cxx::__ops::_Iter_less_iter>",,0.0,,,,,,,0.0,0.0,0.0,0.0,0.0,0.0,0.091033,0,0.030321,0,0.0,0.0,,,0,0,0,0,,0.0,md-flexible,"std::__partial_sort<__gnu_cxx::__normal_iterator<unsigned long*, std::vector<unsigned long, autopas::AlignedAllocator<unsigned long, (unsigned long)64>>>, __gnu_cxx::__ops::_Iter_less_iter>(__gnu_cxx::__normal_iterator<unsigned long*, std::vector<unsigned long, autopas::AlignedAllocator<unsigned long, (unsigned long)64>>>, __gnu_cxx::__normal_iterator<unsigned long*, std::vector<unsigned long, autopas::AlignedAllocator<unsigned long, (unsigned long)64>>>, __gnu_cxx::__normal_iterator<unsigned long*, std::vector<unsigned long, autopas::AlignedAllocator<unsigned long, (unsigned long)64>>>, __gnu_cxx::__ops::_Iter_less_iter)",stl_algo.h,0x4fd545
   "std::__heap_select<__gnu_cxx::__normal_iterator<unsigned long*, std::vector<unsigned long, autopas::AlignedAllocator<unsigned long, (unsigned long)64>>>, __gnu_cxx::__ops::_Iter_less_iter>",,0.0,,,,,,,0.0,0.0,0.0,0.0,0.0,0.0,0.015172,0,0.0,0,0.0,0.0,,,0,0,0,0,,0.0,md-flexible,"std::__heap_select<__gnu_cxx::__normal_iterator<unsigned long*, std::vector<unsigned long, autopas::AlignedAllocator<unsigned long, (unsigned long)64>>>, __gnu_cxx::__ops::_Iter_less_iter>(__gnu_cxx::__normal_iterator<unsigned long*, std::vector<unsigned long, autopas::AlignedAllocator<unsigned long, (unsigned long)64>>>, __gnu_cxx::__normal_iterator<unsigned long*, std::vector<unsigned long, autopas::AlignedAllocator<unsigned long, (unsigned long)64>>>, __gnu_cxx::__normal_iterator<unsigned long*, std::vector<unsigned long, autopas::AlignedAllocator<unsigned long, (unsigned long)64>>>, __gnu_cxx::__ops::_Iter_less_iter)",stl_algo.h,0x4fd545
    "std::__make_heap<__gnu_cxx::__normal_iterator<unsigned long*, std::vector<unsigned long, autopas::AlignedAllocator<unsigned long, (unsigned long)64>>>, __gnu_cxx::__ops::_Iter_less_iter>",,0.0,,,,,,,0.0,0.0,0.0,0.0,0.0,0.0,0.015172,0,0.0,0,0.0,0.0,,,0,0,0,0,,0.0,md-flexible,"std::__make_heap<__gnu_cxx::__normal_iterator<unsigned long*, std::vector<unsigned long, autopas::AlignedAllocator<unsigned long, (unsigned long)64>>>, __gnu_cxx::__ops::_Iter_less_iter>(__gnu_cxx::__normal_iterator<unsigned long*, std::vector<unsigned long, autopas::AlignedAllocator<unsigned long, (unsigned long)64>>>, __gnu_cxx::__normal_iterator<unsigned long*, std::vector<unsigned long, autopas::AlignedAllocator<unsigned long, (unsigned long)64>>>, __gnu_cxx::__ops::_Iter_less_iter&)",stl_heap.h,0x4fd545
     "std::__adjust_heap<__gnu_cxx::__normal_iterator<unsigned long*, std::vector<unsigned long, autopas::AlignedAllocator<unsigned long, (unsigned long)64>>>, long, unsigned long, __gnu_cxx::__ops::_Iter_less_iter>",,0.0,,,,,,,0.0,0.0,0.0,0.0,0.0,0.0,0.015172,0,0.0,0,0.0,0.0,,,0,0,0,0,,0.0,md-flexible,"std::__adjust_heap<__gnu_cxx::__normal_iterator<unsigned long*, std::vector<unsigned long, autopas::AlignedAllocator<unsigned long, (unsigned long)64>>>, long, unsigned long, __gnu_cxx::__ops::_Iter_less_iter>(__gnu_cxx::__normal_iterator<unsigned long*, std::vector<unsigned long, autopas::AlignedAllocator<unsigned long, (unsigned long)64>>>, long, long, unsigned long, __gnu_cxx::__ops::_Iter_less_iter)",stl_heap.h,0x4fd682
      "std::__push_heap<__gnu_cxx::__normal_iterator<unsigned long*, std::vector<unsigned long, autopas::AlignedAllocator<unsigned long, (unsigned long)64>>>, long, unsigned long, __gnu_cxx::__ops::_Iter_less_val>",,0.0,,,,,,,0.0,0.0,0.0,0.0,0.0,0.0,0.015172,0,0.0,0,0.0,0.0,,,0,0,0,0,,0.0,md-flexible,"std::__push_heap<__gnu_cxx::__normal_iterator<unsigned long*, std::vector<unsigned long, autopas::AlignedAllocator<unsigned long, (unsigned long)64>>>, long, unsigned long, __gnu_cxx::__ops::_Iter_less_val>(__gnu_cxx::__normal_iterator<unsigned long*, std::vector<unsigned long, autopas::AlignedAllocator<unsigned long, (unsigned long)64>>>, long, long, unsigned long, __gnu_cxx::__ops::_Iter_less_val&)",stl_heap.h,0x4fd708
       "__gnu_cxx::__ops::_Iter_less_val::operator()<__gnu_cxx::__normal_iterator<unsigned long*, std::vector<unsigned long, autopas::AlignedAllocator<unsigned long, (unsigned long)64>>>, unsigned long>",,0.0,,,,,,,0.0,0.0,0.0,0.0,0.0,0.0,0.015172,4585573,0.0,0,0.0,0.0,,,0,0,0,0,,0.0,md-flexible,"__gnu_cxx::__ops::_Iter_less_val::operator()<__gnu_cxx::__normal_iterator<unsigned long*, std::vector<unsigned long, autopas::AlignedAllocator<unsigned long, (unsigned long)64>>>, unsigned long>(__gnu_cxx::__normal_iterator<unsigned long*, std::vector<unsigned long, autopas::AlignedAllocator<unsigned long, (unsigned long)64>>>, unsigned long&) const",predefined_ops.h,0x4fd76b
   "std::__make_heap<__gnu_cxx::__normal_iterator<unsigned long*, std::vector<unsigned long, autopas::AlignedAllocator<unsigned long, (unsigned long)64>>>, __gnu_cxx::__ops::_Iter_less_iter>",,0.0,,,,,,,0.0,0.0,0.0,0.0,0.0,0.0,0.0,0,0.030321,0,0.0,0.0,,,0,0,0,0,,0.0,md-flexible,"std::__make_heap<__gnu_cxx::__normal_iterator<unsigned long*, std::vector<unsigned long, autopas::AlignedAllocator<unsigned long, (unsigned long)64>>>, __gnu_cxx::__ops::_Iter_less_iter>(__gnu_cxx::__normal_iterator<unsigned long*, std::vector<unsigned long, autopas::AlignedAllocator<unsigned long, (unsigned long)64>>>, __gnu_cxx::__normal_iterator<unsigned long*, std::vector<unsigned long, autopas::AlignedAllocator<unsigned long, (unsigned long)64>>>, __gnu_cxx::__ops::_Iter_less_iter&)",stl_heap.h,0x4fd545
    "std::__adjust_heap<__gnu_cxx::__normal_iterator<unsigned long*, std::vector<unsigned long, autopas::AlignedAllocator<unsigned long, (unsigned long)64>>>, long, unsigned long, __gnu_cxx::__ops::_Iter_less_iter>",,0.0,,,,,,,,100.0,0.0,0.0,0.0,0.0,0.0,0,0.030321,4585573,0.0,0.0,,,0,0,0,0,,0.0,md-flexible,"std::__adjust_heap<__gnu_cxx::__normal_iterator<unsigned long*, std::vector<unsigned long, autopas::AlignedAllocator<unsigned long, (unsigned long)64>>>, long, unsigned long, __gnu_cxx::__ops::_Iter_less_iter>(__gnu_cxx::__normal_iterator<unsigned long*, std::vector<unsigned long, autopas::AlignedAllocator<unsigned long, (unsigned long)64>>>, long, long, unsigned long, __gnu_cxx::__ops::_Iter_less_iter)",stl_heap.h,0x4fd682
   "std::__sort_heap<__gnu_cxx::__normal_iterator<unsigned long*, std::vector<unsigned long, autopas::AlignedAllocator<unsigned long, (unsigned long)64>>>, __gnu_cxx::__ops::_Iter_less_iter>",,0.0,,,,,,,0.0,0.0,0.0,0.0,0.0,0.0,0.075861,0,0.0,0,0.0,0.0,,,0,0,0,0,,0.0,md-flexible,"std::__sort_heap<__gnu_cxx::__normal_iterator<unsigned long*, std::vector<unsigned long, autopas::AlignedAllocator<unsigned long, (unsigned long)64>>>, __gnu_cxx::__ops::_Iter_less_iter>(__gnu_cxx::__normal_iterator<unsigned long*, std::vector<unsigned long, autopas::AlignedAllocator<unsigned long, (unsigned long)64>>>, __gnu_cxx::__normal_iterator<unsigned long*, std::vector<unsigned long, autopas::AlignedAllocator<unsigned long, (unsigned long)64>>>, __gnu_cxx::__ops::_Iter_less_iter&)",stl_heap.h,0x4fd7ee
    "std::__pop_heap<__gnu_cxx::__normal_iterator<unsigned long*, std::vector<unsigned long, autopas::AlignedAllocator<unsigned long, (unsigned long)64>>>, __gnu_cxx::__ops::_Iter_less_iter>",,0.0,,,,,,,0.0,0.0,0.0,0.0,0.0,0.0,0.075861,0,0.0,0,0.0,0.0,,,0,0,0,0,,0.0,md-flexible,"std::__pop_heap<__gnu_cxx::__normal_iterator<unsigned long*, std::vector<unsigned long, autopas::AlignedAllocator<unsigned long, (unsigned long)64>>>, __gnu_cxx::__ops::_Iter_less_iter>(__gnu_cxx::__normal_iterator<unsigned long*, std::vector<unsigned long, autopas::AlignedAllocator<unsigned long, (unsigned long)64>>>, __gnu_cxx::__normal_iterator<unsigned long*, std::vector<unsigned long, autopas::AlignedAllocator<unsigned long, (unsigned long)64>>>, __gnu_cxx::__normal_iterator<unsigned long*, std::vector<unsigned long, autopas::AlignedAllocator<unsigned long, (unsigned long)64>>>, __gnu_cxx::__ops::_Iter_less_iter&)",stl_heap.h,0x4fd808
     "std::__adjust_heap<__gnu_cxx::__normal_iterator<unsigned long*, std::vector<unsigned long, autopas::AlignedAllocator<unsigned long, (unsigned long)64>>>, long, unsigned long, __gnu_cxx::__ops::_Iter_less_iter>",,0.0,,,,,,,0.0,0.0,0.0,0.0,0.0,0.0,0.075861,0,0.0,0,0.0,0.0,,,0,0,0,0,,0.0,md-flexible,"std::__adjust_heap<__gnu_cxx::__normal_iterator<unsigned long*, std::vector<unsigned long, autopas::AlignedAllocator<unsigned long, (unsigned long)64>>>, long, unsigned long, __gnu_cxx::__ops::_Iter_less_iter>(__gnu_cxx::__normal_iterator<unsigned long*, std::vector<unsigned long, autopas::AlignedAllocator<unsigned long, (unsigned long)64>>>, long, long, unsigned long, __gnu_cxx::__ops::_Iter_less_iter)",stl_heap.h,0x4fd81f
      "__gnu_cxx::__ops::_Iter_less_iter::operator()<__gnu_cxx::__normal_iterator<unsigned long*, std::vector<unsigned long, autopas::AlignedAllocator<unsigned long, (unsigned long)64>>>, __gnu_cxx::__normal_iterator<unsigned long*, std::vector<unsigned long, autopas::AlignedAllocator<unsigned long, (unsigned long)64>>>>",,0.0,,,,,,,0.0,0.0,0.0,0.0,0.0,0.0,0.060689,18342292,0.0,0,0.0,0.0,,,0,0,0,0,,7.000000,md-flexible,"__gnu_cxx::__ops::_Iter_less_iter::operator()<__gnu_cxx::__normal_iterator<unsigned long*, std::vector<unsigned long, autopas::AlignedAllocator<unsigned long, (unsigned long)64>>>, __gnu_cxx::__normal_iterator<unsigned long*, std::vector<unsigned long, autopas::AlignedAllocator<unsigned long, (unsigned long)64>>>>(__gnu_cxx::__normal_iterator<unsigned long*, std::vector<unsigned long, autopas::AlignedAllocator<unsigned long, (unsigned long)64>>>, __gnu_cxx::__normal_iterator<unsigned long*, std::vector<unsigned long, autopas::AlignedAllocator<unsigned long, (unsigned long)64>>>) const",predefined_ops.h,0x4fd89b
      "std::__push_heap<__gnu_cxx::__normal_iterator<unsigned long*, std::vector<unsigned long, autopas::AlignedAllocator<unsigned long, (unsigned long)64>>>, long, unsigned long, __gnu_cxx::__ops::_Iter_less_val>",,0.0,,,,,,,0.0,0.0,0.0,0.0,0.0,0.0,0.015172,0,0.0,0,0.0,0.0,,,0,0,0,0,,0.0,md-flexible,"std::__push_heap<__gnu_cxx::__normal_iterator<unsigned long*, std::vector<unsigned long, autopas::AlignedAllocator<unsigned long, (unsigned long)64>>>, long, unsigned long, __gnu_cxx::__ops::_Iter_less_val>(__gnu_cxx::__normal_iterator<unsigned long*, std::vector<unsigned long, autopas::AlignedAllocator<unsigned long, (unsigned long)64>>>, long, long, unsigned long, __gnu_cxx::__ops::_Iter_less_val&)",stl_heap.h,0x4fd8ce
       "__gnu_cxx::__ops::_Iter_less_val::operator()<__gnu_cxx::__normal_iterator<unsigned long*, std::vector<unsigned long, autopas::AlignedAllocator<unsigned long, (unsigned long)64>>>, unsigned long>",,0.0,,,,,,,0.0,0.0,0.0,0.0,0.0,0.0,0.015172,4585573,0.0,0,0.0,0.0,,,0,0,0,0,,0.0,md-flexible,"__gnu_cxx::__ops::_Iter_less_val::operator()<__gnu_cxx::__normal_iterator<unsigned long*, std::vector<unsigned long, autopas::AlignedAllocator<unsigned long, (unsigned long)64>>>, unsigned long>(__gnu_cxx::__normal_iterator<unsigned long*, std::vector<unsigned long, autopas::AlignedAllocator<unsigned long, (unsigned long)64>>>, unsigned long&) const",predefined_ops.h,0x4fd927
  "std::__unguarded_partition_pivot<__gnu_cxx::__normal_iterator<unsigned long*, std::vector<unsigned long, autopas::AlignedAllocator<unsigned long, (unsigned long)64>>>, __gnu_cxx::__ops::_Iter_less_iter>",,0.0,,,,,,,0.0,0.0,0.0,0.0,0.0,0.0,2.108936,0,1.940570,0,0.0,7.142857,,,0,0,0,0,,0.0,md-flexible,"std::__unguarded_partition_pivot<__gnu_cxx::__normal_iterator<unsigned long*, std::vector<unsigned long, autopas::AlignedAllocator<unsigned long, (unsigned long)64>>>, __gnu_cxx::__ops::_Iter_less_iter>(__gnu_cxx::__normal_iterator<unsigned long*, std::vector<unsigned long, autopas::AlignedAllocator<unsigned long, (unsigned long)64>>>, __gnu_cxx::__normal_iterator<unsigned long*, std::vector<unsigned long, autopas::AlignedAllocator<unsigned long, (unsigned long)64>>>, __gnu_cxx::__ops::_Iter_less_iter)",stl_algo.h,0x4fd55e
   "std::__move_median_to_first<__gnu_cxx::__normal_iterator<unsigned long*, std::vector<unsigned long, autopas::AlignedAllocator<unsigned long, (unsigned long)64>>>, __gnu_cxx::__ops::_Iter_less_iter>",,0.0,,,,,,,22.9,10.8,0.0,0.0,0.0,0.0,0.288272,0,0.394178,0,0.0,7.142857,,,0,0,0,0,,7.000000,md-flexible,"std::__move_median_to_first<__gnu_cxx::__normal_iterator<unsigned long*, std::vector<unsigned long, autopas::AlignedAllocator<unsigned long, (unsigned long)64>>>, __gnu_cxx::__ops::_Iter_less_iter>(__gnu_cxx::__normal_iterator<unsigned long*, std::vector<unsigned long, autopas::AlignedAllocator<unsigned long, (unsigned long)64>>>, __gnu_cxx::__normal_iterator<unsigned long*, std::vector<unsigned long, autopas::AlignedAllocator<unsigned long, (unsigned long)64>>>, __gnu_cxx::__normal_iterator<unsigned long*, std::vector<unsigned long, autopas::AlignedAllocator<unsigned long, (unsigned long)64>>>, __gnu_cxx::__normal_iterator<unsigned long*, std::vector<unsigned long, autopas::AlignedAllocator<unsigned long, (unsigned long)64>>>, __gnu_cxx::__ops::_Iter_less_iter)",stl_algo.h,0x4fd56f
    "__gnu_cxx::__ops::_Iter_less_iter::operator()<__gnu_cxx::__normal_iterator<unsigned long*, std::vector<unsigned long, autopas::AlignedAllocator<unsigned long, (unsigned long)64>>>, __gnu_cxx::__normal_iterator<unsigned long*, std::vector<unsigned long, autopas::AlignedAllocator<unsigned long, (unsigned long)64>>>>",,0.0,,,,,,,100.0,0.0,34.4,0.0,41.2,0.0,0.288272,87125887,0.0,0,0.0,0.0,,,0,0,0,0,,7.000000,md-flexible,"__gnu_cxx::__ops::_Iter_less_iter::operator()<__gnu_cxx::__normal_iterator<unsigned long*, std::vector<unsigned long, autopas::AlignedAllocator<unsigned long, (unsigned long)64>>>, __gnu_cxx::__normal_iterator<unsigned long*, std::vector<unsigned long, autopas::AlignedAllocator<unsigned long, (unsigned long)64>>>>(__gnu_cxx::__normal_iterator<unsigned long*, std::vector<unsigned long, autopas::AlignedAllocator<unsigned long, (unsigned long)64>>>, __gnu_cxx::__normal_iterator<unsigned long*, std::vector<unsigned long, autopas::AlignedAllocator<unsigned long, (unsigned long)64>>>) const",predefined_ops.h,0x4fd56f
    "__gnu_cxx::__ops::_Iter_less_iter::operator()<__gnu_cxx::__normal_iterator<unsigned long*, std::vector<unsigned long, autopas::AlignedAllocator<unsigned long, (unsigned long)64>>>, __gnu_cxx::__normal_iterator<unsigned long*, std::vector<unsigned long, autopas::AlignedAllocator<unsigned long, (unsigned long)64>>>>",,0.0,,,,,,,0.0,0.0,0.0,0.0,100.0,0.0,0.0,0,0.0,0,0.0,7.142857,,,0,4585757,0,0,,7.000000,md-flexible,"__gnu_cxx::__ops::_Iter_less_iter::operator()<__gnu_cxx::__normal_iterator<unsigned long*, std::vector<unsigned long, autopas::AlignedAllocator<unsigned long, (unsigned long)64>>>, __gnu_cxx::__normal_iterator<unsigned long*, std::vector<unsigned long, autopas::AlignedAllocator<unsigned long, (unsigned long)64>>>>(__gnu_cxx::__normal_iterator<unsigned long*, std::vector<unsigned long, autopas::AlignedAllocator<unsigned long, (unsigned long)64>>>, __gnu_cxx::__normal_iterator<unsigned long*, std::vector<unsigned long, autopas::AlignedAllocator<unsigned long, (unsigned long)64>>>) const",predefined_ops.h,0x4fd579
    "std::iter_swap<__gnu_cxx::__normal_iterator<unsigned long*, std::vector<unsigned long, autopas::AlignedAllocator<unsigned long, (unsigned long)64>>>, __gnu_cxx::__normal_iterator<unsigned long*, std::vector<unsigned long, autopas::AlignedAllocator<unsigned long, (unsigned long)64>>>>",,0.0,,,,,,,0.0,0.0,0.0,0.0,0.0,0.0,0.0,0,0.151607,0,0.0,0.0,,,0,0,0,0,,0.0,md-flexible,"std::iter_swap<__gnu_cxx::__normal_iterator<unsigned long*, std::vector<unsigned long, autopas::AlignedAllocator<unsigned long, (unsigned long)64>>>, __gnu_cxx::__normal_iterator<unsigned long*, std::vector<unsigned long, autopas::AlignedAllocator<unsigned long, (unsigned long)64>>>>(__gnu_cxx::__normal_iterator<unsigned long*, std::vector<unsigned long, autopas::AlignedAllocator<unsigned long, (unsigned long)64>>>, __gnu_cxx::__normal_iterator<unsigned long*, std::vector<unsigned long, autopas::AlignedAllocator<unsigned long, (unsigned long)64>>>)",stl_algobase.h,0x4fd5b2
     std::swap<unsigned long>,,0.0,,,,,,,0.0,0.0,0.0,0.0,0.0,0.0,0.0,0,0.151607,22927865,0.0,0.0,,,0,0,0,0,,0.0,md-flexible,"std::swap<unsigned long>(unsigned long&, unsigned long&)",move.h,0x4fd5b2
    "std::iter_swap<__gnu_cxx::__normal_iterator<unsigned long*, std::vector<unsigned long, autopas::AlignedAllocator<unsigned long, (unsigned long)64>>>, __gnu_cxx::__normal_iterator<unsigned long*, std::vector<unsigned long, autopas::AlignedAllocator<unsigned long, (unsigned long)64>>>>",,0.0,,,,,,,0.0,0.0,0.0,0.0,0.0,0.0,0.0,0,0.060643,0,0.0,0.0,,,0,0,0,0,,0.0,md-flexible,"std::iter_swap<__gnu_cxx::__normal_iterator<unsigned long*, std::vector<unsigned long, autopas::AlignedAllocator<unsigned long, (unsigned long)64>>>, __gnu_cxx::__normal_iterator<unsigned long*, std::vector<unsigned long, autopas::AlignedAllocator<unsigned long, (unsigned long)64>>>>(__gnu_cxx::__normal_iterator<unsigned long*, std::vector<unsigned long, autopas::AlignedAllocator<unsigned long, (unsigned long)64>>>, __gnu_cxx::__normal_iterator<unsigned long*, std::vector<unsigned long, autopas::AlignedAllocator<unsigned long, (unsigned long)64>>>)",stl_algobase.h,0x4fd7be
     std::swap<unsigned long>,,0.0,,,,,,,0.0,0.0,0.0,0.0,0.0,0.0,0.0,0,0.060643,9171146,0.0,0.0,,,0,0,0,0,,0.0,md-flexible,"std::swap<unsigned long>(unsigned long&, unsigned long&)",move.h,0x4fd7be
    "std::iter_swap<__gnu_cxx::__normal_iterator<unsigned long*, std::vector<unsigned long, autopas::AlignedAllocator<unsigned long, (unsigned long)64>>>, __gnu_cxx::__normal_iterator<unsigned long*, std::vector<unsigned long, autopas::AlignedAllocator<unsigned long, (unsigned long)64>>>>",,0.0,,,,,,,0.0,0.0,0.0,0.0,0.0,0.0,0.0,0,0.181928,0,0.0,0.0,,,0,0,0,0,,0.0,md-flexible,"std::iter_swap<__gnu_cxx::__normal_iterator<unsigned long*, std::vector<unsigned long, autopas::AlignedAllocator<unsigned long, (unsigned long)64>>>, __gnu_cxx::__normal_iterator<unsigned long*, std::vector<unsigned long, autopas::AlignedAllocator<unsigned long, (unsigned long)64>>>>(__gnu_cxx::__normal_iterator<unsigned long*, std::vector<unsigned long, autopas::AlignedAllocator<unsigned long, (unsigned long)64>>>, __gnu_cxx::__normal_iterator<unsigned long*, std::vector<unsigned long, autopas::AlignedAllocator<unsigned long, (unsigned long)64>>>)",stl_algobase.h,0x4fd7d6
     std::swap<unsigned long>,,0.0,,,,,,,0.0,0.0,0.0,0.0,0.0,0.0,0.0,0,0.181928,27513438,0.0,0.0,,,0,0,0,0,,0.0,md-flexible,"std::swap<unsigned long>(unsigned long&, unsigned long&)",move.h,0x4fd7d6
   "std::__unguarded_partition<__gnu_cxx::__normal_iterator<unsigned long*, std::vector<unsigned long, autopas::AlignedAllocator<unsigned long, (unsigned long)64>>>, __gnu_cxx::__ops::_Iter_less_iter>",,0.0,,,,,,,2.1,2.6,1.3,0.0,0.0,0.0,1.820665,0,1.546392,0,0.0,0.0,,,0,0,0,0,,0.0,md-flexible,"std::__unguarded_partition<__gnu_cxx::__normal_iterator<unsigned long*, std::vector<unsigned long, autopas::AlignedAllocator<unsigned long, (unsigned long)64>>>, __gnu_cxx::__ops::_Iter_less_iter>(__gnu_cxx::__normal_iterator<unsigned long*, std::vector<unsigned long, autopas::AlignedAllocator<unsigned long, (unsigned long)64>>>, __gnu_cxx::__normal_iterator<unsigned long*, std::vector<unsigned long, autopas::AlignedAllocator<unsigned long, (unsigned long)64>>>, __gnu_cxx::__normal_iterator<unsigned long*, std::vector<unsigned long, autopas::AlignedAllocator<unsigned long, (unsigned long)64>>>, __gnu_cxx::__ops::_Iter_less_iter)",stl_algo.h,0x4fd5b7
    "__gnu_cxx::__ops::_Iter_less_iter::operator()<__gnu_cxx::__normal_iterator<unsigned long*, std::vector<unsigned long, autopas::AlignedAllocator<unsigned long, (unsigned long)64>>>, __gnu_cxx::__normal_iterator<unsigned long*, std::vector<unsigned long, autopas::AlignedAllocator<unsigned long, (unsigned long)64>>>>",,0.0,,,,,,,6.1,5.5,,5.5,,0.0,1.274465,385188132,0.0,0,0.0,0.0,,,0,0,0,0,,12.833333,md-flexible,"__gnu_cxx::__ops::_Iter_less_iter::operator()<__gnu_cxx::__normal_iterator<unsigned long*, std::vector<unsigned long, autopas::AlignedAllocator<unsigned long, (unsigned long)64>>>, __gnu_cxx::__normal_iterator<unsigned long*, std::vector<unsigned long, autopas::AlignedAllocator<unsigned long, (unsigned long)64>>>>(__gnu_cxx::__normal_iterator<unsigned long*, std::vector<unsigned long, autopas::AlignedAllocator<unsigned long, (unsigned long)64>>>, __gnu_cxx::__normal_iterator<unsigned long*, std::vector<unsigned long, autopas::AlignedAllocator<unsigned long, (unsigned long)64>>>) const",predefined_ops.h,0x4fd5b7
    "__gnu_cxx::__ops::_Iter_less_iter::operator()<__gnu_cxx::__normal_iterator<unsigned long*, std::vector<unsigned long, autopas::AlignedAllocator<unsigned long, (unsigned long)64>>>, __gnu_cxx::__normal_iterator<unsigned long*, std::vector<unsigned long, autopas::AlignedAllocator<unsigned long, (unsigned long)64>>>>",,0.0,,,,,,,100.0,25.3,,12.7,,0.0,0.546199,165080628,0.0,0,0.0,0.0,,,0,0,0,0,,26.058824,md-flexible,"__gnu_cxx::__ops::_Iter_less_iter::operator()<__gnu_cxx::__normal_iterator<unsigned long*, std::vector<unsigned long, autopas::AlignedAllocator<unsigned long, (unsigned long)64>>>, __gnu_cxx::__normal_iterator<unsigned long*, std::vector<unsigned long, autopas::AlignedAllocator<unsigned long, (unsigned long)64>>>>(__gnu_cxx::__normal_iterator<unsigned long*, std::vector<unsigned long, autopas::AlignedAllocator<unsigned long, (unsigned long)64>>>, __gnu_cxx::__normal_iterator<unsigned long*, std::vector<unsigned long, autopas::AlignedAllocator<unsigned long, (unsigned long)64>>>) const",predefined_ops.h,0x4fd5be
    "std::iter_swap<__gnu_cxx::__normal_iterator<unsigned long*, std::vector<unsigned long, autopas::AlignedAllocator<unsigned long, (unsigned long)64>>>, __gnu_cxx::__normal_iterator<unsigned long*, std::vector<unsigned long, autopas::AlignedAllocator<unsigned long, (unsigned long)64>>>>",,0.0,,,,,,,0.0,0.0,0.0,0.0,0.0,0.0,0.0,0,1.546392,0,0.0,0.0,,,0,0,0,0,,0.0,md-flexible,"std::iter_swap<__gnu_cxx::__normal_iterator<unsigned long*, std::vector<unsigned long, autopas::AlignedAllocator<unsigned long, (unsigned long)64>>>, __gnu_cxx::__normal_iterator<unsigned long*, std::vector<unsigned long, autopas::AlignedAllocator<unsigned long, (unsigned long)64>>>>(__gnu_cxx::__normal_iterator<unsigned long*, std::vector<unsigned long, autopas::AlignedAllocator<unsigned long, (unsigned long)64>>>, __gnu_cxx::__normal_iterator<unsigned long*, std::vector<unsigned long, autopas::AlignedAllocator<unsigned long, (unsigned long)64>>>)",stl_algobase.h,0x4fd605
     std::swap<unsigned long>,,0.0,,,,,,,0.0,21.0,0.0,0.0,0.0,0.0,0.0,0,1.546392,233864223,0.0,0.0,,,0,0,0,0,,0.0,md-flexible,"std::swap<unsigned long>(unsigned long&, unsigned long&)",move.h,0x4fd605
 "std::__make_heap<__gnu_cxx::__normal_iterator<mdLib::MoleculeLJ*, std::vector<mdLib::MoleculeLJ, std::allocator<mdLib::MoleculeLJ>>>, __gnu_cxx::__ops::_Iter_comp_iter<autopas::VerletListsLinkedReferencesBase<mdLib::MoleculeLJ>::sortParticlesByConfiguredKey(void)::{lambda(mdLib::MoleculeLJ const&mdLib::MoleculeLJ const&)#1}>>",,0.0,,,,,,,0.0,0.0,0.0,0.0,0.0,0.0,0.0,0,0.0,0,0.0,0.0,,,0,0,0,0,,0.0,md-flexible,"std::__make_heap<__gnu_cxx::__normal_iterator<mdLib::MoleculeLJ*, std::vector<mdLib::MoleculeLJ, std::allocator<mdLib::MoleculeLJ>>>, __gnu_cxx::__ops::_Iter_comp_iter<autopas::VerletListsLinkedReferencesBase<mdLib::MoleculeLJ>::sortParticlesByConfiguredKey(void)::{lambda(mdLib::MoleculeLJ const&mdLib::MoleculeLJ const&)#1}>>(__gnu_cxx::__normal_iterator<mdLib::MoleculeLJ*, std::vector<mdLib::MoleculeLJ, std::allocator<mdLib::MoleculeLJ>>>, __gnu_cxx::__normal_iterator<mdLib::MoleculeLJ*, std::vector<mdLib::MoleculeLJ, std::allocator<mdLib::MoleculeLJ>>>, __gnu_cxx::__ops::_Iter_comp_iter<autopas::VerletListsLinkedReferencesBase<mdLib::MoleculeLJ>::sortParticlesByConfiguredKey(void)::{lambda(mdLib::MoleculeLJ const&mdLib::MoleculeLJ const&)#1}>&)",stl_heap.h,0x545e60
  mdLib::MoleculeLJ::MoleculeLJ,,0.0,,,,,,,0.0,0.0,0.0,0.0,0.0,0.0,0.0,0,0.0,0,0.0,0.0,,,0,0,0,0,,0.0,md-flexible,mdLib::MoleculeLJ::MoleculeLJ(mdLib::MoleculeLJ const&),MoleculeLJ.h,0x545ecb
   "autopas::ParticleBase<double, unsigned long>::ParticleBase",,0.0,,,,,,,0.0,0.0,0.0,0.0,0.0,0.0,0.0,0,0.0,0,0.0,0.0,,,0,0,0,0,,7.000000,md-flexible,"autopas::ParticleBase<double, unsigned long>::ParticleBase(autopas::ParticleBase<double, unsigned long> const&)",ParticleBase.h,0x545ecb
 "std::__pop_heap<__gnu_cxx::__normal_iterator<mdLib::MoleculeLJ*, std::vector<mdLib::MoleculeLJ, std::allocator<mdLib::MoleculeLJ>>>, __gnu_cxx::__ops::_Iter_comp_iter<autopas::VerletListsLinkedReferencesBase<mdLib::MoleculeLJ>::sortParticlesByConfiguredKey(void)::{lambda(mdLib::MoleculeLJ const&mdLib::MoleculeLJ const&)#1}>>",,0.0,,,,,,,0.0,0.0,0.0,0.0,0.0,0.0,0.045517,4585573,0.0,0,0.0,0.0,,,0,0,0,0,,0.0,md-flexible,"std::__pop_heap<__gnu_cxx::__normal_iterator<mdLib::MoleculeLJ*, std::vector<mdLib::MoleculeLJ, std::allocator<mdLib::MoleculeLJ>>>, __gnu_cxx::__ops::_Iter_comp_iter<autopas::VerletListsLinkedReferencesBase<mdLib::MoleculeLJ>::sortParticlesByConfiguredKey(void)::{lambda(mdLib::MoleculeLJ const&mdLib::MoleculeLJ const&)#1}>>(__gnu_cxx::__normal_iterator<mdLib::MoleculeLJ*, std::vector<mdLib::MoleculeLJ, std::allocator<mdLib::MoleculeLJ>>>, __gnu_cxx::__normal_iterator<mdLib::MoleculeLJ*, std::vector<mdLib::MoleculeLJ, std::allocator<mdLib::MoleculeLJ>>>, __gnu_cxx::__normal_iterator<mdLib::MoleculeLJ*, std::vector<mdLib::MoleculeLJ, std::allocator<mdLib::MoleculeLJ>>>, __gnu_cxx::__ops::_Iter_comp_iter<autopas::VerletListsLinkedReferencesBase<mdLib::MoleculeLJ>::sortParticlesByConfiguredKey(void)::{lambda(mdLib::MoleculeLJ const&mdLib::MoleculeLJ const&)#1}>&)",stl_heap.h,0x546020
  mdLib::MoleculeLJ::operator=,,0.0,,,,,,,0.0,0.0,0.0,0.0,0.0,0.0,0.030344,0,0.0,0,0.0,0.0,,,0,0,0,0,,0.0,md-flexible,mdLib::MoleculeLJ::operator=(mdLib::MoleculeLJ const&),MoleculeLJ.h,0x546036
   "autopas::ParticleBase<double, unsigned long>::ParticleBase",,0.0,,,,,,,0.0,0.0,0.0,0.0,0.0,0.0,0.015172,4585573,0.0,0,0.0,0.0,,,0,0,0,0,,0.0,md-flexible,"autopas::ParticleBase<double, unsigned long>::ParticleBase(autopas::ParticleBase<double, unsigned long> const&)",ParticleBase.h,0x546036
   "autopas::ParticleBase<double, unsigned long>::operator=",,0.0,,,,,,,0.0,0.0,0.0,0.0,0.0,0.0,0.015172,4585573,0.0,0,0.0,0.0,,,0,0,0,0,,0.0,md-flexible,"autopas::ParticleBase<double, unsigned long>::operator=(autopas::ParticleBase<double, unsigned long> const&)",ParticleBase.h,0x546036
 std::swap<mdLib::MoleculeLJ>,,0.0,,,,,,,0.0,0.0,0.0,0.0,0.0,0.0,0.0,0,0.030321,0,0.0,0.0,,,0,0,0,0,,0.0,md-flexible,"std::swap<mdLib::MoleculeLJ>(mdLib::MoleculeLJ&, mdLib::MoleculeLJ&)",move.h,0x51bdb0
  mdLib::MoleculeLJ::operator=,,0.0,,,,,,,0.0,0.0,0.0,0.0,0.0,0.0,0.0,0,0.030321,0,0.0,0.0,,,0,0,0,0,,0.0,md-flexible,mdLib::MoleculeLJ::operator=(mdLib::MoleculeLJ const&),MoleculeLJ.h,0x51bdbd
   "autopas::ParticleBase<double, unsigned long>::operator=",,0.0,,,,,,,0.0,0.0,0.0,0.0,0.0,0.0,0.0,0,0.030321,4585573,0.0,0.0,,,0,0,0,0,,0.0,md-flexible,"autopas::ParticleBase<double, unsigned long>::operator=(autopas::ParticleBase<double, unsigned long> const&)",ParticleBase.h,0x51bdbd
 "std::vector<mdLib::MoleculeLJ, std::allocator<mdLib::MoleculeLJ>>::_M_realloc_append<mdLib::MoleculeLJ const&>",,0.0,,,,,,,0.0,0.0,0.0,0.0,0.0,0.0,0.0,0,0.0,0,0.0,0.0,,,0,0,0,0,,0.0,md-flexible,"std::vector<mdLib::MoleculeLJ, std::allocator<mdLib::MoleculeLJ>>::_M_realloc_append<mdLib::MoleculeLJ const&>(mdLib::MoleculeLJ const&&&)",vector.tcc,0x451f40
  "std::vector<mdLib::MoleculeLJ, std::allocator<mdLib::MoleculeLJ>>::_S_relocate",,0.0,,,,,,,0.0,0.0,0.0,0.0,0.0,0.0,0.0,0,0.0,0,0.0,0.0,,,0,0,0,0,,0.0,md-flexible,"std::vector<mdLib::MoleculeLJ, std::allocator<mdLib::MoleculeLJ>>::_S_relocate(mdLib::MoleculeLJ*, mdLib::MoleculeLJ*, mdLib::MoleculeLJ*, std::allocator<mdLib::MoleculeLJ>&)",stl_vector.h,0x45204f
   "std::__relocate_a<mdLib::MoleculeLJ*, mdLib::MoleculeLJ*, std::allocator<mdLib::MoleculeLJ>>",,0.0,,,,,,,0.0,0.0,0.0,0.0,0.0,0.0,0.0,0,0.0,0,0.0,0.0,,,0,0,0,0,,0.0,md-flexible,"std::__relocate_a<mdLib::MoleculeLJ*, mdLib::MoleculeLJ*, std::allocator<mdLib::MoleculeLJ>>(mdLib::MoleculeLJ*, mdLib::MoleculeLJ*, mdLib::MoleculeLJ*, std::allocator<mdLib::MoleculeLJ>&)",stl_uninitialized.h,0x45204f
    "std::__relocate_a_1<mdLib::MoleculeLJ*, mdLib::MoleculeLJ*, std::allocator<mdLib::MoleculeLJ>>",,0.0,,,,,,,0.0,0.0,0.0,0.0,0.0,0.0,0.0,0,0.0,0,0.0,0.0,,,0,0,0,0,,0.0,md-flexible,"std::__relocate_a_1<mdLib::MoleculeLJ*, mdLib::MoleculeLJ*, std::allocator<mdLib::MoleculeLJ>>(mdLib::MoleculeLJ*, mdLib::MoleculeLJ*, mdLib::MoleculeLJ*, std::allocator<mdLib::MoleculeLJ>&)",stl_uninitialized.h,0x45204f
     "std::__relocate_object_a<mdLib::MoleculeLJ, mdLib::MoleculeLJ, std::allocator<mdLib::MoleculeLJ>>",,0.0,,,,,,,0.0,0.0,0.0,0.0,0.0,0.0,0.0,0,0.0,0,0.0,0.0,,,0,0,0,0,,0.0,md-flexible,"std::__relocate_object_a<mdLib::MoleculeLJ, mdLib::MoleculeLJ, std::allocator<mdLib::MoleculeLJ>>(mdLib::MoleculeLJ*, mdLib::MoleculeLJ*, std::allocator<mdLib::MoleculeLJ>&)",stl_uninitialized.h,0x452077
      "std::allocator_traits<std::allocator<mdLib::MoleculeLJ>>::construct<mdLib::MoleculeLJ, mdLib::MoleculeLJ>",,0.0,,,,,,,0.0,0.0,0.0,0.0,0.0,0.0,0.0,0,0.0,0,0.0,0.0,,,0,0,0,0,,0.0,md-flexible,"std::allocator_traits<std::allocator<mdLib::MoleculeLJ>>::construct<mdLib::MoleculeLJ, mdLib::MoleculeLJ>(std::allocator<mdLib::MoleculeLJ>&, mdLib::MoleculeLJ*, mdLib::MoleculeLJ&&)",alloc_traits.h,0x452077
       _ZSt12construct_atIN5mdLib10MoleculeLJEJS1_EEDTgsnwcvPvLi0E_T_pispcl7declvalIT0_EEEEPS3_DpOS4_,,0.0,,,,,,,0.0,0.0,0.0,0.0,0.0,0.0,0.0,0,0.0,0,0.0,0.0,,,0,0,0,0,,0.0,md-flexible,_ZSt12construct_atIN5mdLib10MoleculeLJEJS1_EEDTgsnwcvPvLi0E_T_pispcl7declvalIT0_EEEEPS3_DpOS4_,stl_construct.h,0x452077
        mdLib::MoleculeLJ::MoleculeLJ,,0.0,,,,,,,,0.0,0.0,0.0,0.0,0.0,0.0,0,0.0,0,0.0,0.0,,,0,0,0,0,,0.0,md-flexible,mdLib::MoleculeLJ::MoleculeLJ(mdLib::MoleculeLJ const&),MoleculeLJ.h,0x452077
         "autopas::ParticleBase<double, unsigned long>::ParticleBase",,0.0,,,,,,,100.0,0.0,0.0,0.0,0.0,100.0,0.0,0,0.0,0,0.0,0.0,,,0,0,0,0,,0.0,md-flexible,"autopas::ParticleBase<double, unsigned long>::ParticleBase(autopas::ParticleBase<double, unsigned long> const&)",ParticleBase.h,0x452077
 "std::vector<unsigned long, autopas::AlignedAllocator<unsigned long, (unsigned long)64>>::resize",,0.0,,,,,,,0.0,0.0,0.0,0.0,0.0,0.0,0.030344,0,0.060643,0,0.0,0.0,,,0,0,0,0,,0.0,md-flexible,"std::vector<unsigned long, autopas::AlignedAllocator<unsigned long, (unsigned long)64>>::resize(unsigned long)",stl_vector.h,0x537920
  "std::vector<unsigned long, autopas::AlignedAllocator<unsigned long, (unsigned long)64>>::_M_default_append",,0.0,,,,,,,0.0,0.0,0.0,0.0,0.0,0.0,0.0,0,0.060643,0,0.0,0.0,,,0,0,0,0,,0.0,md-flexible,"std::vector<unsigned long, autopas::AlignedAllocator<unsigned long, (unsigned long)64>>::_M_default_append(unsigned long)",vector.tcc,0x537970
   "std::__uninitialized_default_n_a<unsigned long*, unsigned long, autopas::AlignedAllocator<unsigned long, (unsigned long)64>>",,0.0,,,,,,,0.0,0.0,0.0,0.0,0.0,0.0,0.0,0,0.060643,0,0.0,0.0,,,0,0,0,0,,0.0,md-flexible,"std::__uninitialized_default_n_a<unsigned long*, unsigned long, autopas::AlignedAllocator<unsigned long, (unsigned long)64>>(unsigned long*, unsigned long, autopas::AlignedAllocator<unsigned long, (unsigned long)64>&)",stl_uninitialized.h,0x537a24
    _ZNSt16allocator_traitsIN7autopas16AlignedAllocatorImLm64EEEE9constructImJEEEDTcl12_S_constructfp_fp0_spcl7forwardIT0_Efp1_EEERS2_PT_DpOS5_,,0.0,,,,,,,0.0,0.0,0.0,0.0,0.0,0.0,0.0,0,0.060643,0,0.0,0.0,,,0,0,0,0,,0.0,md-flexible,_ZNSt16allocator_traitsIN7autopas16AlignedAllocatorImLm64EEEE9constructImJEEEDTcl12_S_constructfp_fp0_spcl7forwardIT0_Efp1_EEERS2_PT_DpOS5_,alloc_traits.h,0x537a24
     "std::allocator_traits<autopas::AlignedAllocator<unsigned long, (unsigned long)64>>::_S_construct<unsigned long>",,0.0,,,,,,,0.0,0.0,0.0,0.0,0.0,0.0,0.0,0,0.060643,0,0.0,0.0,,,0,0,0,0,,0.0,md-flexible,"std::allocator_traits<autopas::AlignedAllocator<unsigned long, (unsigned long)64>>::_S_construct<unsigned long>(autopas::AlignedAllocator<unsigned long, (unsigned long)64>&, unsigned long*)",alloc_traits.h,0x537a24
      "autopas::AlignedAllocator<unsigned long, (unsigned long)64>::construct<unsigned long>",,0.0,,,,,,,0.0,0.0,0.0,0.0,0.0,0.0,0.0,0,0.060643,9171146,0.0,0.0,,,0,0,0,0,,0.0,md-flexible,"autopas::AlignedAllocator<unsigned long, (unsigned long)64>::construct<unsigned long>(unsigned long*)",AlignedAllocator.h,0x537a24
  "std::vector<unsigned long, autopas::AlignedAllocator<unsigned long, (unsigned long)64>>::size",,0.0,,,,,,,0.0,0.0,0.0,0.0,100.0,0.0,0.030344,9171146,0.0,0,0.0,0.0,,,0,0,0,0,,0.0,md-flexible,"std::vector<unsigned long, autopas::AlignedAllocator<unsigned long, (unsigned long)64>>::size(void) const",stl_vector.h,0x537920
 unlink_chunk.isra.0,,0.0,,,,,,,100.0,0.0,,0.0,,4.4,0.060689,18342292,0.060643,9171146,2.777778,0.0,,,2293681,0,0,0,,0.0,libc.so.6,unlink_chunk.isra.0,[Unknown],0xb452e
