Function Stack,CPU Time:Total,CPU Time:Effective Time:Total,CPU Time:Spin Time:Total,CPU Time:Spin Time:Imbalance or Serial Spinning:Total,CPU Time:Spin Time:Lock Contention:Total,CPU Time:Spin Time:Other:Total,CPU Time:Overhead Time:Total,CPU Time:Overhead Time:Creation:Total,CPU Time:Overhead Time:Scheduling:Total,CPU Time:Overhead Time:Reduction:Total,CPU Time:Overhead Time:Atomics:Total,CPU Time:Overhead Time:Other:Total,CPU Time:Self,CPU Time:Effective Time:Self,CPU Time:Spin Time:Self,CPU Time:Spin Time:Imbalance or Serial Spinning:Self,CPU Time:Spin Time:Lock Contention:Self,CPU Time:Spin Time:Other:Self,CPU Time:Overhead Time:Self,CPU Time:Overhead Time:Creation:Self,CPU Time:Overhead Time:Scheduling:Self,CPU Time:Overhead Time:Reduction:Self,CPU Time:Overhead Time:Atomics:Self,CPU Time:Overhead Time:Other:Self,Module,Function (Full),Source File,Start Address
Total,100.000000,100.000000,100.000000,,100.000000,,,,,,,,0.0,0.0,0.0,0.0,0.0,0.0,0.0,0.0,0.0,0.0,0.0,0.0,[Unknown],[Unknown],[Unknown],[Unknown]
 _start,100.000000,100.000000,100.000000,,100.000000,,,,,,,,0.0,0.0,0.0,0.0,0.0,0.0,0.0,0.0,0.0,0.0,0.0,0.0,md-flexible,_start,start.S,0x429b90
  __libc_start_main,100.000000,100.000000,100.000000,,100.000000,,,,,,,,0.0,0.0,0.0,0.0,0.0,0.0,0.0,0.0,0.0,0.0,0.0,0.0,libc.so.6,__libc_start_main,[Unknown],0x40f2e
   main,100.000000,100.000000,100.000000,,100.000000,,,,,,,,0.0,0.0,0.0,0.0,0.0,0.0,0.0,0.0,0.0,0.0,0.0,0.0,md-flexible,main,main.cpp,0x41ae34
    Simulation::run,99.664199,99.663503,100.000000,,100.000000,,,,,,,,0.0,0.0,0.0,0.0,0.0,0.0,0.0,0.0,0.0,0.0,0.0,0.0,md-flexible,Simulation::run(void),Simulation.cpp,0x40b0ae
     Simulation::updateInteractionForces,92.872648,93.065143,0.0,,0.0,,,,,,,,0.0,0.0,0.0,0.0,0.0,0.0,0.0,0.0,0.0,0.0,0.0,0.0,md-flexible,Simulation::updateInteractionForces(void),Simulation.cpp,0x43b2a0
      Simulation::calculatePairwiseForces,92.872648,93.065143,0.0,,0.0,,,,,,,,0.0,0.0,0.0,0.0,0.0,0.0,0.0,0.0,0.0,0.0,0.0,0.0,md-flexible,Simulation::calculatePairwiseForces(void),Simulation.cpp,0x43b54f
       "applyWithChosenFunctor<bool, Simulation::calculatePairwiseForces()::<lambda(auto:192&&)> >",92.872648,93.065143,0.0,,0.0,,,,,,,,0.0,0.0,0.0,0.0,0.0,0.0,0.0,0.0,0.0,0.0,0.0,0.0,md-flexible,"applyWithChosenFunctor<bool, Simulation::calculatePairwiseForces()::<lambda(auto:192&&)> >",Simulation.cpp,0x40aa84
        "operator()<mdLib::LJFunctorAVX<mdLib::MoleculeLJ, true, true, (autopas::FunctorN3Modes)2, false, false> >",92.872648,93.065143,0.0,,0.0,,,,,,,,0.0,0.0,0.0,0.0,0.0,0.0,0.0,0.0,0.0,0.0,0.0,0.0,md-flexible,"operator()<mdLib::LJFunctorAVX<mdLib::MoleculeLJ, true, true, (autopas::FunctorN3Modes)2, false, false> >",Simulation.cpp,0x43afa9
         "autopas::AutoPas<mdLib::MoleculeLJ>::computeInteractions<mdLib::LJFunctorAVX<mdLib::MoleculeLJ, (bool)1, (bool)1, (autopas::FunctorN3Modes)2, (bool)0, (bool)0, (bool)1>>",92.872648,93.065143,0.0,,0.0,,,,,,,,0.0,0.0,0.0,0.0,0.0,0.0,0.0,0.0,0.0,0.0,0.0,0.0,md-flexible,"autopas::AutoPas<mdLib::MoleculeLJ>::computeInteractions<mdLib::LJFunctorAVX<mdLib::MoleculeLJ, (bool)1, (bool)1, (autopas::FunctorN3Modes)2, (bool)0, (bool)0, (bool)1>>(mdLib::LJFunctorAVX<mdLib::MoleculeLJ, (bool)1, (bool)1, (autopas::FunctorN3Modes)2, (bool)0, (bool)0, (bool)1>*)",AutoPasImpl.h,0x5a8bb0
          "autopas::LogicHandler<mdLib::MoleculeLJ>::computeInteractionsPipeline<mdLib::LJFunctorAVX<mdLib::MoleculeLJ, (bool)1, (bool)1, (autopas::FunctorN3Modes)2, (bool)0, (bool)0, (bool)1>>",92.872648,93.065143,0.0,,0.0,,,,,,,,0.0,0.0,0.0,0.0,0.0,0.0,0.0,0.0,0.0,0.0,0.0,0.0,md-flexible,"autopas::LogicHandler<mdLib::MoleculeLJ>::computeInteractionsPipeline<mdLib::LJFunctorAVX<mdLib::MoleculeLJ, (bool)1, (bool)1, (autopas::FunctorN3Modes)2, (bool)0, (bool)0, (bool)1>>(mdLib::LJFunctorAVX<mdLib::MoleculeLJ, (bool)1, (bool)1, (autopas::FunctorN3Modes)2, (bool)0, (bool)0, (bool)1>*, autopas::options::InteractionTypeOption const&)",LogicHandler.h,0x5a8800
           "autopas::LogicHandler<mdLib::MoleculeLJ>::computeInteractions<mdLib::LJFunctorAVX<mdLib::MoleculeLJ, (bool)1, (bool)1, (autopas::FunctorN3Modes)2, (bool)0, (bool)0, (bool)1>>",92.872648,93.065143,0.0,,0.0,,,,,,,,0.0,0.0,0.0,0.0,0.0,0.0,0.0,0.0,0.0,0.0,0.0,0.0,md-flexible,"autopas::LogicHandler<mdLib::MoleculeLJ>::computeInteractions<mdLib::LJFunctorAVX<mdLib::MoleculeLJ, (bool)1, (bool)1, (autopas::FunctorN3Modes)2, (bool)0, (bool)0, (bool)1>>(mdLib::LJFunctorAVX<mdLib::MoleculeLJ, (bool)1, (bool)1, (autopas::FunctorN3Modes)2, (bool)0, (bool)0, (bool)1>&, autopas::TraversalInterface&)",LogicHandler.h,0x58d120
            "autopas::VerletLists<mdLib::MoleculeLJ, autopas::VerletListsLinkedReferencesBase>::computeInteractions",80.968065,81.135886,0.0,,0.0,,,,,,,,0.0,0.0,0.0,0.0,0.0,0.0,0.0,0.0,0.0,0.0,0.0,0.0,md-flexible,"autopas::VerletLists<mdLib::MoleculeLJ, autopas::VerletListsLinkedReferencesBase>::computeInteractions(autopas::TraversalInterface*)",VerletLists.h,0x506240
             "autopas::VLListIterationTraversal<autopas::ReferenceParticleCell<mdLib::MoleculeLJ>, mdLib::LJFunctorAVX<mdLib::MoleculeLJ, (bool)1, (bool)1, (autopas::FunctorN3Modes)2, (bool)0, (bool)0, (bool)1>>::traverseParticles",80.968065,81.135886,0.0,,0.0,,,,,,,,0.0,0.0,0.0,0.0,0.0,0.0,0.0,0.0,0.0,0.0,0.0,0.0,md-flexible,"autopas::VLListIterationTraversal<autopas::ReferenceParticleCell<mdLib::MoleculeLJ>, mdLib::LJFunctorAVX<mdLib::MoleculeLJ, (bool)1, (bool)1, (autopas::FunctorN3Modes)2, (bool)0, (bool)0, (bool)1>>::traverseParticles(void)",VLListIterationTraversal.h,0x5ae140
              GOMP_parallel,80.968065,81.135886,0.0,,0.0,,,,,,,,0.0,0.0,0.0,0.0,0.0,0.0,0.0,0.0,0.0,0.0,0.0,0.0,libgomp.so.1,GOMP_parallel,parallel.c,0x18260
               "autopas::VLListIterationTraversal<autopas::ReferenceParticleCell<mdLib::MoleculeLJ>, mdLib::LJFunctorAVX<mdLib::MoleculeLJ, (bool)1, (bool)1, (autopas::FunctorN3Modes)2, (bool)0, (bool)0, (bool)1>>::traverseParticles._omp_fn.0",80.968065,81.135886,0.0,,0.0,,,,,,,,1.363950,1.363950,0.0,0.0,0.0,0.0,0.0,0.0,0.0,0.0,0.0,0.0,md-flexible,"autopas::VLListIterationTraversal<autopas::ReferenceParticleCell<mdLib::MoleculeLJ>, mdLib::LJFunctorAVX<mdLib::MoleculeLJ, (bool)1, (bool)1, (autopas::FunctorN3Modes)2, (bool)0, (bool)0, (bool)1>>::traverseParticles._omp_fn.0",VLListIterationTraversal.h,0x57cda0
                "mdLib::LJFunctorAVX<mdLib::MoleculeLJ, (bool)1, (bool)1, (autopas::FunctorN3Modes)2, (bool)0, (bool)0, (bool)1>::AoSFunctor",71.542800,71.691085,0.0,,0.0,,,,,,,,6.395827,6.395827,0.0,0.0,0.0,0.0,0.0,0.0,0.0,0.0,0.0,0.0,md-flexible,"mdLib::LJFunctorAVX<mdLib::MoleculeLJ, (bool)1, (bool)1, (autopas::FunctorN3Modes)2, (bool)0, (bool)0, (bool)1>::AoSFunctor(mdLib::MoleculeLJ&, mdLib::MoleculeLJ&, bool)",LJFunctorAVX.h,0x43f880
                 mdLib::MoleculeLJ::getTypeId,12.434561,12.460334,0.0,,0.0,,,,,,,,1.926099,1.926099,0.0,0.0,0.0,0.0,0.0,0.0,0.0,0.0,0.0,0.0,md-flexible,mdLib::MoleculeLJ::getTypeId(void) const,MoleculeLJ.cpp,0x6923b0
                 "autopas::utils::ArrayMath::literals::operator*<double, (unsigned long)3>",5.139069,5.149721,0.0,,0.0,,,,,,,,0.0,0.0,0.0,0.0,0.0,0.0,0.0,0.0,0.0,0.0,0.0,0.0,md-flexible,"autopas::utils::ArrayMath::literals::operator*<double, (unsigned long)3>((unsigned long)3 const&, double)",ArrayMath.h,0x43f9b4
                  "autopas::utils::ArrayMath::mulScalar<double, (unsigned long)3>",5.139069,5.149721,0.0,,0.0,,,,,,,,0.796036,0.796036,0.0,0.0,0.0,0.0,0.0,0.0,0.0,0.0,0.0,0.0,md-flexible,"autopas::utils::ArrayMath::mulScalar<double, (unsigned long)3>((unsigned long)3 const&, double)",ArrayMath.h,0x43f9b4
                 "autopas::ParticleBase<double, unsigned long>::addF",3.241075,3.247793,0.0,,0.0,,,,,,,,0.0,0.0,0.0,0.0,0.0,0.0,0.0,0.0,0.0,0.0,0.0,0.0,md-flexible,"autopas::ParticleBase<double, unsigned long>::addF(std::array<double, (unsigned long)3> const&)",ParticleBase.h,0x43f9c0
                  "autopas::utils::ArrayMath::literals::operator+=<double, (unsigned long)3>",3.241075,3.247793,0.0,,0.0,,,,,,,,0.502039,0.502039,0.0,0.0,0.0,0.0,0.0,0.0,0.0,0.0,0.0,0.0,md-flexible,"autopas::utils::ArrayMath::literals::operator+=<double, (unsigned long)3>(std::array<double, (unsigned long)3>, (unsigned long)3 const&)",ArrayMath.h,0x43f9c0
                 "autopas::utils::ArrayMath::literals::operator-<double, (unsigned long)3>",3.201381,3.208016,0.0,,0.0,,,,,,,,0.0,0.0,0.0,0.0,0.0,0.0,0.0,0.0,0.0,0.0,0.0,0.0,md-flexible,"autopas::utils::ArrayMath::literals::operator-<double, (unsigned long)3>((unsigned long)3 const&, (unsigned long)3 const)",ArrayMath.h,0x43f940
                  "autopas::utils::ArrayMath::sub<double, (unsigned long)3>",3.201381,3.208016,0.0,,0.0,,,,,,,,0.495890,0.495890,0.0,0.0,0.0,0.0,0.0,0.0,0.0,0.0,0.0,0.0,md-flexible,"autopas::utils::ArrayMath::sub<double, (unsigned long)3>((unsigned long)3 const&, (unsigned long)3 const)",ArrayMath.h,0x43f940
                 "autopas::utils::ArrayMath::dot<double, (unsigned long)3>",2.556596,2.561895,0.0,,0.0,,,,,,,,0.396014,0.396014,0.0,0.0,0.0,0.0,0.0,0.0,0.0,0.0,0.0,0.0,md-flexible,"autopas::utils::ArrayMath::dot<double, (unsigned long)3>(std::array<double, (unsigned long)3> const&, std::array<double, (unsigned long)3> const)",ArrayMath.h,0x43f945
                 "ParticlePropertiesLibrary<double, unsigned long>::getMixingSigmaSquared",2.298287,2.303050,0.0,,0.0,,,,,,,,0.344003,0.344003,0.0,0.0,0.0,0.0,0.0,0.0,0.0,0.0,0.0,0.0,md-flexible,"ParticlePropertiesLibrary<double, unsigned long>::getMixingSigmaSquared(unsigned long, unsigned long) const",ParticlePropertiesLibrary.h,0x43f8db
                  "std::vector<ParticlePropertiesLibrary<double, unsigned long>::PackedLJMixingData, autopas::AlignedAllocator<ParticlePropertiesLibrary<double, unsigned long>::PackedLJMixingData, (unsigned long)64>>::operator[]",0.077463,0.077623,0.0,,0.0,,,,,,,,0.011999,0.011999,0.0,0.0,0.0,0.0,0.0,0.0,0.0,0.0,0.0,0.0,md-flexible,"std::vector<ParticlePropertiesLibrary<double, unsigned long>::PackedLJMixingData, autopas::AlignedAllocator<ParticlePropertiesLibrary<double, unsigned long>::PackedLJMixingData, (unsigned long)64>>::operator[](unsigned long) const",stl_vector.h,0x43f8db
                 "ParticlePropertiesLibrary<double, unsigned long>::getMixing24Epsilon",1.381472,1.384336,0.0,,0.0,,,,,,,,0.213988,0.213988,0.0,0.0,0.0,0.0,0.0,0.0,0.0,0.0,0.0,0.0,md-flexible,"ParticlePropertiesLibrary<double, unsigned long>::getMixing24Epsilon(unsigned long, unsigned long) const",ParticlePropertiesLibrary.h,0x43f917
                gomp_iter_ull_dynamic_next,0.542484,0.543609,0.0,,0.0,,,,,,,,0.084030,0.084030,0.0,0.0,0.0,0.0,0.0,0.0,0.0,0.0,0.0,0.0,libgomp.so.1,gomp_iter_ull_dynamic_next,iter_ull.c,0x12970
                gomp_loop_ull_dynamic_next,0.077355,0.077516,0.0,,0.0,,,,,,,,0.011982,0.011982,0.0,0.0,0.0,0.0,0.0,0.0,0.0,0.0,0.0,0.0,libgomp.so.1,gomp_loop_ull_dynamic_next,loop_ull.c,0x16730
            "autopas::VerletLists<mdLib::MoleculeLJ, autopas::VerletListsLinkedReferencesBase>::rebuildNeighborLists",11.904583,11.929257,0.0,,0.0,,,,,,,,0.0,0.0,0.0,0.0,0.0,0.0,0.0,0.0,0.0,0.0,0.0,0.0,md-flexible,"autopas::VerletLists<mdLib::MoleculeLJ, autopas::VerletListsLinkedReferencesBase>::rebuildNeighborLists(autopas::TraversalInterface*)",VerletLists.h,0x541990
             "autopas::VerletLists<mdLib::MoleculeLJ, autopas::VerletListsLinkedReferencesBase>::updateVerletListsAoS",11.904583,11.929257,0.0,,0.0,,,,,,,,0.0,0.0,0.0,0.0,0.0,0.0,0.0,0.0,0.0,0.0,0.0,0.0,md-flexible,"autopas::VerletLists<mdLib::MoleculeLJ, autopas::VerletListsLinkedReferencesBase>::updateVerletListsAoS(bool, autopas::options::DataLayoutOption)",VerletLists.h,0x542740
              autopas::LinkedCellsReferences<mdLib::MoleculeLJ>::computeInteractions,11.336280,11.359776,0.0,,0.0,,,,,,,,0.0,0.0,0.0,0.0,0.0,0.0,0.0,0.0,0.0,0.0,0.0,0.0,md-flexible,autopas::LinkedCellsReferences<mdLib::MoleculeLJ>::computeInteractions(autopas::TraversalInterface*),LinkedCellsReferences.h,0x542b43
               "autopas::LCC08Traversal<autopas::ReferenceParticleCell<mdLib::MoleculeLJ>, autopas::VerletListHelpers<mdLib::MoleculeLJ>::VerletListGeneratorFunctor>::traverseParticles",11.336280,11.359776,0.0,,0.0,,,,,,,,0.0,0.0,0.0,0.0,0.0,0.0,0.0,0.0,0.0,0.0,0.0,0.0,md-flexible,"non-virtual thunk autopas::LCC08Traversal<autopas::ReferenceParticleCell<mdLib::MoleculeLJ>, autopas::VerletListHelpers<mdLib::MoleculeLJ>::VerletListGeneratorFunctor>::traverseParticles(void)",LCC08Traversal.h,0x504b50
                GOMP_parallel,11.336280,11.359776,0.0,,0.0,,,,,,,,0.0,0.0,0.0,0.0,0.0,0.0,0.0,0.0,0.0,0.0,0.0,0.0,libgomp.so.1,GOMP_parallel,parallel.c,0x18260
                 _ZN7autopas19ColorBasedTraversalINS_21ReferenceParticleCellIN5mdLib10MoleculeLJEEENS_17VerletListHelpersIS3_E26VerletListGeneratorFunctorELi3EE14colorTraversalIZNS_14LCC08TraversalIS4_S7_E17traverseParticlesEvEUlmmmE_EEvOT_RKSt5arrayImLm3EESI_SI_._omp_fn.0,11.336280,11.359776,0.0,,0.0,,,,,,,,0.0,0.0,0.0,0.0,0.0,0.0,0.0,0.0,0.0,0.0,0.0,0.0,md-flexible,_ZN7autopas19ColorBasedTraversalINS_21ReferenceParticleCellIN5mdLib10MoleculeLJEEENS_17VerletListHelpersIS3_E26VerletListGeneratorFunctorELi3EE14colorTraversalIZNS_14LCC08TraversalIS4_S7_E17traverseParticlesEvEUlmmmE_EEvOT_RKSt5arrayImLm3EESI_SI_._omp_fn.0,ColorBasedTraversal.h,0x553f10
                  "autopas::internal::CellFunctor<autopas::ReferenceParticleCell<mdLib::MoleculeLJ>, autopas::VerletListHelpers<mdLib::MoleculeLJ>::VerletListGeneratorFunctor, (bool)1>::processCellPairSoAImpl",9.967592,9.988251,0.0,,0.0,,,,,,,,0.0,0.0,0.0,0.0,0.0,0.0,0.0,0.0,0.0,0.0,0.0,0.0,md-flexible,"autopas::internal::CellFunctor<autopas::ReferenceParticleCell<mdLib::MoleculeLJ>, autopas::VerletListHelpers<mdLib::MoleculeLJ>::VerletListGeneratorFunctor, (bool)1>::processCellPairSoAImpl(autopas::ReferenceParticleCell<mdLib::MoleculeLJ>&, autopas::ReferenceParticleCell<mdLib::MoleculeLJ>&)",CellFunctor.h,0x54c6d0
                   autopas::VerletListHelpers<mdLib::MoleculeLJ>::VerletListGeneratorFunctor::SoAFunctorPair,9.967592,9.988251,0.0,,0.0,,,,,,,,1.108108,1.108108,0.0,0.0,0.0,0.0,0.0,0.0,0.0,0.0,0.0,0.0,md-flexible,"autopas::VerletListHelpers<mdLib::MoleculeLJ>::VerletListGeneratorFunctor::SoAFunctorPair(autopas::SoAView<std::tuple<std::vector<mdLib::MoleculeLJ*, autopas::AlignedAllocator<mdLib::MoleculeLJ*, (unsigned long)64>>, std::vector<unsigned long, autopas::AlignedAllocator<unsigned long, (unsigned long)64>>, std::vector<double, autopas::AlignedAllocator<double, (unsigned long)64>>, std::vector<double, autopas::AlignedAllocator<double, (unsigned long)64>>, std::vector<double, autopas::AlignedAllocator<double, (unsigned long)64>>, std::vector<double, autopas::AlignedAllocator<double, (unsigned long)64>>, std::vector<double, autopas::AlignedAllocator<double, (unsigned long)64>>, std::vector<double, autopas::AlignedAllocator<double, (unsigned long)64>>, std::vector<double, autopas::AlignedAllocator<double, (unsigned long)64>>, std::vector<double, autopas::AlignedAllocator<double, (unsigned long)64>>, std::vector<double, autopas::AlignedAllocator<double, (unsigned long)64>>, std::vector<double, autopas::AlignedAllocator<double, (unsigned long)64>>, std::vector<double, autopas::AlignedAllocator<double, (unsigned long)64>>, std::vector<double, autopas::AlignedAllocator<double, (unsigned long)64>>, std::vector<unsigned long, autopas::AlignedAllocator<unsigned long, (unsigned long)64>>, std::vector<autopas::OwnershipState, autopas::AlignedAllocator<autopas::OwnershipState, (unsigned long)64>>>>, autopas::SoAView<std::tuple<std::vector<mdLib::MoleculeLJ*, autopas::AlignedAllocator<mdLib::MoleculeLJ*, (unsigned long)64>>, std::vector<unsigned long, autopas::AlignedAllocator<unsigned long, (unsigned long)64>>, std::vector<double, autopas::AlignedAllocator<double, (unsigned long)64>>, std::vector<double, autopas::AlignedAllocator<double, (unsigned long)64>>, std::vector<double, autopas::AlignedAllocator<double, (unsigned long)64>>, std::vector<double, autopas::AlignedAllocator<double, (unsigned long)64>>, std::vector<double, autopas::AlignedAllocator<double, (unsigned long)64>>, std::vector<double, autopas::AlignedAllocator<double, (unsigned long)64>>, std::vector<double, autopas::AlignedAllocator<double, (unsigned long)64>>, std::vector<double, autopas::AlignedAllocator<double, (unsigned long)64>>, std::vector<double, autopas::AlignedAllocator<double, (unsigned long)64>>, std::vector<double, autopas::AlignedAllocator<double, (unsigned long)64>>, std::vector<double, autopas::AlignedAllocator<double, (unsigned long)64>>, std::vector<double, autopas::AlignedAllocator<double, (unsigned long)64>>, std::vector<unsigned long, autopas::AlignedAllocator<unsigned long, (unsigned long)64>>, std::vector<autopas::OwnershipState, autopas::AlignedAllocator<autopas::OwnershipState, (unsigned long)64>>>>, bool)",VerletListHelpers.h,0x509c40
                    "std::vector<mdLib::MoleculeLJ*, std::allocator<mdLib::MoleculeLJ*>>::push_back",2.658898,2.664409,0.0,,0.0,,,,,,,,0.411860,0.411860,0.0,0.0,0.0,0.0,0.0,0.0,0.0,0.0,0.0,0.0,md-flexible,"std::vector<mdLib::MoleculeLJ*, std::allocator<mdLib::MoleculeLJ*>>::push_back(mdLib::MoleculeLJ* const&)",stl_vector.h,0x509cb9
                    "autopas::SoAView<std::tuple<std::vector<mdLib::MoleculeLJ*, autopas::AlignedAllocator<mdLib::MoleculeLJ*, (unsigned long)64>>, std::vector<unsigned long, autopas::AlignedAllocator<unsigned long, (unsigned long)64>>, std::vector<double, autopas::AlignedAllocator<double, (unsigned long)64>>, std::vector<double, autopas::AlignedAllocator<double, (unsigned long)64>>, std::vector<double, autopas::AlignedAllocator<double, (unsigned long)64>>, std::vector<double, autopas::AlignedAllocator<double, (unsigned long)64>>, std::vector<double, autopas::AlignedAllocator<double, (unsigned long)64>>, std::vector<double, autopas::AlignedAllocator<double, (unsigned long)64>>, std::vector<double, autopas::AlignedAllocator<double, (unsigned long)64>>, std::vector<double, autopas::AlignedAllocator<double, (unsigned long)64>>, std::vector<double, autopas::AlignedAllocator<double, (unsigned long)64>>, std::vector<double, autopas::AlignedAllocator<double, (unsigned long)64>>, std::vector<double, autopas::AlignedAllocator<double, (unsigned long)64>>, std::vector<double, autopas::AlignedAllocator<double, (unsigned long)64>>, std::vector<unsigned long, autopas::AlignedAllocator<unsigned long, (unsigned long)64>>, std::vector<autopas::OwnershipState, autopas::AlignedAllocator<autopas::OwnershipState, (unsigned long)64>>>>::size",0.077505,0.077665,0.0,,0.0,,,,,,,,0.012005,0.012005,0.0,0.0,0.0,0.0,0.0,0.0,0.0,0.0,0.0,0.0,md-flexible,"autopas::SoAView<std::tuple<std::vector<mdLib::MoleculeLJ*, autopas::AlignedAllocator<mdLib::MoleculeLJ*, (unsigned long)64>>, std::vector<unsigned long, autopas::AlignedAllocator<unsigned long, (unsigned long)64>>, std::vector<double, autopas::AlignedAllocator<double, (unsigned long)64>>, std::vector<double, autopas::AlignedAllocator<double, (unsigned long)64>>, std::vector<double, autopas::AlignedAllocator<double, (unsigned long)64>>, std::vector<double, autopas::AlignedAllocator<double, (unsigned long)64>>, std::vector<double, autopas::AlignedAllocator<double, (unsigned long)64>>, std::vector<double, autopas::AlignedAllocator<double, (unsigned long)64>>, std::vector<double, autopas::AlignedAllocator<double, (unsigned long)64>>, std::vector<double, autopas::AlignedAllocator<double, (unsigned long)64>>, std::vector<double, autopas::AlignedAllocator<double, (unsigned long)64>>, std::vector<double, autopas::AlignedAllocator<double, (unsigned long)64>>, std::vector<double, autopas::AlignedAllocator<double, (unsigned long)64>>, std::vector<double, autopas::AlignedAllocator<double, (unsigned long)64>>, std::vector<unsigned long, autopas::AlignedAllocator<unsigned long, (unsigned long)64>>, std::vector<autopas::OwnershipState, autopas::AlignedAllocator<autopas::OwnershipState, (unsigned long)64>>>>::size(void) const",SoAView.h,0x509d52
                    "std::unordered_map<mdLib::MoleculeLJ*, std::vector<mdLib::MoleculeLJ*, std::allocator<mdLib::MoleculeLJ*>>, std::hash<mdLib::MoleculeLJ*>, std::equal_to<mdLib::MoleculeLJ*>, std::allocator<std::pair<mdLib::MoleculeLJ* const, std::vector<mdLib::MoleculeLJ*, std::allocator<mdLib::MoleculeLJ*>>>>>::at",0.077435,0.077595,0.0,,0.0,,,,,,,,0.011995,0.011995,0.0,0.0,0.0,0.0,0.0,0.0,0.0,0.0,0.0,0.0,md-flexible,"std::unordered_map<mdLib::MoleculeLJ*, std::vector<mdLib::MoleculeLJ*, std::allocator<mdLib::MoleculeLJ*>>, std::hash<mdLib::MoleculeLJ*>, std::equal_to<mdLib::MoleculeLJ*>, std::allocator<std::pair<mdLib::MoleculeLJ* const, std::vector<mdLib::MoleculeLJ*, std::allocator<mdLib::MoleculeLJ*>>>>>::at(mdLib::MoleculeLJ* const&)",unordered_map.h,0x509d1a
                  "autopas::internal::CellFunctor<autopas::ReferenceParticleCell<mdLib::MoleculeLJ>, autopas::VerletListHelpers<mdLib::MoleculeLJ>::VerletListGeneratorFunctor, (bool)1>::processCell",1.239609,1.242178,0.0,,0.0,,,,,,,,0.0,0.0,0.0,0.0,0.0,0.0,0.0,0.0,0.0,0.0,0.0,0.0,md-flexible,"autopas::internal::CellFunctor<autopas::ReferenceParticleCell<mdLib::MoleculeLJ>, autopas::VerletListHelpers<mdLib::MoleculeLJ>::VerletListGeneratorFunctor, (bool)1>::processCell(autopas::ReferenceParticleCell<mdLib::MoleculeLJ>&)",CellFunctor.h,0x553500
                   autopas::VerletListHelpers<mdLib::MoleculeLJ>::VerletListGeneratorFunctor::SoAFunctorSingle,1.239609,1.242178,0.0,,0.0,,,,,,,,0.111989,0.111989,0.0,0.0,0.0,0.0,0.0,0.0,0.0,0.0,0.0,0.0,md-flexible,"autopas::VerletListHelpers<mdLib::MoleculeLJ>::VerletListGeneratorFunctor::SoAFunctorSingle(autopas::SoAView<std::tuple<std::vector<mdLib::MoleculeLJ*, autopas::AlignedAllocator<mdLib::MoleculeLJ*, (unsigned long)64>>, std::vector<unsigned long, autopas::AlignedAllocator<unsigned long, (unsigned long)64>>, std::vector<double, autopas::AlignedAllocator<double, (unsigned long)64>>, std::vector<double, autopas::AlignedAllocator<double, (unsigned long)64>>, std::vector<double, autopas::AlignedAllocator<double, (unsigned long)64>>, std::vector<double, autopas::AlignedAllocator<double, (unsigned long)64>>, std::vector<double, autopas::AlignedAllocator<double, (unsigned long)64>>, std::vector<double, autopas::AlignedAllocator<double, (unsigned long)64>>, std::vector<double, autopas::AlignedAllocator<double, (unsigned long)64>>, std::vector<double, autopas::AlignedAllocator<double, (unsigned long)64>>, std::vector<double, autopas::AlignedAllocator<double, (unsigned long)64>>, std::vector<double, autopas::AlignedAllocator<double, (unsigned long)64>>, std::vector<double, autopas::AlignedAllocator<double, (unsigned long)64>>, std::vector<double, autopas::AlignedAllocator<double, (unsigned long)64>>, std::vector<unsigned long, autopas::AlignedAllocator<unsigned long, (unsigned long)64>>, std::vector<autopas::OwnershipState, autopas::AlignedAllocator<autopas::OwnershipState, (unsigned long)64>>>>, bool)",VerletListHelpers.h,0x50a140
                    "std::vector<mdLib::MoleculeLJ*, std::allocator<mdLib::MoleculeLJ*>>::push_back",0.258392,0.258927,0.0,,0.0,,,,,,,,0.040025,0.040025,0.0,0.0,0.0,0.0,0.0,0.0,0.0,0.0,0.0,0.0,md-flexible,"std::vector<mdLib::MoleculeLJ*, std::allocator<mdLib::MoleculeLJ*>>::push_back(mdLib::MoleculeLJ* const&)",stl_vector.h,0x50a2be
                    "std::vector<mdLib::MoleculeLJ*, std::allocator<mdLib::MoleculeLJ*>>::push_back",0.258237,0.258772,0.0,,0.0,,,,,,,,0.040001,0.040001,0.0,0.0,0.0,0.0,0.0,0.0,0.0,0.0,0.0,0.0,md-flexible,"std::vector<mdLib::MoleculeLJ*, std::allocator<mdLib::MoleculeLJ*>>::push_back(mdLib::MoleculeLJ* const&)",stl_vector.h,0x50a323
                  "autopas::internal::CellFunctor<autopas::ReferenceParticleCell<mdLib::MoleculeLJ>, autopas::VerletListHelpers<mdLib::MoleculeLJ>::VerletListGeneratorFunctor, (bool)1>::processCellPair",0.129079,0.129347,0.0,,0.0,,,,,,,,0.0,0.0,0.0,0.0,0.0,0.0,0.0,0.0,0.0,0.0,0.0,0.0,md-flexible,"autopas::internal::CellFunctor<autopas::ReferenceParticleCell<mdLib::MoleculeLJ>, autopas::VerletListHelpers<mdLib::MoleculeLJ>::VerletListGeneratorFunctor, (bool)1>::processCellPair(autopas::ReferenceParticleCell<mdLib::MoleculeLJ>&, autopas::ReferenceParticleCell<mdLib::MoleculeLJ>&, std::array<double, (unsigned long)3> const&)",CellFunctor.h,0x553da0
                   "autopas::SoA<std::tuple<std::vector<mdLib::MoleculeLJ*, autopas::AlignedAllocator<mdLib::MoleculeLJ*, (unsigned long)64>>, std::vector<unsigned long, autopas::AlignedAllocator<unsigned long, (unsigned long)64>>, std::vector<double, autopas::AlignedAllocator<double, (unsigned long)64>>, std::vector<double, autopas::AlignedAllocator<double, (unsigned long)64>>, std::vector<double, autopas::AlignedAllocator<double, (unsigned long)64>>, std::vector<double, autopas::AlignedAllocator<double, (unsigned long)64>>, std::vector<double, autopas::AlignedAllocator<double, (unsigned long)64>>, std::vector<double, autopas::AlignedAllocator<double, (unsigned long)64>>, std::vector<double, autopas::AlignedAllocator<double, (unsigned long)64>>, std::vector<double, autopas::AlignedAllocator<double, (unsigned long)64>>, std::vector<double, autopas::AlignedAllocator<double, (unsigned long)64>>, std::vector<double, autopas::AlignedAllocator<double, (unsigned long)64>>, std::vector<double, autopas::AlignedAllocator<double, (unsigned long)64>>, std::vector<double, autopas::AlignedAllocator<double, (unsigned long)64>>, std::vector<unsigned long, autopas::AlignedAllocator<unsigned long, (unsigned long)64>>, std::vector<autopas::OwnershipState, autopas::AlignedAllocator<autopas::OwnershipState, (unsigned long)64>>>>::size",0.129079,0.129347,0.0,,0.0,,,,,,,,0.0,0.0,0.0,0.0,0.0,0.0,0.0,0.0,0.0,0.0,0.0,0.0,md-flexible,"autopas::SoA<std::tuple<std::vector<mdLib::MoleculeLJ*, autopas::AlignedAllocator<mdLib::MoleculeLJ*, (unsigned long)64>>, std::vector<unsigned long, autopas::AlignedAllocator<unsigned long, (unsigned long)64>>, std::vector<double, autopas::AlignedAllocator<double, (unsigned long)64>>, std::vector<double, autopas::AlignedAllocator<double, (unsigned long)64>>, std::vector<double, autopas::AlignedAllocator<double, (unsigned long)64>>, std::vector<double, autopas::AlignedAllocator<double, (unsigned long)64>>, std::vector<double, autopas::AlignedAllocator<double, (unsigned long)64>>, std::vector<double, autopas::AlignedAllocator<double, (unsigned long)64>>, std::vector<double, autopas::AlignedAllocator<double, (unsigned long)64>>, std::vector<double, autopas::AlignedAllocator<double, (unsigned long)64>>, std::vector<double, autopas::AlignedAllocator<double, (unsigned long)64>>, std::vector<double, autopas::AlignedAllocator<double, (unsigned long)64>>, std::vector<double, autopas::AlignedAllocator<double, (unsigned long)64>>, std::vector<double, autopas::AlignedAllocator<double, (unsigned long)64>>, std::vector<unsigned long, autopas::AlignedAllocator<unsigned long, (unsigned long)64>>, std::vector<autopas::OwnershipState, autopas::AlignedAllocator<autopas::OwnershipState, (unsigned long)64>>>>::size(void) const",SoA.h,0x54c110
                    "autopas::utils::TupleUtils::for_each<std::tuple<std::vector<mdLib::MoleculeLJ*, autopas::AlignedAllocator<mdLib::MoleculeLJ*, (unsigned long)64>>, std::vector<unsigned long, autopas::AlignedAllocator<unsigned long, (unsigned long)64>>, std::vector<double, autopas::AlignedAllocator<double, (unsigned long)64>>, std::vector<double, autopas::AlignedAllocator<double, (unsigned long)64>>, std::vector<double, autopas::AlignedAllocator<double, (unsigned long)64>>, std::vector<double, autopas::AlignedAllocator<double, (unsigned long)64>>, std::vector<double, autopas::AlignedAllocator<double, (unsigned long)64>>, std::vector<double, autopas::AlignedAllocator<double, (unsigned long)64>>, std::vector<double, autopas::AlignedAllocator<double, (unsigned long)64>>, std::vector<double, autopas::AlignedAllocator<double, (unsigned long)64>>, std::vector<double, autopas::AlignedAllocator<double, (unsigned long)64>>, std::vector<double, autopas::AlignedAllocator<double, (unsigned long)64>>, std::vector<double, autopas::AlignedAllocator<double, (unsigned long)64>>, std::vector<double, autopas::AlignedAllocator<double, (unsigned long)64>>, std::vector<unsigned long, autopas::AlignedAllocator<unsigned long, (unsigned long)64>>, std::vector<autopas::OwnershipState, autopas::AlignedAllocator<autopas::OwnershipState, (unsigned long)64>>> const&, autopas::SoA<std::tuple<std::vector<mdLib::MoleculeLJ*, autopas::AlignedAllocator<mdLib::MoleculeLJ*, (unsigned long)64>>, std::vector<unsigned long, autopas::AlignedAllocator<unsigned long, (unsigned long)64>>, std::vector<double, autopas::AlignedAllocator<double, (unsigned long)64>>, std::vector<double, autopas::AlignedAllocator<double, (unsigned long)64>>, std::vector<double, autopas::AlignedAllocator<double, (unsigned long)64>>, std::vector<double, autopas::AlignedAllocator<double, (unsigned long)64>>, std::vector<double, autopas::AlignedAllocator<double, (unsigned long)64>>, std::vector<double, autopas::AlignedAllocator<double, (unsigned long)64>>, std::vector<double, autopas::AlignedAllocator<double, (unsigned long)64>>, std::vector<double, autopas::AlignedAllocator<double, (unsigned long)64>>, std::vector<double, autopas::AlignedAllocator<double, (unsigned long)64>>, std::vector<double, autopas::AlignedAllocator<double, (unsigned long)64>>, std::vector<double, autopas::AlignedAllocator<double, (unsigned long)64>>, std::vector<double, autopas::AlignedAllocator<double, (unsigned long)64>>, std::vector<unsigned long, autopas::AlignedAllocator<unsigned long, (unsigned long)64>>, std::vector<autopas::OwnershipState, autopas::AlignedAllocator<autopas::OwnershipState, (unsigned long)64>>>>::size(void) const::{lambda(std::tuple<std::vector<mdLib::MoleculeLJ*, autopas::AlignedAllocator<mdLib::MoleculeLJ*, (unsigned long)64>>, std::vector<unsigned long, autopas::AlignedAllocator<unsigned long, (unsigned long)64>>, std::vector<double, autopas::AlignedAllocator<double, (unsigned long)64>>, std::vector<double, autopas::AlignedAllocator<double, (unsigned long)64>>, std::vector<double, autopas::AlignedAllocator<double, (unsigned long)64>>, std::vector<double, autopas::AlignedAllocator<double, (unsigned long)64>>, std::vector<double, autopas::AlignedAllocator<double, (unsigned long)64>>, std::vector<double, autopas::AlignedAllocator<double, (unsigned long)64>>, std::vector<double, autopas::AlignedAllocator<double, (unsigned long)64>>, std::vector<double, autopas::AlignedAllocator<double, (unsigned long)64>>, std::vector<double, autopas::AlignedAllocator<double, (unsigned long)64>>, std::vector<double, autopas::AlignedAllocator<double, (unsigned long)64>>, std::vector<double, autopas::AlignedAllocator<double, (unsigned long)64>>, std::vector<double, autopas::AlignedAllocator<double, (unsigned long)64>>, std::vector<unsigned long, autopas::AlignedAllocator<unsigned long, (unsigned long)64>>, std::vector<autopas::OwnershipState, autopas::AlignedAllocator<autopas::OwnershipState, (unsigned long)64>>> const&&)#1}>",0.129079,0.129347,0.0,,0.0,,,,,,,,0.0,0.0,0.0,0.0,0.0,0.0,0.0,0.0,0.0,0.0,0.0,0.0,md-flexible,"autopas::utils::TupleUtils::for_each<std::tuple<std::vector<mdLib::MoleculeLJ*, autopas::AlignedAllocator<mdLib::MoleculeLJ*, (unsigned long)64>>, std::vector<unsigned long, autopas::AlignedAllocator<unsigned long, (unsigned long)64>>, std::vector<double, autopas::AlignedAllocator<double, (unsigned long)64>>, std::vector<double, autopas::AlignedAllocator<double, (unsigned long)64>>, std::vector<double, autopas::AlignedAllocator<double, (unsigned long)64>>, std::vector<double, autopas::AlignedAllocator<double, (unsigned long)64>>, std::vector<double, autopas::AlignedAllocator<double, (unsigned long)64>>, std::vector<double, autopas::AlignedAllocator<double, (unsigned long)64>>, std::vector<double, autopas::AlignedAllocator<double, (unsigned long)64>>, std::vector<double, autopas::AlignedAllocator<double, (unsigned long)64>>, std::vector<double, autopas::AlignedAllocator<double, (unsigned long)64>>, std::vector<double, autopas::AlignedAllocator<double, (unsigned long)64>>, std::vector<double, autopas::AlignedAllocator<double, (unsigned long)64>>, std::vector<double, autopas::AlignedAllocator<double, (unsigned long)64>>, std::vector<unsigned long, autopas::AlignedAllocator<unsigned long, (unsigned long)64>>, std::vector<autopas::OwnershipState, autopas::AlignedAllocator<autopas::OwnershipState, (unsigned long)64>>> const&, autopas::SoA<std::tuple<std::vector<mdLib::MoleculeLJ*, autopas::AlignedAllocator<mdLib::MoleculeLJ*, (unsigned long)64>>, std::vector<unsigned long, autopas::AlignedAllocator<unsigned long, (unsigned long)64>>, std::vector<double, autopas::AlignedAllocator<double, (unsigned long)64>>, std::vector<double, autopas::AlignedAllocator<double, (unsigned long)64>>, std::vector<double, autopas::AlignedAllocator<double, (unsigned long)64>>, std::vector<double, autopas::AlignedAllocator<double, (unsigned long)64>>, std::vector<double, autopas::AlignedAllocator<double, (unsigned long)64>>, std::vector<double, autopas::AlignedAllocator<double, (unsigned long)64>>, std::vector<double, autopas::AlignedAllocator<double, (unsigned long)64>>, std::vector<double, autopas::AlignedAllocator<double, (unsigned long)64>>, std::vector<double, autopas::AlignedAllocator<double, (unsigned long)64>>, std::vector<double, autopas::AlignedAllocator<double, (unsigned long)64>>, std::vector<double, autopas::AlignedAllocator<double, (unsigned long)64>>, std::vector<double, autopas::AlignedAllocator<double, (unsigned long)64>>, std::vector<unsigned long, autopas::AlignedAllocator<unsigned long, (unsigned long)64>>, std::vector<autopas::OwnershipState, autopas::AlignedAllocator<autopas::OwnershipState, (unsigned long)64>>>>::size(void) const::{lambda(std::tuple<std::vector<mdLib::MoleculeLJ*, autopas::AlignedAllocator<mdLib::MoleculeLJ*, (unsigned long)64>>, std::vector<unsigned long, autopas::AlignedAllocator<unsigned long, (unsigned long)64>>, std::vector<double, autopas::AlignedAllocator<double, (unsigned long)64>>, std::vector<double, autopas::AlignedAllocator<double, (unsigned long)64>>, std::vector<double, autopas::AlignedAllocator<double, (unsigned long)64>>, std::vector<double, autopas::AlignedAllocator<double, (unsigned long)64>>, std::vector<double, autopas::AlignedAllocator<double, (unsigned long)64>>, std::vector<double, autopas::AlignedAllocator<double, (unsigned long)64>>, std::vector<double, autopas::AlignedAllocator<double, (unsigned long)64>>, std::vector<double, autopas::AlignedAllocator<double, (unsigned long)64>>, std::vector<double, autopas::AlignedAllocator<double, (unsigned long)64>>, std::vector<double, autopas::AlignedAllocator<double, (unsigned long)64>>, std::vector<double, autopas::AlignedAllocator<double, (unsigned long)64>>, std::vector<double, autopas::AlignedAllocator<double, (unsigned long)64>>, std::vector<unsigned long, autopas::AlignedAllocator<unsigned long, (unsigned long)64>>, std::vector<autopas::OwnershipState, autopas::AlignedAllocator<autopas::OwnershipState, (unsigned long)64>>> const&&)#1}>(std::tuple<std::vector<mdLib::MoleculeLJ*, autopas::AlignedAllocator<mdLib::MoleculeLJ*, (unsigned long)64>>, std::vector<unsigned long, autopas::AlignedAllocator<unsigned long, (unsigned long)64>>, std::vector<double, autopas::AlignedAllocator<double, (unsigned long)64>>, std::vector<double, autopas::AlignedAllocator<double, (unsigned long)64>>, std::vector<double, autopas::AlignedAllocator<double, (unsigned long)64>>, std::vector<double, autopas::AlignedAllocator<double, (unsigned long)64>>, std::vector<double, autopas::AlignedAllocator<double, (unsigned long)64>>, std::vector<double, autopas::AlignedAllocator<double, (unsigned long)64>>, std::vector<double, autopas::AlignedAllocator<double, (unsigned long)64>>, std::vector<double, autopas::AlignedAllocator<double, (unsigned long)64>>, std::vector<double, autopas::AlignedAllocator<double, (unsigned long)64>>, std::vector<double, autopas::AlignedAllocator<double, (unsigned long)64>>, std::vector<double, autopas::AlignedAllocator<double, (unsigned long)64>>, std::vector<double, autopas::AlignedAllocator<double, (unsigned long)64>>, std::vector<unsigned long, autopas::AlignedAllocator<unsigned long, (unsigned long)64>>, std::vector<autopas::OwnershipState, autopas::AlignedAllocator<autopas::OwnershipState, (unsigned long)64>>> const&&&, autopas::SoA<std::tuple<std::vector<mdLib::MoleculeLJ*, autopas::AlignedAllocator<mdLib::MoleculeLJ*, (unsigned long)64>>, std::vector<unsigned long, autopas::AlignedAllocator<unsigned long, (unsigned long)64>>, std::vector<double, autopas::AlignedAllocator<double, (unsigned long)64>>, std::vector<double, autopas::AlignedAllocator<double, (unsigned long)64>>, std::vector<double, autopas::AlignedAllocator<double, (unsigned long)64>>, std::vector<double, autopas::AlignedAllocator<double, (unsigned long)64>>, std::vector<double, autopas::AlignedAllocator<double, (unsigned long)64>>, std::vector<double, autopas::AlignedAllocator<double, (unsigned long)64>>, std::vector<double, autopas::AlignedAllocator<double, (unsigned long)64>>, std::vector<double, autopas::AlignedAllocator<double, (unsigned long)64>>, std::vector<double, autopas::AlignedAllocator<double, (unsigned long)64>>, std::vector<double, autopas::AlignedAllocator<double, (unsigned long)64>>, std::vector<double, autopas::AlignedAllocator<double, (unsigned long)64>>, std::vector<double, autopas::AlignedAllocator<double, (unsigned long)64>>, std::vector<unsigned long, autopas::AlignedAllocator<unsigned long, (unsigned long)64>>, std::vector<autopas::OwnershipState, autopas::AlignedAllocator<autopas::OwnershipState, (unsigned long)64>>>>::size(void) const::{lambda(std::tuple<std::vector<mdLib::MoleculeLJ*, autopas::AlignedAllocator<mdLib::MoleculeLJ*, (unsigned long)64>>, std::vector<unsigned long, autopas::AlignedAllocator<unsigned long, (unsigned long)64>>, std::vector<double, autopas::AlignedAllocator<double, (unsigned long)64>>, std::vector<double, autopas::AlignedAllocator<double, (unsigned long)64>>, std::vector<double, autopas::AlignedAllocator<double, (unsigned long)64>>, std::vector<double, autopas::AlignedAllocator<double, (unsigned long)64>>, std::vector<double, autopas::AlignedAllocator<double, (unsigned long)64>>, std::vector<double, autopas::AlignedAllocator<double, (unsigned long)64>>, std::vector<double, autopas::AlignedAllocator<double, (unsigned long)64>>, std::vector<double, autopas::AlignedAllocator<double, (unsigned long)64>>, std::vector<double, autopas::AlignedAllocator<double, (unsigned long)64>>, std::vector<double, autopas::AlignedAllocator<double, (unsigned long)64>>, std::vector<double, autopas::AlignedAllocator<double, (unsigned long)64>>, std::vector<double, autopas::AlignedAllocator<double, (unsigned long)64>>, std::vector<unsigned long, autopas::AlignedAllocator<unsigned long, (unsigned long)64>>, std::vector<autopas::OwnershipState, autopas::AlignedAllocator<autopas::OwnershipState, (unsigned long)64>>> const&&)#1}&&)",TupleUtils.h,0x54c110
                     "std::apply<autopas::utils::TupleUtils::for_each<std::tuple<std::vector<mdLib::MoleculeLJ*, autopas::AlignedAllocator<mdLib::MoleculeLJ*, (unsigned long)64>>, std::vector<unsigned long, autopas::AlignedAllocator<unsigned long, (unsigned long)64>>, std::vector<double, autopas::AlignedAllocator<double, (unsigned long)64>>, std::vector<double, autopas::AlignedAllocator<double, (unsigned long)64>>, std::vector<double, autopas::AlignedAllocator<double, (unsigned long)64>>, std::vector<double, autopas::AlignedAllocator<double, (unsigned long)64>>, std::vector<double, autopas::AlignedAllocator<double, (unsigned long)64>>, std::vector<double, autopas::AlignedAllocator<double, (unsigned long)64>>, std::vector<double, autopas::AlignedAllocator<double, (unsigned long)64>>, std::vector<double, autopas::AlignedAllocator<double, (unsigned long)64>>, std::vector<double, autopas::AlignedAllocator<double, (unsigned long)64>>, std::vector<double, autopas::AlignedAllocator<double, (unsigned long)64>>, std::vector<double, autopas::AlignedAllocator<double, (unsigned long)64>>, std::vector<double, autopas::AlignedAllocator<double, (unsigned long)64>>, std::vector<unsigned long, autopas::AlignedAllocator<unsigned long, (unsigned long)64>>, std::vector<autopas::OwnershipState, autopas::AlignedAllocator<autopas::OwnershipState, (unsigned long)64>>> const&, autopas::SoA<std::tuple<std::vector<mdLib::MoleculeLJ*, autopas::AlignedAllocator<mdLib::MoleculeLJ*, (unsigned long)64>>, std::vector<unsigned long, autopas::AlignedAllocator<unsigned long, (unsigned long)64>>, std::vector<double, autopas::AlignedAllocator<double, (unsigned long)64>>, std::vector<double, autopas::AlignedAllocator<double, (unsigned long)64>>, std::vector<double, autopas::AlignedAllocator<double, (unsigned long)64>>, std::vector<double, autopas::AlignedAllocator<double, (unsigned long)64>>, std::vector<double, autopas::AlignedAllocator<double, (unsigned long)64>>, std::vector<double, autopas::AlignedAllocator<double, (unsigned long)64>>, std::vector<double, autopas::AlignedAllocator<double, (unsigned long)64>>, std::vector<double, autopas::AlignedAllocator<double, (unsigned long)64>>, std::vector<double, autopas::AlignedAllocator<double, (unsigned long)64>>, std::vector<double, autopas::AlignedAllocator<double, (unsigned long)64>>, std::vector<double, autopas::AlignedAllocator<double, (unsigned long)64>>, std::vector<double, autopas::AlignedAllocator<double, (unsigned long)64>>, std::vector<unsigned long, autopas::AlignedAllocator<unsigned long, (unsigned long)64>>, std::vector<autopas::OwnershipState, autopas::AlignedAllocator<autopas::OwnershipState, (unsigned long)64>>>>::size(void) const::{lambda(std::tuple<std::vector<mdLib::MoleculeLJ*, autopas::AlignedAllocator<mdLib::MoleculeLJ*, (unsigned long)64>>, std::vector<unsigned long, autopas::AlignedAllocator<unsigned long, (unsigned long)64>>, std::vector<double, autopas::AlignedAllocator<double, (unsigned long)64>>, std::vector<double, autopas::AlignedAllocator<double, (unsigned long)64>>, std::vector<double, autopas::AlignedAllocator<double, (unsigned long)64>>, std::vector<double, autopas::AlignedAllocator<double, (unsigned long)64>>, std::vector<double, autopas::AlignedAllocator<double, (unsigned long)64>>, std::vector<double, autopas::AlignedAllocator<double, (unsigned long)64>>, std::vector<double, autopas::AlignedAllocator<double, (unsigned long)64>>, std::vector<double, autopas::AlignedAllocator<double, (unsigned long)64>>, std::vector<double, autopas::AlignedAllocator<double, (unsigned long)64>>, std::vector<double, autopas::AlignedAllocator<double, (unsigned long)64>>, std::vector<double, autopas::AlignedAllocator<double, (unsigned long)64>>, std::vector<double, autopas::AlignedAllocator<double, (unsigned long)64>>, std::vector<unsigned long, autopas::AlignedAllocator<unsigned long, (unsigned long)64>>, std::vector<autopas::OwnershipState, autopas::AlignedAllocator<autopas::OwnershipState, (unsigned long)64>>> const&&)#1}>(void, std::tuple<std::vector<mdLib::MoleculeLJ*, autopas::AlignedAllocator<mdLib::MoleculeLJ*, (unsigned long)64>>, std::vector<unsigned long, autopas::AlignedAllocator<unsigned long, (unsigned long)64>>, std::vector<double, autopas::AlignedAllocator<double, (unsigned long)64>>, std::vector<double, autopas::AlignedAllocator<double, (unsigned long)64>>, std::vector<double, autopas::AlignedAllocator<double, (unsigned long)64>>, std::vector<double, autopas::AlignedAllocator<double, (unsigned long)64>>, std::vector<double, autopas::AlignedAllocator<double, (unsigned long)64>>, std::vector<double, autopas::AlignedAllocator<double, (unsigned long)64>>, std::vector<double, autopas::AlignedAllocator<double, (unsigned long)64>>, std::vector<double, autopas::AlignedAllocator<double, (unsigned long)64>>, std::vector<double, autopas::AlignedAllocator<double, (unsigned long)64>>, std::vector<double, autopas::AlignedAllocator<double, (unsigned long)64>>, std::vector<double, autopas::AlignedAllocator<double, (unsigned long)64>>, std::vector<double, autopas::AlignedAllocator<double, (unsigned long)64>>, std::vector<unsigned long, autopas::AlignedAllocator<unsigned long, (unsigned long)64>>, std::vector<autopas::OwnershipState, autopas::AlignedAllocator<autopas::OwnershipState, (unsigned long)64>>> const&&&, autopas::SoA<std::tuple<std::vector<mdLib::MoleculeLJ*, autopas::AlignedAllocator<mdLib::MoleculeLJ*, (unsigned long)64>>, std::vector<unsigned long, autopas::AlignedAllocator<unsigned long, (unsigned long)64>>, std::vector<double, autopas::AlignedAllocator<double, (unsigned long)64>>, std::vector<double, autopas::AlignedAllocator<double, (unsigned long)64>>, std::vector<double, autopas::AlignedAllocator<double, (unsigned long)64>>, std::vector<double, autopas::AlignedAllocator<double, (unsigned long)64>>, std::vector<double, autopas::AlignedAllocator<double, (unsigned long)64>>, std::vector<double, autopas::AlignedAllocator<double, (unsigned long)64>>, std::vector<double, autopas::AlignedAllocator<double, (unsigned long)64>>, std::vector<double, autopas::AlignedAllocator<double, (unsigned long)64>>, std::vector<double, autopas::AlignedAllocator<double, (unsigned long)64>>, std::vector<double, autopas::AlignedAllocator<double, (unsigned long)64>>, std::vector<double, autopas::AlignedAllocator<double, (unsigned long)64>>, std::vector<double, autopas::AlignedAllocator<double, (unsigned long)64>>, std::vector<unsigned long, autopas::AlignedAllocator<unsigned long, (unsigned long)64>>, std::vector<autopas::OwnershipState, autopas::AlignedAllocator<autopas::OwnershipState, (unsigned long)64>>>>::size(void) const::{lambda(std::tuple<std::vector<mdLib::MoleculeLJ*, autopas::AlignedAllocator<mdLib::MoleculeLJ*, (unsigned long)64>>, std::vector<unsigned long, autopas::AlignedAllocator<unsigned long, (unsigned long)64>>, std::vector<double, autopas::AlignedAllocator<double, (unsigned long)64>>, std::vector<double, autopas::AlignedAllocator<double, (unsigned long)64>>, std::vector<double, autopas::AlignedAllocator<double, (unsigned long)64>>, std::vector<double, autopas::AlignedAllocator<double, (unsigned long)64>>, std::vector<double, autopas::AlignedAllocator<double, (unsigned long)64>>, std::vector<double, autopas::AlignedAllocator<double, (unsigned long)64>>, std::vector<double, autopas::AlignedAllocator<double, (unsigned long)64>>, std::vector<double, autopas::AlignedAllocator<double, (unsigned long)64>>, std::vector<double, autopas::AlignedAllocator<double, (unsigned long)64>>, std::vector<double, autopas::AlignedAllocator<double, (unsigned long)64>>, std::vector<double, autopas::AlignedAllocator<double, (unsigned long)64>>, std::vector<double, autopas::AlignedAllocator<double, (unsigned long)64>>, std::vector<unsigned long, autopas::AlignedAllocator<unsigned long, (unsigned long)64>>, std::vector<autopas::OwnershipState, autopas::AlignedAllocator<autopas::OwnershipState, (unsigned long)64>>> const&&)#1}&&)::{lambda(std::tuple<std::vector<mdLib::MoleculeLJ*, autopas::AlignedAllocator<mdLib::MoleculeLJ*, (unsigned long)64>>, std::vector<unsigned long, autopas::AlignedAllocator<unsigned long, (unsigned long)64>>, std::vector<double, autopas::AlignedAllocator<double, (unsigned long)64>>, std::vector<double, autopas::AlignedAllocator<double, (unsigned long)64>>, std::vector<double, autopas::AlignedAllocator<double, (unsigned long)64>>, std::vector<double, autopas::AlignedAllocator<double, (unsigned long)64>>, std::vector<double, autopas::AlignedAllocator<double, (unsigned long)64>>, std::vector<double, autopas::AlignedAllocator<double, (unsigned long)64>>, std::vector<double, autopas::AlignedAllocator<double, (unsigned long)64>>, std::vector<double, autopas::AlignedAllocator<double, (unsigned long)64>>, std::vector<double, autopas::AlignedAllocator<double, (unsigned long)64>>, std::vector<double, autopas::AlignedAllocator<double, (unsigned long)64>>, std::vector<double, autopas::AlignedAllocator<double, (unsigned long)64>>, std::vector<double, autopas::AlignedAllocator<double, (unsigned long)64>>, std::vector<unsigned long, autopas::AlignedAllocator<unsigned long, (unsigned long)64>>, std::vector<autopas::OwnershipState, autopas::AlignedAllocator<autopas::OwnershipState, (unsigned long)64>>> const&&)#1}, std::tuple<std::vector<mdLib::MoleculeLJ*, autopas::AlignedAllocator<mdLib::MoleculeLJ*, (unsigned long)64>>, std::vector<unsigned long, autopas::AlignedAllocator<unsigned long, (unsigned long)64>>, std::vector<double, autopas::AlignedAllocator<double, (unsigned long)64>>, std::vector<double, autopas::AlignedAllocator<double, (unsigned long)64>>, std::vector<double, autopas::AlignedAllocator<double, (unsigned long)64>>, std::vector<double, autopas::AlignedAllocator<double, (unsigned long)64>>, std::vector<double, autopas::AlignedAllocator<double, (unsigned long)64>>, std::vector<double, autopas::AlignedAllocator<double, (unsigned long)64>>, std::vector<double, autopas::AlignedAllocator<double, (unsigned long)64>>, std::vector<double, autopas::AlignedAllocator<double, (unsigned long)64>>, std::vector<double, autopas::AlignedAllocator<double, (unsigned long)64>>, std::vector<double, autopas::AlignedAllocator<double, (unsigned long)64>>, std::vector<double, autopas::AlignedAllocator<double, (unsigned long)64>>, std::vector<double, autopas::AlignedAllocator<double, (unsigned long)64>>, std::vector<unsigned long, autopas::AlignedAllocator<unsigned long, (unsigned long)64>>, std::vector<autopas::OwnershipState, autopas::AlignedAllocator<autopas::OwnershipState, (unsigned long)64>>> const&>",0.129079,0.129347,0.0,,0.0,,,,,,,,0.0,0.0,0.0,0.0,0.0,0.0,0.0,0.0,0.0,0.0,0.0,0.0,md-flexible,"std::apply<autopas::utils::TupleUtils::for_each<std::tuple<std::vector<mdLib::MoleculeLJ*, autopas::AlignedAllocator<mdLib::MoleculeLJ*, (unsigned long)64>>, std::vector<unsigned long, autopas::AlignedAllocator<unsigned long, (unsigned long)64>>, std::vector<double, autopas::AlignedAllocator<double, (unsigned long)64>>, std::vector<double, autopas::AlignedAllocator<double, (unsigned long)64>>, std::vector<double, autopas::AlignedAllocator<double, (unsigned long)64>>, std::vector<double, autopas::AlignedAllocator<double, (unsigned long)64>>, std::vector<double, autopas::AlignedAllocator<double, (unsigned long)64>>, std::vector<double, autopas::AlignedAllocator<double, (unsigned long)64>>, std::vector<double, autopas::AlignedAllocator<double, (unsigned long)64>>, std::vector<double, autopas::AlignedAllocator<double, (unsigned long)64>>, std::vector<double, autopas::AlignedAllocator<double, (unsigned long)64>>, std::vector<double, autopas::AlignedAllocator<double, (unsigned long)64>>, std::vector<double, autopas::AlignedAllocator<double, (unsigned long)64>>, std::vector<double, autopas::AlignedAllocator<double, (unsigned long)64>>, std::vector<unsigned long, autopas::AlignedAllocator<unsigned long, (unsigned long)64>>, std::vector<autopas::OwnershipState, autopas::AlignedAllocator<autopas::OwnershipState, (unsigned long)64>>> const&, autopas::SoA<std::tuple<std::vector<mdLib::MoleculeLJ*, autopas::AlignedAllocator<mdLib::MoleculeLJ*, (unsigned long)64>>, std::vector<unsigned long, autopas::AlignedAllocator<unsigned long, (unsigned long)64>>, std::vector<double, autopas::AlignedAllocator<double, (unsigned long)64>>, std::vector<double, autopas::AlignedAllocator<double, (unsigned long)64>>, std::vector<double, autopas::AlignedAllocator<double, (unsigned long)64>>, std::vector<double, autopas::AlignedAllocator<double, (unsigned long)64>>, std::vector<double, autopas::AlignedAllocator<double, (unsigned long)64>>, std::vector<double, autopas::AlignedAllocator<double, (unsigned long)64>>, std::vector<double, autopas::AlignedAllocator<double, (unsigned long)64>>, std::vector<double, autopas::AlignedAllocator<double, (unsigned long)64>>, std::vector<double, autopas::AlignedAllocator<double, (unsigned long)64>>, std::vector<double, autopas::AlignedAllocator<double, (unsigned long)64>>, std::vector<double, autopas::AlignedAllocator<double, (unsigned long)64>>, std::vector<double, autopas::AlignedAllocator<double, (unsigned long)64>>, std::vector<unsigned long, autopas::AlignedAllocator<unsigned long, (unsigned long)64>>, std::vector<autopas::OwnershipState, autopas::AlignedAllocator<autopas::OwnershipState, (unsigned long)64>>>>::size(void) const::{lambda(std::tuple<std::vector<mdLib::MoleculeLJ*, autopas::AlignedAllocator<mdLib::MoleculeLJ*, (unsigned long)64>>, std::vector<unsigned long, autopas::AlignedAllocator<unsigned long, (unsigned long)64>>, std::vector<double, autopas::AlignedAllocator<double, (unsigned long)64>>, std::vector<double, autopas::AlignedAllocator<double, (unsigned long)64>>, std::vector<double, autopas::AlignedAllocator<double, (unsigned long)64>>, std::vector<double, autopas::AlignedAllocator<double, (unsigned long)64>>, std::vector<double, autopas::AlignedAllocator<double, (unsigned long)64>>, std::vector<double, autopas::AlignedAllocator<double, (unsigned long)64>>, std::vector<double, autopas::AlignedAllocator<double, (unsigned long)64>>, std::vector<double, autopas::AlignedAllocator<double, (unsigned long)64>>, std::vector<double, autopas::AlignedAllocator<double, (unsigned long)64>>, std::vector<double, autopas::AlignedAllocator<double, (unsigned long)64>>, std::vector<double, autopas::AlignedAllocator<double, (unsigned long)64>>, std::vector<double, autopas::AlignedAllocator<double, (unsigned long)64>>, std::vector<unsigned long, autopas::AlignedAllocator<unsigned long, (unsigned long)64>>, std::vector<autopas::OwnershipState, autopas::AlignedAllocator<autopas::OwnershipState, (unsigned long)64>>> const&&)#1}>(void, std::tuple<std::vector<mdLib::MoleculeLJ*, autopas::AlignedAllocator<mdLib::MoleculeLJ*, (unsigned long)64>>, std::vector<unsigned long, autopas::AlignedAllocator<unsigned long, (unsigned long)64>>, std::vector<double, autopas::AlignedAllocator<double, (unsigned long)64>>, std::vector<double, autopas::AlignedAllocator<double, (unsigned long)64>>, std::vector<double, autopas::AlignedAllocator<double, (unsigned long)64>>, std::vector<double, autopas::AlignedAllocator<double, (unsigned long)64>>, std::vector<double, autopas::AlignedAllocator<double, (unsigned long)64>>, std::vector<double, autopas::AlignedAllocator<double, (unsigned long)64>>, std::vector<double, autopas::AlignedAllocator<double, (unsigned long)64>>, std::vector<double, autopas::AlignedAllocator<double, (unsigned long)64>>, std::vector<double, autopas::AlignedAllocator<double, (unsigned long)64>>, std::vector<double, autopas::AlignedAllocator<double, (unsigned long)64>>, std::vector<double, autopas::AlignedAllocator<double, (unsigned long)64>>, std::vector<double, autopas::AlignedAllocator<double, (unsigned long)64>>, std::vector<unsigned long, autopas::AlignedAllocator<unsigned long, (unsigned long)64>>, std::vector<autopas::OwnershipState, autopas::AlignedAllocator<autopas::OwnershipState, (unsigned long)64>>> const&&&, autopas::SoA<std::tuple<std::vector<mdLib::MoleculeLJ*, autopas::AlignedAllocator<mdLib::MoleculeLJ*, (unsigned long)64>>, std::vector<unsigned long, autopas::AlignedAllocator<unsigned long, (unsigned long)64>>, std::vector<double, autopas::AlignedAllocator<double, (unsigned long)64>>, std::vector<double, autopas::AlignedAllocator<double, (unsigned long)64>>, std::vector<double, autopas::AlignedAllocator<double, (unsigned long)64>>, std::vector<double, autopas::AlignedAllocator<double, (unsigned long)64>>, std::vector<double, autopas::AlignedAllocator<double, (unsigned long)64>>, std::vector<double, autopas::AlignedAllocator<double, (unsigned long)64>>, std::vector<double, autopas::AlignedAllocator<double, (unsigned long)64>>, std::vector<double, autopas::AlignedAllocator<double, (unsigned long)64>>, std::vector<double, autopas::AlignedAllocator<double, (unsigned long)64>>, std::vector<double, autopas::AlignedAllocator<double, (unsigned long)64>>, std::vector<double, autopas::AlignedAllocator<double, (unsigned long)64>>, std::vector<double, autopas::AlignedAllocator<double, (unsigned long)64>>, std::vector<unsigned long, autopas::AlignedAllocator<unsigned long, (unsigned long)64>>, std::vector<autopas::OwnershipState, autopas::AlignedAllocator<autopas::OwnershipState, (unsigned long)64>>>>::size(void) const::{lambda(std::tuple<std::vector<mdLib::MoleculeLJ*, autopas::AlignedAllocator<mdLib::MoleculeLJ*, (unsigned long)64>>, std::vector<unsigned long, autopas::AlignedAllocator<unsigned long, (unsigned long)64>>, std::vector<double, autopas::AlignedAllocator<double, (unsigned long)64>>, std::vector<double, autopas::AlignedAllocator<double, (unsigned long)64>>, std::vector<double, autopas::AlignedAllocator<double, (unsigned long)64>>, std::vector<double, autopas::AlignedAllocator<double, (unsigned long)64>>, std::vector<double, autopas::AlignedAllocator<double, (unsigned long)64>>, std::vector<double, autopas::AlignedAllocator<double, (unsigned long)64>>, std::vector<double, autopas::AlignedAllocator<double, (unsigned long)64>>, std::vector<double, autopas::AlignedAllocator<double, (unsigned long)64>>, std::vector<double, autopas::AlignedAllocator<double, (unsigned long)64>>, std::vector<double, autopas::AlignedAllocator<double, (unsigned long)64>>, std::vector<double, autopas::AlignedAllocator<double, (unsigned long)64>>, std::vector<double, autopas::AlignedAllocator<double, (unsigned long)64>>, std::vector<unsigned long, autopas::AlignedAllocator<unsigned long, (unsigned long)64>>, std::vector<autopas::OwnershipState, autopas::AlignedAllocator<autopas::OwnershipState, (unsigned long)64>>> const&&)#1}&&)::{lambda(std::tuple<std::vector<mdLib::MoleculeLJ*, autopas::AlignedAllocator<mdLib::MoleculeLJ*, (unsigned long)64>>, std::vector<unsigned long, autopas::AlignedAllocator<unsigned long, (unsigned long)64>>, std::vector<double, autopas::AlignedAllocator<double, (unsigned long)64>>, std::vector<double, autopas::AlignedAllocator<double, (unsigned long)64>>, std::vector<double, autopas::AlignedAllocator<double, (unsigned long)64>>, std::vector<double, autopas::AlignedAllocator<double, (unsigned long)64>>, std::vector<double, autopas::AlignedAllocator<double, (unsigned long)64>>, std::vector<double, autopas::AlignedAllocator<double, (unsigned long)64>>, std::vector<double, autopas::AlignedAllocator<double, (unsigned long)64>>, std::vector<double, autopas::AlignedAllocator<double, (unsigned long)64>>, std::vector<double, autopas::AlignedAllocator<double, (unsigned long)64>>, std::vector<double, autopas::AlignedAllocator<double, (unsigned long)64>>, std::vector<double, autopas::AlignedAllocator<double, (unsigned long)64>>, std::vector<double, autopas::AlignedAllocator<double, (unsigned long)64>>, std::vector<unsigned long, autopas::AlignedAllocator<unsigned long, (unsigned long)64>>, std::vector<autopas::OwnershipState, autopas::AlignedAllocator<autopas::OwnershipState, (unsigned long)64>>> const&&)#1}, std::tuple<std::vector<mdLib::MoleculeLJ*, autopas::AlignedAllocator<mdLib::MoleculeLJ*, (unsigned long)64>>, std::vector<unsigned long, autopas::AlignedAllocator<unsigned long, (unsigned long)64>>, std::vector<double, autopas::AlignedAllocator<double, (unsigned long)64>>, std::vector<double, autopas::AlignedAllocator<double, (unsigned long)64>>, std::vector<double, autopas::AlignedAllocator<double, (unsigned long)64>>, std::vector<double, autopas::AlignedAllocator<double, (unsigned long)64>>, std::vector<double, autopas::AlignedAllocator<double, (unsigned long)64>>, std::vector<double, autopas::AlignedAllocator<double, (unsigned long)64>>, std::vector<double, autopas::AlignedAllocator<double, (unsigned long)64>>, std::vector<double, autopas::AlignedAllocator<double, (unsigned long)64>>, std::vector<double, autopas::AlignedAllocator<double, (unsigned long)64>>, std::vector<double, autopas::AlignedAllocator<double, (unsigned long)64>>, std::vector<double, autopas::AlignedAllocator<double, (unsigned long)64>>, std::vector<double, autopas::AlignedAllocator<double, (unsigned long)64>>, std::vector<unsigned long, autopas::AlignedAllocator<unsigned long, (unsigned long)64>>, std::vector<autopas::OwnershipState, autopas::AlignedAllocator<autopas::OwnershipState, (unsigned long)64>>> const&>(char, std::tuple<std::vector<mdLib::MoleculeLJ*, autopas::AlignedAllocator<mdLib::MoleculeLJ*, (unsigned long)64>>, std::vector<unsigned long, autopas::AlignedAllocator<unsigned long, (unsigned long)64>>, std::vector<double, autopas::AlignedAllocator<double, (unsigned long)64>>, std::vector<double, autopas::AlignedAllocator<double, (unsigned long)64>>, std::vector<double, autopas::AlignedAllocator<double, (unsigned long)64>>, std::vector<double, autopas::AlignedAllocator<double, (unsigned long)64>>, std::vector<double, autopas::AlignedAllocator<double, (unsigned long)64>>, std::vector<double, autopas::AlignedAllocator<double, (unsigned long)64>>, std::vector<double, autopas::AlignedAllocator<double, (unsigned long)64>>, std::vector<double, autopas::AlignedAllocator<double, (unsigned long)64>>, std::vector<double, autopas::AlignedAllocator<double, (unsigned long)64>>, std::vector<double, autopas::AlignedAllocator<double, (unsigned long)64>>, std::vector<double, autopas::AlignedAllocator<double, (unsigned long)64>>, std::vector<double, autopas::AlignedAllocator<double, (unsigned long)64>>, std::vector<unsigned long, autopas::AlignedAllocator<unsigned long, (unsigned long)64>>, std::vector<autopas::OwnershipState, autopas::AlignedAllocator<autopas::OwnershipState, (unsigned long)64>>> const&&&, autopas::SoA<std::tuple<std::vector<mdLib::MoleculeLJ*, autopas::AlignedAllocator<mdLib::MoleculeLJ*, (unsigned long)64>>, std::vector<unsigned long, autopas::AlignedAllocator<unsigned long, (unsigned long)64>>, std::vector<double, autopas::AlignedAllocator<double, (unsigned long)64>>, std::vector<double, autopas::AlignedAllocator<double, (unsigned long)64>>, std::vector<double, autopas::AlignedAllocator<double, (unsigned long)64>>, std::vector<double, autopas::AlignedAllocator<double, (unsigned long)64>>, std::vector<double, autopas::AlignedAllocator<double, (unsigned long)64>>, std::vector<double, autopas::AlignedAllocator<double, (unsigned long)64>>, std::vector<double, autopas::AlignedAllocator<double, (unsigned long)64>>, std::vector<double, autopas::AlignedAllocator<double, (unsigned long)64>>, std::vector<double, autopas::AlignedAllocator<double, (unsigned long)64>>, std::vector<double, autopas::AlignedAllocator<double, (unsigned long)64>>, std::vector<double, autopas::AlignedAllocator<double, (unsigned long)64>>, std::vector<double, autopas::AlignedAllocator<double, (unsigned long)64>>, std::vector<unsigned long, autopas::AlignedAllocator<unsigned long, (unsigned long)64>>, std::vector<autopas::OwnershipState, autopas::AlignedAllocator<autopas::OwnershipState, (unsigned long)64>>>>::size(void) const::{lambda(std::tuple<std::vector<mdLib::MoleculeLJ*, autopas::AlignedAllocator<mdLib::MoleculeLJ*, (unsigned long)64>>, std::vector<unsigned long, autopas::AlignedAllocator<unsigned long, (unsigned long)64>>, std::vector<double, autopas::AlignedAllocator<double, (unsigned long)64>>, std::vector<double, autopas::AlignedAllocator<double, (unsigned long)64>>, std::vector<double, autopas::AlignedAllocator<double, (unsigned long)64>>, std::vector<double, autopas::AlignedAllocator<double, (unsigned long)64>>, std::vector<double, autopas::AlignedAllocator<double, (unsigned long)64>>, std::vector<double, autopas::AlignedAllocator<double, (unsigned long)64>>, std::vector<double, autopas::AlignedAllocator<double, (unsigned long)64>>, std::vector<double, autopas::AlignedAllocator<double, (unsigned long)64>>, std::vector<double, autopas::AlignedAllocator<double, (unsigned long)64>>, std::vector<double, autopas::AlignedAllocator<double, (unsigned long)64>>, std::vector<double, autopas::AlignedAllocator<double, (unsigned long)64>>, std::vector<double, autopas::AlignedAllocator<double, (unsigned long)64>>, std::vector<unsigned long, autopas::AlignedAllocator<unsigned long, (unsigned long)64>>, std::vector<autopas::OwnershipState, autopas::AlignedAllocator<autopas::OwnershipState, (unsigned long)64>>> const&&)#1}&&)",tuple,0x54c110
                      _ZSt12__apply_implIZN7autopas5utils10TupleUtils8for_eachIRKSt5tupleIJSt6vectorIPN5mdLib10MoleculeLJENS0_16AlignedAllocatorIS8_Lm64EEEES5_ImNS9_ImLm64EEEES5_IdNS9_IdLm64EEEESF_SF_SF_SF_SF_SF_SF_SF_SF_SF_SF_SD_S5_INS0_14OwnershipStateENS9_ISG_Lm64EEEEEEZNKS0_3SoAISJ_E4sizeEvEUlRT_E_EEvOSO_OT0_EUlDpRT_E_SL_JLm0ELm1ELm2ELm3ELm4ELm5ELm6ELm7ELm8ELm9ELm10ELm11ELm12ELm13ELm14ELm15EEEDcSR_ST_St16integer_sequenceImJXspT1_EEE,0.129079,0.129347,0.0,,0.0,,,,,,,,0.0,0.0,0.0,0.0,0.0,0.0,0.0,0.0,0.0,0.0,0.0,0.0,md-flexible,_ZSt12__apply_implIZN7autopas5utils10TupleUtils8for_eachIRKSt5tupleIJSt6vectorIPN5mdLib10MoleculeLJENS0_16AlignedAllocatorIS8_Lm64EEEES5_ImNS9_ImLm64EEEES5_IdNS9_IdLm64EEEESF_SF_SF_SF_SF_SF_SF_SF_SF_SF_SF_SD_S5_INS0_14OwnershipStateENS9_ISG_Lm64EEEEEEZNKS0_3SoAISJ_E4sizeEvEUlRT_E_EEvOSO_OT0_EUlDpRT_E_SL_JLm0ELm1ELm2ELm3ELm4ELm5ELm6ELm7ELm8ELm9ELm10ELm11ELm12ELm13ELm14ELm15EEEDcSR_ST_St16integer_sequenceImJXspT1_EEE,tuple,0x54c110
                       "std::__invoke<autopas::utils::TupleUtils::for_each<std::tuple<std::vector<mdLib::MoleculeLJ*, autopas::AlignedAllocator<mdLib::MoleculeLJ*, (unsigned long)64>>, std::vector<unsigned long, autopas::AlignedAllocator<unsigned long, (unsigned long)64>>, std::vector<double, autopas::AlignedAllocator<double, (unsigned long)64>>, std::vector<double, autopas::AlignedAllocator<double, (unsigned long)64>>, std::vector<double, autopas::AlignedAllocator<double, (unsigned long)64>>, std::vector<double, autopas::AlignedAllocator<double, (unsigned long)64>>, std::vector<double, autopas::AlignedAllocator<double, (unsigned long)64>>, std::vector<double, autopas::AlignedAllocator<double, (unsigned long)64>>, std::vector<double, autopas::AlignedAllocator<double, (unsigned long)64>>, std::vector<double, autopas::AlignedAllocator<double, (unsigned long)64>>, std::vector<double, autopas::AlignedAllocator<double, (unsigned long)64>>, std::vector<double, autopas::AlignedAllocator<double, (unsigned long)64>>, std::vector<double, autopas::AlignedAllocator<double, (unsigned long)64>>, std::vector<double, autopas::AlignedAllocator<double, (unsigned long)64>>, std::vector<unsigned long, autopas::AlignedAllocator<unsigned long, (unsigned long)64>>, std::vector<autopas::OwnershipState, autopas::AlignedAllocator<autopas::OwnershipState, (unsigned long)64>>> const&, autopas::SoA<std::tuple<std::vector<mdLib::MoleculeLJ*, autopas::AlignedAllocator<mdLib::MoleculeLJ*, (unsigned long)64>>, std::vector<unsigned long, autopas::AlignedAllocator<unsigned long, (unsigned long)64>>, std::vector<double, autopas::AlignedAllocator<double, (unsigned long)64>>, std::vector<double, autopas::AlignedAllocator<double, (unsigned long)64>>, std::vector<double, autopas::AlignedAllocator<double, (unsigned long)64>>, std::vector<double, autopas::AlignedAllocator<double, (unsigned long)64>>, std::vector<double, autopas::AlignedAllocator<double, (unsigned long)64>>, std::vector<double, autopas::AlignedAllocator<double, (unsigned long)64>>, std::vector<double, autopas::AlignedAllocator<double, (unsigned long)64>>, std::vector<double, autopas::AlignedAllocator<double, (unsigned long)64>>, std::vector<double, autopas::AlignedAllocator<double, (unsigned long)64>>, std::vector<double, autopas::AlignedAllocator<double, (unsigned long)64>>, std::vector<double, autopas::AlignedAllocator<double, (unsigned long)64>>, std::vector<double, autopas::AlignedAllocator<double, (unsigned long)64>>, std::vector<unsigned long, autopas::AlignedAllocator<unsigned long, (unsigned long)64>>, std::vector<autopas::OwnershipState, autopas::AlignedAllocator<autopas::OwnershipState, (unsigned long)64>>>>::size(void) const::{lambda(std::tuple<std::vector<mdLib::MoleculeLJ*, autopas::AlignedAllocator<mdLib::MoleculeLJ*, (unsigned long)64>>, std::vector<unsigned long, autopas::AlignedAllocator<unsigned long, (unsigned long)64>>, std::vector<double, autopas::AlignedAllocator<double, (unsigned long)64>>, std::vector<double, autopas::AlignedAllocator<double, (unsigned long)64>>, std::vector<double, autopas::AlignedAllocator<double, (unsigned long)64>>, std::vector<double, autopas::AlignedAllocator<double, (unsigned long)64>>, std::vector<double, autopas::AlignedAllocator<double, (unsigned long)64>>, std::vector<double, autopas::AlignedAllocator<double, (unsigned long)64>>, std::vector<double, autopas::AlignedAllocator<double, (unsigned long)64>>, std::vector<double, autopas::AlignedAllocator<double, (unsigned long)64>>, std::vector<double, autopas::AlignedAllocator<double, (unsigned long)64>>, std::vector<double, autopas::AlignedAllocator<double, (unsigned long)64>>, std::vector<double, autopas::AlignedAllocator<double, (unsigned long)64>>, std::vector<double, autopas::AlignedAllocator<double, (unsigned long)64>>, std::vector<unsigned long, autopas::AlignedAllocator<unsigned long, (unsigned long)64>>, std::vector<autopas::OwnershipState, autopas::AlignedAllocator<autopas::OwnershipState, (unsigned long)64>>> const&&)#1}>(void, std::tuple<std::vector<mdLib::MoleculeLJ*, autopas::AlignedAllocator<mdLib::MoleculeLJ*, (unsigned long)64>>, std::vector<unsigned long, autopas::AlignedAllocator<unsigned long, (unsigned long)64>>, std::vector<double, autopas::AlignedAllocator<double, (unsigned long)64>>, std::vector<double, autopas::AlignedAllocator<double, (unsigned long)64>>, std::vector<double, autopas::AlignedAllocator<double, (unsigned long)64>>, std::vector<double, autopas::AlignedAllocator<double, (unsigned long)64>>, std::vector<double, autopas::AlignedAllocator<double, (unsigned long)64>>, std::vector<double, autopas::AlignedAllocator<double, (unsigned long)64>>, std::vector<double, autopas::AlignedAllocator<double, (unsigned long)64>>, std::vector<double, autopas::AlignedAllocator<double, (unsigned long)64>>, std::vector<double, autopas::AlignedAllocator<double, (unsigned long)64>>, std::vector<double, autopas::AlignedAllocator<double, (unsigned long)64>>, std::vector<double, autopas::AlignedAllocator<double, (unsigned long)64>>, std::vector<double, autopas::AlignedAllocator<double, (unsigned long)64>>, std::vector<unsigned long, autopas::AlignedAllocator<unsigned long, (unsigned long)64>>, std::vector<autopas::OwnershipState, autopas::AlignedAllocator<autopas::OwnershipState, (unsigned long)64>>> const&&&, autopas::SoA<std::tuple<std::vector<mdLib::MoleculeLJ*, autopas::AlignedAllocator<mdLib::MoleculeLJ*, (unsigned long)64>>, std::vector<unsigned long, autopas::AlignedAllocator<unsigned long, (unsigned long)64>>, std::vector<double, autopas::AlignedAllocator<double, (unsigned long)64>>, std::vector<double, autopas::AlignedAllocator<double, (unsigned long)64>>, std::vector<double, autopas::AlignedAllocator<double, (unsigned long)64>>, std::vector<double, autopas::AlignedAllocator<double, (unsigned long)64>>, std::vector<double, autopas::AlignedAllocator<double, (unsigned long)64>>, std::vector<double, autopas::AlignedAllocator<double, (unsigned long)64>>, std::vector<double, autopas::AlignedAllocator<double, (unsigned long)64>>, std::vector<double, autopas::AlignedAllocator<double, (unsigned long)64>>, std::vector<double, autopas::AlignedAllocator<double, (unsigned long)64>>, std::vector<double, autopas::AlignedAllocator<double, (unsigned long)64>>, std::vector<double, autopas::AlignedAllocator<double, (unsigned long)64>>, std::vector<double, autopas::AlignedAllocator<double, (unsigned long)64>>, std::vector<unsigned long, autopas::AlignedAllocator<unsigned long, (unsigned long)64>>, std::vector<autopas::OwnershipState, autopas::AlignedAllocator<autopas::OwnershipState, (unsigned long)64>>>>::size(void) const::{lambda(std::tuple<std::vector<mdLib::MoleculeLJ*, autopas::AlignedAllocator<mdLib::MoleculeLJ*, (unsigned long)64>>, std::vector<unsigned long, autopas::AlignedAllocator<unsigned long, (unsigned long)64>>, std::vector<double, autopas::AlignedAllocator<double, (unsigned long)64>>, std::vector<double, autopas::AlignedAllocator<double, (unsigned long)64>>, std::vector<double, autopas::AlignedAllocator<double, (unsigned long)64>>, std::vector<double, autopas::AlignedAllocator<double, (unsigned long)64>>, std::vector<double, autopas::AlignedAllocator<double, (unsigned long)64>>, std::vector<double, autopas::AlignedAllocator<double, (unsigned long)64>>, std::vector<double, autopas::AlignedAllocator<double, (unsigned long)64>>, std::vector<double, autopas::AlignedAllocator<double, (unsigned long)64>>, std::vector<double, autopas::AlignedAllocator<double, (unsigned long)64>>, std::vector<double, autopas::AlignedAllocator<double, (unsigned long)64>>, std::vector<double, autopas::AlignedAllocator<double, (unsigned long)64>>, std::vector<double, autopas::AlignedAllocator<double, (unsigned long)64>>, std::vector<unsigned long, autopas::AlignedAllocator<unsigned long, (unsigned long)64>>, std::vector<autopas::OwnershipState, autopas::AlignedAllocator<autopas::OwnershipState, (unsigned long)64>>> const&&)#1}&&)::{lambda(std::tuple<std::vector<mdLib::MoleculeLJ*, autopas::AlignedAllocator<mdLib::MoleculeLJ*, (unsigned long)64>>, std::vector<unsigned long, autopas::AlignedAllocator<unsigned long, (unsigned long)64>>, std::vector<double, autopas::AlignedAllocator<double, (unsigned long)64>>, std::vector<double, autopas::AlignedAllocator<double, (unsigned long)64>>, std::vector<double, autopas::AlignedAllocator<double, (unsigned long)64>>, std::vector<double, autopas::AlignedAllocator<double, (unsigned long)64>>, std::vector<double, autopas::AlignedAllocator<double, (unsigned long)64>>, std::vector<double, autopas::AlignedAllocator<double, (unsigned long)64>>, std::vector<double, autopas::AlignedAllocator<double, (unsigned long)64>>, std::vector<double, autopas::AlignedAllocator<double, (unsigned long)64>>, std::vector<double, autopas::AlignedAllocator<double, (unsigned long)64>>, std::vector<double, autopas::AlignedAllocator<double, (unsigned long)64>>, std::vector<double, autopas::AlignedAllocator<double, (unsigned long)64>>, std::vector<double, autopas::AlignedAllocator<double, (unsigned long)64>>, std::vector<unsigned long, autopas::AlignedAllocator<unsigned long, (unsigned long)64>>, std::vector<autopas::OwnershipState, autopas::AlignedAllocator<autopas::OwnershipState, (unsigned long)64>>> const&&)#1}, std::vector<mdLib::MoleculeLJ*, autopas::AlignedAllocator<mdLib::MoleculeLJ*, (unsigned long)64>> const&, std::vector<unsigned long, autopas::AlignedAllocator<unsigned long, (unsigned long)64>> const&, std::vector<double, autopas::AlignedAllocator<double, (unsigned long)64>> const&, std::vector<double, autopas::AlignedAllocator<double, (unsigned long)64>> const&, std::vector<double, autopas::AlignedAllocator<double, (unsigned long)64>> const&, std::vector<double, autopas::AlignedAllocator<double, (unsigned long)64>> const&, std::vector<double, autopas::AlignedAllocator<double, (unsigned long)64>> const&, std::vector<double, autopas::AlignedAllocator<double, (unsigned long)64>> const&, std::vector<double, autopas::AlignedAllocator<double, (unsigned long)64>> const&, std::vector<double, autopas::AlignedAllocator<double, (unsigned long)64>> const&, std::vector<double, autopas::AlignedAllocator<double, (unsigned long)64>> const&, std::vector<double, autopas::AlignedAllocator<double, (unsigned long)64>> const&, std::vector<double, autopas::AlignedAllocator<double, (unsigned long)64>> const&, std::vector<double, autopas::AlignedAllocator<double, (unsigned long)64>> const&, std::vector<unsigned long, autopas::AlignedAllocator<unsigned long, (unsigned long)64>> const&, std::vector<autopas::OwnershipState, autopas::AlignedAllocator<autopas::OwnershipState, (unsigned long)64>> const&>",0.129079,0.129347,0.0,,0.0,,,,,,,,0.0,0.0,0.0,0.0,0.0,0.0,0.0,0.0,0.0,0.0,0.0,0.0,md-flexible,"std::__invoke<autopas::utils::TupleUtils::for_each<std::tuple<std::vector<mdLib::MoleculeLJ*, autopas::AlignedAllocator<mdLib::MoleculeLJ*, (unsigned long)64>>, std::vector<unsigned long, autopas::AlignedAllocator<unsigned long, (unsigned long)64>>, std::vector<double, autopas::AlignedAllocator<double, (unsigned long)64>>, std::vector<double, autopas::AlignedAllocator<double, (unsigned long)64>>, std::vector<double, autopas::AlignedAllocator<double, (unsigned long)64>>, std::vector<double, autopas::AlignedAllocator<double, (unsigned long)64>>, std::vector<double, autopas::AlignedAllocator<double, (unsigned long)64>>, std::vector<double, autopas::AlignedAllocator<double, (unsigned long)64>>, std::vector<double, autopas::AlignedAllocator<double, (unsigned long)64>>, std::vector<double, autopas::AlignedAllocator<double, (unsigned long)64>>, std::vector<double, autopas::AlignedAllocator<double, (unsigned long)64>>, std::vector<double, autopas::AlignedAllocator<double, (unsigned long)64>>, std::vector<double, autopas::AlignedAllocator<double, (unsigned long)64>>, std::vector<double, autopas::AlignedAllocator<double, (unsigned long)64>>, std::vector<unsigned long, autopas::AlignedAllocator<unsigned long, (unsigned long)64>>, std::vector<autopas::OwnershipState, autopas::AlignedAllocator<autopas::OwnershipState, (unsigned long)64>>> const&, autopas::SoA<std::tuple<std::vector<mdLib::MoleculeLJ*, autopas::AlignedAllocator<mdLib::MoleculeLJ*, (unsigned long)64>>, std::vector<unsigned long, autopas::AlignedAllocator<unsigned long, (unsigned long)64>>, std::vector<double, autopas::AlignedAllocator<double, (unsigned long)64>>, std::vector<double, autopas::AlignedAllocator<double, (unsigned long)64>>, std::vector<double, autopas::AlignedAllocator<double, (unsigned long)64>>, std::vector<double, autopas::AlignedAllocator<double, (unsigned long)64>>, std::vector<double, autopas::AlignedAllocator<double, (unsigned long)64>>, std::vector<double, autopas::AlignedAllocator<double, (unsigned long)64>>, std::vector<double, autopas::AlignedAllocator<double, (unsigned long)64>>, std::vector<double, autopas::AlignedAllocator<double, (unsigned long)64>>, std::vector<double, autopas::AlignedAllocator<double, (unsigned long)64>>, std::vector<double, autopas::AlignedAllocator<double, (unsigned long)64>>, std::vector<double, autopas::AlignedAllocator<double, (unsigned long)64>>, std::vector<double, autopas::AlignedAllocator<double, (unsigned long)64>>, std::vector<unsigned long, autopas::AlignedAllocator<unsigned long, (unsigned long)64>>, std::vector<autopas::OwnershipState, autopas::AlignedAllocator<autopas::OwnershipState, (unsigned long)64>>>>::size(void) const::{lambda(std::tuple<std::vector<mdLib::MoleculeLJ*, autopas::AlignedAllocator<mdLib::MoleculeLJ*, (unsigned long)64>>, std::vector<unsigned long, autopas::AlignedAllocator<unsigned long, (unsigned long)64>>, std::vector<double, autopas::AlignedAllocator<double, (unsigned long)64>>, std::vector<double, autopas::AlignedAllocator<double, (unsigned long)64>>, std::vector<double, autopas::AlignedAllocator<double, (unsigned long)64>>, std::vector<double, autopas::AlignedAllocator<double, (unsigned long)64>>, std::vector<double, autopas::AlignedAllocator<double, (unsigned long)64>>, std::vector<double, autopas::AlignedAllocator<double, (unsigned long)64>>, std::vector<double, autopas::AlignedAllocator<double, (unsigned long)64>>, std::vector<double, autopas::AlignedAllocator<double, (unsigned long)64>>, std::vector<double, autopas::AlignedAllocator<double, (unsigned long)64>>, std::vector<double, autopas::AlignedAllocator<double, (unsigned long)64>>, std::vector<double, autopas::AlignedAllocator<double, (unsigned long)64>>, std::vector<double, autopas::AlignedAllocator<double, (unsigned long)64>>, std::vector<unsigned long, autopas::AlignedAllocator<unsigned long, (unsigned long)64>>, std::vector<autopas::OwnershipState, autopas::AlignedAllocator<autopas::OwnershipState, (unsigned long)64>>> const&&)#1}>(void, std::tuple<std::vector<mdLib::MoleculeLJ*, autopas::AlignedAllocator<mdLib::MoleculeLJ*, (unsigned long)64>>, std::vector<unsigned long, autopas::AlignedAllocator<unsigned long, (unsigned long)64>>, std::vector<double, autopas::AlignedAllocator<double, (unsigned long)64>>, std::vector<double, autopas::AlignedAllocator<double, (unsigned long)64>>, std::vector<double, autopas::AlignedAllocator<double, (unsigned long)64>>, std::vector<double, autopas::AlignedAllocator<double, (unsigned long)64>>, std::vector<double, autopas::AlignedAllocator<double, (unsigned long)64>>, std::vector<double, autopas::AlignedAllocator<double, (unsigned long)64>>, std::vector<double, autopas::AlignedAllocator<double, (unsigned long)64>>, std::vector<double, autopas::AlignedAllocator<double, (unsigned long)64>>, std::vector<double, autopas::AlignedAllocator<double, (unsigned long)64>>, std::vector<double, autopas::AlignedAllocator<double, (unsigned long)64>>, std::vector<double, autopas::AlignedAllocator<double, (unsigned long)64>>, std::vector<double, autopas::AlignedAllocator<double, (unsigned long)64>>, std::vector<unsigned long, autopas::AlignedAllocator<unsigned long, (unsigned long)64>>, std::vector<autopas::OwnershipState, autopas::AlignedAllocator<autopas::OwnershipState, (unsigned long)64>>> const&&&, autopas::SoA<std::tuple<std::vector<mdLib::MoleculeLJ*, autopas::AlignedAllocator<mdLib::MoleculeLJ*, (unsigned long)64>>, std::vector<unsigned long, autopas::AlignedAllocator<unsigned long, (unsigned long)64>>, std::vector<double, autopas::AlignedAllocator<double, (unsigned long)64>>, std::vector<double, autopas::AlignedAllocator<double, (unsigned long)64>>, std::vector<double, autopas::AlignedAllocator<double, (unsigned long)64>>, std::vector<double, autopas::AlignedAllocator<double, (unsigned long)64>>, std::vector<double, autopas::AlignedAllocator<double, (unsigned long)64>>, std::vector<double, autopas::AlignedAllocator<double, (unsigned long)64>>, std::vector<double, autopas::AlignedAllocator<double, (unsigned long)64>>, std::vector<double, autopas::AlignedAllocator<double, (unsigned long)64>>, std::vector<double, autopas::AlignedAllocator<double, (unsigned long)64>>, std::vector<double, autopas::AlignedAllocator<double, (unsigned long)64>>, std::vector<double, autopas::AlignedAllocator<double, (unsigned long)64>>, std::vector<double, autopas::AlignedAllocator<double, (unsigned long)64>>, std::vector<unsigned long, autopas::AlignedAllocator<unsigned long, (unsigned long)64>>, std::vector<autopas::OwnershipState, autopas::AlignedAllocator<autopas::OwnershipState, (unsigned long)64>>>>::size(void) const::{lambda(std::tuple<std::vector<mdLib::MoleculeLJ*, autopas::AlignedAllocator<mdLib::MoleculeLJ*, (unsigned long)64>>, std::vector<unsigned long, autopas::AlignedAllocator<unsigned long, (unsigned long)64>>, std::vector<double, autopas::AlignedAllocator<double, (unsigned long)64>>, std::vector<double, autopas::AlignedAllocator<double, (unsigned long)64>>, std::vector<double, autopas::AlignedAllocator<double, (unsigned long)64>>, std::vector<double, autopas::AlignedAllocator<double, (unsigned long)64>>, std::vector<double, autopas::AlignedAllocator<double, (unsigned long)64>>, std::vector<double, autopas::AlignedAllocator<double, (unsigned long)64>>, std::vector<double, autopas::AlignedAllocator<double, (unsigned long)64>>, std::vector<double, autopas::AlignedAllocator<double, (unsigned long)64>>, std::vector<double, autopas::AlignedAllocator<double, (unsigned long)64>>, std::vector<double, autopas::AlignedAllocator<double, (unsigned long)64>>, std::vector<double, autopas::AlignedAllocator<double, (unsigned long)64>>, std::vector<double, autopas::AlignedAllocator<double, (unsigned long)64>>, std::vector<unsigned long, autopas::AlignedAllocator<unsigned long, (unsigned long)64>>, std::vector<autopas::OwnershipState, autopas::AlignedAllocator<autopas::OwnershipState, (unsigned long)64>>> const&&)#1}&&)::{lambda(std::tuple<std::vector<mdLib::MoleculeLJ*, autopas::AlignedAllocator<mdLib::MoleculeLJ*, (unsigned long)64>>, std::vector<unsigned long, autopas::AlignedAllocator<unsigned long, (unsigned long)64>>, std::vector<double, autopas::AlignedAllocator<double, (unsigned long)64>>, std::vector<double, autopas::AlignedAllocator<double, (unsigned long)64>>, std::vector<double, autopas::AlignedAllocator<double, (unsigned long)64>>, std::vector<double, autopas::AlignedAllocator<double, (unsigned long)64>>, std::vector<double, autopas::AlignedAllocator<double, (unsigned long)64>>, std::vector<double, autopas::AlignedAllocator<double, (unsigned long)64>>, std::vector<double, autopas::AlignedAllocator<double, (unsigned long)64>>, std::vector<double, autopas::AlignedAllocator<double, (unsigned long)64>>, std::vector<double, autopas::AlignedAllocator<double, (unsigned long)64>>, std::vector<double, autopas::AlignedAllocator<double, (unsigned long)64>>, std::vector<double, autopas::AlignedAllocator<double, (unsigned long)64>>, std::vector<double, autopas::AlignedAllocator<double, (unsigned long)64>>, std::vector<unsigned long, autopas::AlignedAllocator<unsigned long, (unsigned long)64>>, std::vector<autopas::OwnershipState, autopas::AlignedAllocator<autopas::OwnershipState, (unsigned long)64>>> const&&)#1}, std::vector<mdLib::MoleculeLJ*, autopas::AlignedAllocator<mdLib::MoleculeLJ*, (unsigned long)64>> const&, std::vector<unsigned long, autopas::AlignedAllocator<unsigned long, (unsigned long)64>> const&, std::vector<double, autopas::AlignedAllocator<double, (unsigned long)64>> const&, std::vector<double, autopas::AlignedAllocator<double, (unsigned long)64>> const&, std::vector<double, autopas::AlignedAllocator<double, (unsigned long)64>> const&, std::vector<double, autopas::AlignedAllocator<double, (unsigned long)64>> const&, std::vector<double, autopas::AlignedAllocator<double, (unsigned long)64>> const&, std::vector<double, autopas::AlignedAllocator<double, (unsigned long)64>> const&, std::vector<double, autopas::AlignedAllocator<double, (unsigned long)64>> const&, std::vector<double, autopas::AlignedAllocator<double, (unsigned long)64>> const&, std::vector<double, autopas::AlignedAllocator<double, (unsigned long)64>> const&, std::vector<double, autopas::AlignedAllocator<double, (unsigned long)64>> const&, std::vector<double, autopas::AlignedAllocator<double, (unsigned long)64>> const&, std::vector<double, autopas::AlignedAllocator<double, (unsigned long)64>> const&, std::vector<unsigned long, autopas::AlignedAllocator<unsigned long, (unsigned long)64>> const&, std::vector<autopas::OwnershipState, autopas::AlignedAllocator<autopas::OwnershipState, (unsigned long)64>> const&>(std::tuple<std::vector<mdLib::MoleculeLJ*, autopas::AlignedAllocator<mdLib::MoleculeLJ*, (unsigned long)64>>, std::vector<unsigned long, autopas::AlignedAllocator<unsigned long, (unsigned long)64>>, std::vector<double, autopas::AlignedAllocator<double, (unsigned long)64>>, std::vector<double, autopas::AlignedAllocator<double, (unsigned long)64>>, std::vector<double, autopas::AlignedAllocator<double, (unsigned long)64>>, std::vector<double, autopas::AlignedAllocator<double, (unsigned long)64>>, std::vector<double, autopas::AlignedAllocator<double, (unsigned long)64>>, std::vector<double, autopas::AlignedAllocator<double, (unsigned long)64>>, std::vector<double, autopas::AlignedAllocator<double, (unsigned long)64>>, std::vector<double, autopas::AlignedAllocator<double, (unsigned long)64>>, std::vector<double, autopas::AlignedAllocator<double, (unsigned long)64>>, std::vector<double, autopas::AlignedAllocator<double, (unsigned long)64>>, std::vector<double, autopas::AlignedAllocator<double, (unsigned long)64>>, std::vector<double, autopas::AlignedAllocator<double, (unsigned long)64>>, std::vector<unsigned long, autopas::AlignedAllocator<unsigned long, (unsigned long)64>>, std::vector<autopas::OwnershipState, autopas::AlignedAllocator<autopas::OwnershipState, (unsigned long)64>>> const&&&, std::vector<mdLib::MoleculeLJ*, autopas::AlignedAllocator<mdLib::MoleculeLJ*, (unsigned long)64>> const&&&)",invoke.h,0x54c110
                        "autopas::utils::TupleUtils::for_each<std::tuple<std::vector<mdLib::MoleculeLJ*, autopas::AlignedAllocator<mdLib::MoleculeLJ*, (unsigned long)64>>, std::vector<unsigned long, autopas::AlignedAllocator<unsigned long, (unsigned long)64>>, std::vector<double, autopas::AlignedAllocator<double, (unsigned long)64>>, std::vector<double, autopas::AlignedAllocator<double, (unsigned long)64>>, std::vector<double, autopas::AlignedAllocator<double, (unsigned long)64>>, std::vector<double, autopas::AlignedAllocator<double, (unsigned long)64>>, std::vector<double, autopas::AlignedAllocator<double, (unsigned long)64>>, std::vector<double, autopas::AlignedAllocator<double, (unsigned long)64>>, std::vector<double, autopas::AlignedAllocator<double, (unsigned long)64>>, std::vector<double, autopas::AlignedAllocator<double, (unsigned long)64>>, std::vector<double, autopas::AlignedAllocator<double, (unsigned long)64>>, std::vector<double, autopas::AlignedAllocator<double, (unsigned long)64>>, std::vector<double, autopas::AlignedAllocator<double, (unsigned long)64>>, std::vector<double, autopas::AlignedAllocator<double, (unsigned long)64>>, std::vector<unsigned long, autopas::AlignedAllocator<unsigned long, (unsigned long)64>>, std::vector<autopas::OwnershipState, autopas::AlignedAllocator<autopas::OwnershipState, (unsigned long)64>>> const&, autopas::SoA<std::tuple<std::vector<mdLib::MoleculeLJ*, autopas::AlignedAllocator<mdLib::MoleculeLJ*, (unsigned long)64>>, std::vector<unsigned long, autopas::AlignedAllocator<unsigned long, (unsigned long)64>>, std::vector<double, autopas::AlignedAllocator<double, (unsigned long)64>>, std::vector<double, autopas::AlignedAllocator<double, (unsigned long)64>>, std::vector<double, autopas::AlignedAllocator<double, (unsigned long)64>>, std::vector<double, autopas::AlignedAllocator<double, (unsigned long)64>>, std::vector<double, autopas::AlignedAllocator<double, (unsigned long)64>>, std::vector<double, autopas::AlignedAllocator<double, (unsigned long)64>>, std::vector<double, autopas::AlignedAllocator<double, (unsigned long)64>>, std::vector<double, autopas::AlignedAllocator<double, (unsigned long)64>>, std::vector<double, autopas::AlignedAllocator<double, (unsigned long)64>>, std::vector<double, autopas::AlignedAllocator<double, (unsigned long)64>>, std::vector<double, autopas::AlignedAllocator<double, (unsigned long)64>>, std::vector<double, autopas::AlignedAllocator<double, (unsigned long)64>>, std::vector<unsigned long, autopas::AlignedAllocator<unsigned long, (unsigned long)64>>, std::vector<autopas::OwnershipState, autopas::AlignedAllocator<autopas::OwnershipState, (unsigned long)64>>>>::size(void) const::{lambda(std::tuple<std::vector<mdLib::MoleculeLJ*, autopas::AlignedAllocator<mdLib::MoleculeLJ*, (unsigned long)64>>, std::vector<unsigned long, autopas::AlignedAllocator<unsigned long, (unsigned long)64>>, std::vector<double, autopas::AlignedAllocator<double, (unsigned long)64>>, std::vector<double, autopas::AlignedAllocator<double, (unsigned long)64>>, std::vector<double, autopas::AlignedAllocator<double, (unsigned long)64>>, std::vector<double, autopas::AlignedAllocator<double, (unsigned long)64>>, std::vector<double, autopas::AlignedAllocator<double, (unsigned long)64>>, std::vector<double, autopas::AlignedAllocator<double, (unsigned long)64>>, std::vector<double, autopas::AlignedAllocator<double, (unsigned long)64>>, std::vector<double, autopas::AlignedAllocator<double, (unsigned long)64>>, std::vector<double, autopas::AlignedAllocator<double, (unsigned long)64>>, std::vector<double, autopas::AlignedAllocator<double, (unsigned long)64>>, std::vector<double, autopas::AlignedAllocator<double, (unsigned long)64>>, std::vector<double, autopas::AlignedAllocator<double, (unsigned long)64>>, std::vector<unsigned long, autopas::AlignedAllocator<unsigned long, (unsigned long)64>>, std::vector<autopas::OwnershipState, autopas::AlignedAllocator<autopas::OwnershipState, (unsigned long)64>>> const&&)#1}>(std::tuple<std::vector<mdLib::MoleculeLJ*, autopas::AlignedAllocator<mdLib::MoleculeLJ*, (unsigned long)64>>, std::vector<unsigned long, autopas::AlignedAllocator<unsigned long, (unsigned long)64>>, std::vector<double, autopas::AlignedAllocator<double, (unsigned long)64>>, std::vector<double, autopas::AlignedAllocator<double, (unsigned long)64>>, std::vector<double, autopas::AlignedAllocator<double, (unsigned long)64>>, std::vector<double, autopas::AlignedAllocator<double, (unsigned long)64>>, std::vector<double, autopas::AlignedAllocator<double, (unsigned long)64>>, std::vector<double, autopas::AlignedAllocator<double, (unsigned long)64>>, std::vector<double, autopas::AlignedAllocator<double, (unsigned long)64>>, std::vector<double, autopas::AlignedAllocator<double, (unsigned long)64>>, std::vector<double, autopas::AlignedAllocator<double, (unsigned long)64>>, std::vector<double, autopas::AlignedAllocator<double, (unsigned long)64>>, std::vector<double, autopas::AlignedAllocator<double, (unsigned long)64>>, std::vector<double, autopas::AlignedAllocator<double, (unsigned long)64>>, std::vector<unsigned long, autopas::AlignedAllocator<unsigned long, (unsigned long)64>>, std::vector<autopas::OwnershipState, autopas::AlignedAllocator<autopas::OwnershipState, (unsigned long)64>>> const&&&, autopas::SoA<std::tuple<std::vector<mdLib::MoleculeLJ*, autopas::AlignedAllocator<mdLib::MoleculeLJ*, (unsigned long)64>>, std::vector<unsigned long, autopas::AlignedAllocator<unsigned long, (unsigned long)64>>, std::vector<double, autopas::AlignedAllocator<double, (unsigned long)64>>, std::vector<double, autopas::AlignedAllocator<double, (unsigned long)64>>, std::vector<double, autopas::AlignedAllocator<double, (unsigned long)64>>, std::vector<double, autopas::AlignedAllocator<double, (unsigned long)64>>, std::vector<double, autopas::AlignedAllocator<double, (unsigned long)64>>, std::vector<double, autopas::AlignedAllocator<double, (unsigned long)64>>, std::vector<double, autopas::AlignedAllocator<double, (unsigned long)64>>, std::vector<double, autopas::AlignedAllocator<double, (unsigned long)64>>, std::vector<double, autopas::AlignedAllocator<double, (unsigned long)64>>, std::vector<double, autopas::AlignedAllocator<double, (unsigned long)64>>, std::vector<double, autopas::AlignedAllocator<double, (unsigned long)64>>, std::vector<double, autopas::AlignedAllocator<double, (unsigned long)64>>, std::vector<unsigned long, autopas::AlignedAllocator<unsigned long, (unsigned long)64>>, std::vector<autopas::OwnershipState, autopas::AlignedAllocator<autopas::OwnershipState, (unsigned long)64>>>>::size(void) const::{lambda(std::tuple<std::vector<mdLib::MoleculeLJ*, autopas::AlignedAllocator<mdLib::MoleculeLJ*, (unsigned long)64>>, std::vector<unsigned long, autopas::AlignedAllocator<unsigned long, (unsigned long)64>>, std::vector<double, autopas::AlignedAllocator<double, (unsigned long)64>>, std::vector<double, autopas::AlignedAllocator<double, (unsigned long)64>>, std::vector<double, autopas::AlignedAllocator<double, (unsigned long)64>>, std::vector<double, autopas::AlignedAllocator<double, (unsigned long)64>>, std::vector<double, autopas::AlignedAllocator<double, (unsigned long)64>>, std::vector<double, autopas::AlignedAllocator<double, (unsigned long)64>>, std::vector<double, autopas::AlignedAllocator<double, (unsigned long)64>>, std::vector<double, autopas::AlignedAllocator<double, (unsigned long)64>>, std::vector<double, autopas::AlignedAllocator<double, (unsigned long)64>>, std::vector<double, autopas::AlignedAllocator<double, (unsigned long)64>>, std::vector<double, autopas::AlignedAllocator<double, (unsigned long)64>>, std::vector<double, autopas::AlignedAllocator<double, (unsigned long)64>>, std::vector<unsigned long, autopas::AlignedAllocator<unsigned long, (unsigned long)64>>, std::vector<autopas::OwnershipState, autopas::AlignedAllocator<autopas::OwnershipState, (unsigned long)64>>> const&&)#1}&&)::{lambda(std::tuple<std::vector<mdLib::MoleculeLJ*, autopas::AlignedAllocator<mdLib::MoleculeLJ*, (unsigned long)64>>, std::vector<unsigned long, autopas::AlignedAllocator<unsigned long, (unsigned long)64>>, std::vector<double, autopas::AlignedAllocator<double, (unsigned long)64>>, std::vector<double, autopas::AlignedAllocator<double, (unsigned long)64>>, std::vector<double, autopas::AlignedAllocator<double, (unsigned long)64>>, std::vector<double, autopas::AlignedAllocator<double, (unsigned long)64>>, std::vector<double, autopas::AlignedAllocator<double, (unsigned long)64>>, std::vector<double, autopas::AlignedAllocator<double, (unsigned long)64>>, std::vector<double, autopas::AlignedAllocator<double, (unsigned long)64>>, std::vector<double, autopas::AlignedAllocator<double, (unsigned long)64>>, std::vector<double, autopas::AlignedAllocator<double, (unsigned long)64>>, std::vector<double, autopas::AlignedAllocator<double, (unsigned long)64>>, std::vector<double, autopas::AlignedAllocator<double, (unsigned long)64>>, std::vector<double, autopas::AlignedAllocator<double, (unsigned long)64>>, std::vector<unsigned long, autopas::AlignedAllocator<unsigned long, (unsigned long)64>>, std::vector<autopas::OwnershipState, autopas::AlignedAllocator<autopas::OwnershipState, (unsigned long)64>>> const&&)#1}::operator()<std::vector<mdLib::MoleculeLJ*, autopas::AlignedAllocator<mdLib::MoleculeLJ*, (unsigned long)64>> const, std::vector<unsigned long, autopas::AlignedAllocator<unsigned long, (unsigned long)64>> const, std::vector<double, autopas::AlignedAllocator<double, (unsigned long)64>> const, std::vector<double, autopas::AlignedAllocator<double, (unsigned long)64>> const, std::vector<double, autopas::AlignedAllocator<double, (unsigned long)64>> const, std::vector<double, autopas::AlignedAllocator<double, (unsigned long)64>> const, std::vector<double, autopas::AlignedAllocator<double, (unsigned long)64>> const, std::vector<double, autopas::AlignedAllocator<double, (unsigned long)64>> const, std::vector<double, autopas::AlignedAllocator<double, (unsigned long)64>> const, std::vector<double, autopas::AlignedAllocator<double, (unsigned long)64>> const, std::vector<double, autopas::AlignedAllocator<double, (unsigned long)64>> const, std::vector<double, autopas::AlignedAllocator<double, (unsigned long)64>> const, std::vector<double, autopas::AlignedAllocator<double, (unsigned long)64>> const, std::vector<double, autopas::AlignedAllocator<double, (unsigned long)64>> const, std::vector<unsigned long, autopas::AlignedAllocator<unsigned long, (unsigned long)64>> const, std::vector<autopas::OwnershipState, autopas::AlignedAllocator<autopas::OwnershipState, (unsigned long)64>> const>",0.129079,0.129347,0.0,,0.0,,,,,,,,0.0,0.0,0.0,0.0,0.0,0.0,0.0,0.0,0.0,0.0,0.0,0.0,md-flexible,"autopas::utils::TupleUtils::for_each<std::tuple<std::vector<mdLib::MoleculeLJ*, autopas::AlignedAllocator<mdLib::MoleculeLJ*, (unsigned long)64>>, std::vector<unsigned long, autopas::AlignedAllocator<unsigned long, (unsigned long)64>>, std::vector<double, autopas::AlignedAllocator<double, (unsigned long)64>>, std::vector<double, autopas::AlignedAllocator<double, (unsigned long)64>>, std::vector<double, autopas::AlignedAllocator<double, (unsigned long)64>>, std::vector<double, autopas::AlignedAllocator<double, (unsigned long)64>>, std::vector<double, autopas::AlignedAllocator<double, (unsigned long)64>>, std::vector<double, autopas::AlignedAllocator<double, (unsigned long)64>>, std::vector<double, autopas::AlignedAllocator<double, (unsigned long)64>>, std::vector<double, autopas::AlignedAllocator<double, (unsigned long)64>>, std::vector<double, autopas::AlignedAllocator<double, (unsigned long)64>>, std::vector<double, autopas::AlignedAllocator<double, (unsigned long)64>>, std::vector<double, autopas::AlignedAllocator<double, (unsigned long)64>>, std::vector<double, autopas::AlignedAllocator<double, (unsigned long)64>>, std::vector<unsigned long, autopas::AlignedAllocator<unsigned long, (unsigned long)64>>, std::vector<autopas::OwnershipState, autopas::AlignedAllocator<autopas::OwnershipState, (unsigned long)64>>> const&, autopas::SoA<std::tuple<std::vector<mdLib::MoleculeLJ*, autopas::AlignedAllocator<mdLib::MoleculeLJ*, (unsigned long)64>>, std::vector<unsigned long, autopas::AlignedAllocator<unsigned long, (unsigned long)64>>, std::vector<double, autopas::AlignedAllocator<double, (unsigned long)64>>, std::vector<double, autopas::AlignedAllocator<double, (unsigned long)64>>, std::vector<double, autopas::AlignedAllocator<double, (unsigned long)64>>, std::vector<double, autopas::AlignedAllocator<double, (unsigned long)64>>, std::vector<double, autopas::AlignedAllocator<double, (unsigned long)64>>, std::vector<double, autopas::AlignedAllocator<double, (unsigned long)64>>, std::vector<double, autopas::AlignedAllocator<double, (unsigned long)64>>, std::vector<double, autopas::AlignedAllocator<double, (unsigned long)64>>, std::vector<double, autopas::AlignedAllocator<double, (unsigned long)64>>, std::vector<double, autopas::AlignedAllocator<double, (unsigned long)64>>, std::vector<double, autopas::AlignedAllocator<double, (unsigned long)64>>, std::vector<double, autopas::AlignedAllocator<double, (unsigned long)64>>, std::vector<unsigned long, autopas::AlignedAllocator<unsigned long, (unsigned long)64>>, std::vector<autopas::OwnershipState, autopas::AlignedAllocator<autopas::OwnershipState, (unsigned long)64>>>>::size(void) const::{lambda(std::tuple<std::vector<mdLib::MoleculeLJ*, autopas::AlignedAllocator<mdLib::MoleculeLJ*, (unsigned long)64>>, std::vector<unsigned long, autopas::AlignedAllocator<unsigned long, (unsigned long)64>>, std::vector<double, autopas::AlignedAllocator<double, (unsigned long)64>>, std::vector<double, autopas::AlignedAllocator<double, (unsigned long)64>>, std::vector<double, autopas::AlignedAllocator<double, (unsigned long)64>>, std::vector<double, autopas::AlignedAllocator<double, (unsigned long)64>>, std::vector<double, autopas::AlignedAllocator<double, (unsigned long)64>>, std::vector<double, autopas::AlignedAllocator<double, (unsigned long)64>>, std::vector<double, autopas::AlignedAllocator<double, (unsigned long)64>>, std::vector<double, autopas::AlignedAllocator<double, (unsigned long)64>>, std::vector<double, autopas::AlignedAllocator<double, (unsigned long)64>>, std::vector<double, autopas::AlignedAllocator<double, (unsigned long)64>>, std::vector<double, autopas::AlignedAllocator<double, (unsigned long)64>>, std::vector<double, autopas::AlignedAllocator<double, (unsigned long)64>>, std::vector<unsigned long, autopas::AlignedAllocator<unsigned long, (unsigned long)64>>, std::vector<autopas::OwnershipState, autopas::AlignedAllocator<autopas::OwnershipState, (unsigned long)64>>> const&&)#1}>(std::tuple<std::vector<mdLib::MoleculeLJ*, autopas::AlignedAllocator<mdLib::MoleculeLJ*, (unsigned long)64>>, std::vector<unsigned long, autopas::AlignedAllocator<unsigned long, (unsigned long)64>>, std::vector<double, autopas::AlignedAllocator<double, (unsigned long)64>>, std::vector<double, autopas::AlignedAllocator<double, (unsigned long)64>>, std::vector<double, autopas::AlignedAllocator<double, (unsigned long)64>>, std::vector<double, autopas::AlignedAllocator<double, (unsigned long)64>>, std::vector<double, autopas::AlignedAllocator<double, (unsigned long)64>>, std::vector<double, autopas::AlignedAllocator<double, (unsigned long)64>>, std::vector<double, autopas::AlignedAllocator<double, (unsigned long)64>>, std::vector<double, autopas::AlignedAllocator<double, (unsigned long)64>>, std::vector<double, autopas::AlignedAllocator<double, (unsigned long)64>>, std::vector<double, autopas::AlignedAllocator<double, (unsigned long)64>>, std::vector<double, autopas::AlignedAllocator<double, (unsigned long)64>>, std::vector<double, autopas::AlignedAllocator<double, (unsigned long)64>>, std::vector<unsigned long, autopas::AlignedAllocator<unsigned long, (unsigned long)64>>, std::vector<autopas::OwnershipState, autopas::AlignedAllocator<autopas::OwnershipState, (unsigned long)64>>> const&&&, autopas::SoA<std::tuple<std::vector<mdLib::MoleculeLJ*, autopas::AlignedAllocator<mdLib::MoleculeLJ*, (unsigned long)64>>, std::vector<unsigned long, autopas::AlignedAllocator<unsigned long, (unsigned long)64>>, std::vector<double, autopas::AlignedAllocator<double, (unsigned long)64>>, std::vector<double, autopas::AlignedAllocator<double, (unsigned long)64>>, std::vector<double, autopas::AlignedAllocator<double, (unsigned long)64>>, std::vector<double, autopas::AlignedAllocator<double, (unsigned long)64>>, std::vector<double, autopas::AlignedAllocator<double, (unsigned long)64>>, std::vector<double, autopas::AlignedAllocator<double, (unsigned long)64>>, std::vector<double, autopas::AlignedAllocator<double, (unsigned long)64>>, std::vector<double, autopas::AlignedAllocator<double, (unsigned long)64>>, std::vector<double, autopas::AlignedAllocator<double, (unsigned long)64>>, std::vector<double, autopas::AlignedAllocator<double, (unsigned long)64>>, std::vector<double, autopas::AlignedAllocator<double, (unsigned long)64>>, std::vector<double, autopas::AlignedAllocator<double, (unsigned long)64>>, std::vector<unsigned long, autopas::AlignedAllocator<unsigned long, (unsigned long)64>>, std::vector<autopas::OwnershipState, autopas::AlignedAllocator<autopas::OwnershipState, (unsigned long)64>>>>::size(void) const::{lambda(std::tuple<std::vector<mdLib::MoleculeLJ*, autopas::AlignedAllocator<mdLib::MoleculeLJ*, (unsigned long)64>>, std::vector<unsigned long, autopas::AlignedAllocator<unsigned long, (unsigned long)64>>, std::vector<double, autopas::AlignedAllocator<double, (unsigned long)64>>, std::vector<double, autopas::AlignedAllocator<double, (unsigned long)64>>, std::vector<double, autopas::AlignedAllocator<double, (unsigned long)64>>, std::vector<double, autopas::AlignedAllocator<double, (unsigned long)64>>, std::vector<double, autopas::AlignedAllocator<double, (unsigned long)64>>, std::vector<double, autopas::AlignedAllocator<double, (unsigned long)64>>, std::vector<double, autopas::AlignedAllocator<double, (unsigned long)64>>, std::vector<double, autopas::AlignedAllocator<double, (unsigned long)64>>, std::vector<double, autopas::AlignedAllocator<double, (unsigned long)64>>, std::vector<double, autopas::AlignedAllocator<double, (unsigned long)64>>, std::vector<double, autopas::AlignedAllocator<double, (unsigned long)64>>, std::vector<double, autopas::AlignedAllocator<double, (unsigned long)64>>, std::vector<unsigned long, autopas::AlignedAllocator<unsigned long, (unsigned long)64>>, std::vector<autopas::OwnershipState, autopas::AlignedAllocator<autopas::OwnershipState, (unsigned long)64>>> const&&)#1}&&)::{lambda(std::tuple<std::vector<mdLib::MoleculeLJ*, autopas::AlignedAllocator<mdLib::MoleculeLJ*, (unsigned long)64>>, std::vector<unsigned long, autopas::AlignedAllocator<unsigned long, (unsigned long)64>>, std::vector<double, autopas::AlignedAllocator<double, (unsigned long)64>>, std::vector<double, autopas::AlignedAllocator<double, (unsigned long)64>>, std::vector<double, autopas::AlignedAllocator<double, (unsigned long)64>>, std::vector<double, autopas::AlignedAllocator<double, (unsigned long)64>>, std::vector<double, autopas::AlignedAllocator<double, (unsigned long)64>>, std::vector<double, autopas::AlignedAllocator<double, (unsigned long)64>>, std::vector<double, autopas::AlignedAllocator<double, (unsigned long)64>>, std::vector<double, autopas::AlignedAllocator<double, (unsigned long)64>>, std::vector<double, autopas::AlignedAllocator<double, (unsigned long)64>>, std::vector<double, autopas::AlignedAllocator<double, (unsigned long)64>>, std::vector<double, autopas::AlignedAllocator<double, (unsigned long)64>>, std::vector<double, autopas::AlignedAllocator<double, (unsigned long)64>>, std::vector<unsigned long, autopas::AlignedAllocator<unsigned long, (unsigned long)64>>, std::vector<autopas::OwnershipState, autopas::AlignedAllocator<autopas::OwnershipState, (unsigned long)64>>> const&&)#1}::operator()<std::vector<mdLib::MoleculeLJ*, autopas::AlignedAllocator<mdLib::MoleculeLJ*, (unsigned long)64>> const, std::vector<unsigned long, autopas::AlignedAllocator<unsigned long, (unsigned long)64>> const, std::vector<double, autopas::AlignedAllocator<double, (unsigned long)64>> const, std::vector<double, autopas::AlignedAllocator<double, (unsigned long)64>> const, std::vector<double, autopas::AlignedAllocator<double, (unsigned long)64>> const, std::vector<double, autopas::AlignedAllocator<double, (unsigned long)64>> const, std::vector<double, autopas::AlignedAllocator<double, (unsigned long)64>> const, std::vector<double, autopas::AlignedAllocator<double, (unsigned long)64>> const, std::vector<double, autopas::AlignedAllocator<double, (unsigned long)64>> const, std::vector<double, autopas::AlignedAllocator<double, (unsigned long)64>> const, std::vector<double, autopas::AlignedAllocator<double, (unsigned long)64>> const, std::vector<double, autopas::AlignedAllocator<double, (unsigned long)64>> const, std::vector<double, autopas::AlignedAllocator<double, (unsigned long)64>> const, std::vector<double, autopas::AlignedAllocator<double, (unsigned long)64>> const, std::vector<unsigned long, autopas::AlignedAllocator<unsigned long, (unsigned long)64>> const, std::vector<autopas::OwnershipState, autopas::AlignedAllocator<autopas::OwnershipState, (unsigned long)64>> const>(signed char, std::tuple<std::vector<mdLib::MoleculeLJ*, autopas::AlignedAllocator<mdLib::MoleculeLJ*, (unsigned long)64>>, std::vector<unsigned long, autopas::AlignedAllocator<unsigned long, (unsigned long)64>>, std::vector<double, autopas::AlignedAllocator<double, (unsigned long)64>>, std::vector<double, autopas::AlignedAllocator<double, (unsigned long)64>>, std::vector<double, autopas::AlignedAllocator<double, (unsigned long)64>>, std::vector<double, autopas::AlignedAllocator<double, (unsigned long)64>>, std::vector<double, autopas::AlignedAllocator<double, (unsigned long)64>>, std::vector<double, autopas::AlignedAllocator<double, (unsigned long)64>>, std::vector<double, autopas::AlignedAllocator<double, (unsigned long)64>>, std::vector<double, autopas::AlignedAllocator<double, (unsigned long)64>>, std::vector<double, autopas::AlignedAllocator<double, (unsigned long)64>>, std::vector<double, autopas::AlignedAllocator<double, (unsigned long)64>>, std::vector<double, autopas::AlignedAllocator<double, (unsigned long)64>>, std::vector<double, autopas::AlignedAllocator<double, (unsigned long)64>>, std::vector<unsigned long, autopas::AlignedAllocator<unsigned long, (unsigned long)64>>, std::vector<autopas::OwnershipState, autopas::AlignedAllocator<autopas::OwnershipState, (unsigned long)64>>> const&&) const",TupleUtils.h,0x54c117
                         "autopas::SoA<std::tuple<std::vector<mdLib::MoleculeLJ*, autopas::AlignedAllocator<mdLib::MoleculeLJ*, (unsigned long)64>>, std::vector<unsigned long, autopas::AlignedAllocator<unsigned long, (unsigned long)64>>, std::vector<double, autopas::AlignedAllocator<double, (unsigned long)64>>, std::vector<double, autopas::AlignedAllocator<double, (unsigned long)64>>, std::vector<double, autopas::AlignedAllocator<double, (unsigned long)64>>, std::vector<double, autopas::AlignedAllocator<double, (unsigned long)64>>, std::vector<double, autopas::AlignedAllocator<double, (unsigned long)64>>, std::vector<double, autopas::AlignedAllocator<double, (unsigned long)64>>, std::vector<double, autopas::AlignedAllocator<double, (unsigned long)64>>, std::vector<double, autopas::AlignedAllocator<double, (unsigned long)64>>, std::vector<double, autopas::AlignedAllocator<double, (unsigned long)64>>, std::vector<double, autopas::AlignedAllocator<double, (unsigned long)64>>, std::vector<double, autopas::AlignedAllocator<double, (unsigned long)64>>, std::vector<double, autopas::AlignedAllocator<double, (unsigned long)64>>, std::vector<unsigned long, autopas::AlignedAllocator<unsigned long, (unsigned long)64>>, std::vector<autopas::OwnershipState, autopas::AlignedAllocator<autopas::OwnershipState, (unsigned long)64>>>>::size(void) const::{lambda(std::tuple<std::vector<mdLib::MoleculeLJ*, autopas::AlignedAllocator<mdLib::MoleculeLJ*, (unsigned long)64>>, std::vector<unsigned long, autopas::AlignedAllocator<unsigned long, (unsigned long)64>>, std::vector<double, autopas::AlignedAllocator<double, (unsigned long)64>>, std::vector<double, autopas::AlignedAllocator<double, (unsigned long)64>>, std::vector<double, autopas::AlignedAllocator<double, (unsigned long)64>>, std::vector<double, autopas::AlignedAllocator<double, (unsigned long)64>>, std::vector<double, autopas::AlignedAllocator<double, (unsigned long)64>>, std::vector<double, autopas::AlignedAllocator<double, (unsigned long)64>>, std::vector<double, autopas::AlignedAllocator<double, (unsigned long)64>>, std::vector<double, autopas::AlignedAllocator<double, (unsigned long)64>>, std::vector<double, autopas::AlignedAllocator<double, (unsigned long)64>>, std::vector<double, autopas::AlignedAllocator<double, (unsigned long)64>>, std::vector<double, autopas::AlignedAllocator<double, (unsigned long)64>>, std::vector<double, autopas::AlignedAllocator<double, (unsigned long)64>>, std::vector<unsigned long, autopas::AlignedAllocator<unsigned long, (unsigned long)64>>, std::vector<autopas::OwnershipState, autopas::AlignedAllocator<autopas::OwnershipState, (unsigned long)64>>>&)#1}::operator()<std::vector<mdLib::MoleculeLJ*, autopas::AlignedAllocator<mdLib::MoleculeLJ*, (unsigned long)64>> const>",0.077522,0.077683,0.0,,0.0,,,,,,,,0.0,0.0,0.0,0.0,0.0,0.0,0.0,0.0,0.0,0.0,0.0,0.0,md-flexible,"autopas::SoA<std::tuple<std::vector<mdLib::MoleculeLJ*, autopas::AlignedAllocator<mdLib::MoleculeLJ*, (unsigned long)64>>, std::vector<unsigned long, autopas::AlignedAllocator<unsigned long, (unsigned long)64>>, std::vector<double, autopas::AlignedAllocator<double, (unsigned long)64>>, std::vector<double, autopas::AlignedAllocator<double, (unsigned long)64>>, std::vector<double, autopas::AlignedAllocator<double, (unsigned long)64>>, std::vector<double, autopas::AlignedAllocator<double, (unsigned long)64>>, std::vector<double, autopas::AlignedAllocator<double, (unsigned long)64>>, std::vector<double, autopas::AlignedAllocator<double, (unsigned long)64>>, std::vector<double, autopas::AlignedAllocator<double, (unsigned long)64>>, std::vector<double, autopas::AlignedAllocator<double, (unsigned long)64>>, std::vector<double, autopas::AlignedAllocator<double, (unsigned long)64>>, std::vector<double, autopas::AlignedAllocator<double, (unsigned long)64>>, std::vector<double, autopas::AlignedAllocator<double, (unsigned long)64>>, std::vector<double, autopas::AlignedAllocator<double, (unsigned long)64>>, std::vector<unsigned long, autopas::AlignedAllocator<unsigned long, (unsigned long)64>>, std::vector<autopas::OwnershipState, autopas::AlignedAllocator<autopas::OwnershipState, (unsigned long)64>>>>::size(void) const::{lambda(std::tuple<std::vector<mdLib::MoleculeLJ*, autopas::AlignedAllocator<mdLib::MoleculeLJ*, (unsigned long)64>>, std::vector<unsigned long, autopas::AlignedAllocator<unsigned long, (unsigned long)64>>, std::vector<double, autopas::AlignedAllocator<double, (unsigned long)64>>, std::vector<double, autopas::AlignedAllocator<double, (unsigned long)64>>, std::vector<double, autopas::AlignedAllocator<double, (unsigned long)64>>, std::vector<double, autopas::AlignedAllocator<double, (unsigned long)64>>, std::vector<double, autopas::AlignedAllocator<double, (unsigned long)64>>, std::vector<double, autopas::AlignedAllocator<double, (unsigned long)64>>, std::vector<double, autopas::AlignedAllocator<double, (unsigned long)64>>, std::vector<double, autopas::AlignedAllocator<double, (unsigned long)64>>, std::vector<double, autopas::AlignedAllocator<double, (unsigned long)64>>, std::vector<double, autopas::AlignedAllocator<double, (unsigned long)64>>, std::vector<double, autopas::AlignedAllocator<double, (unsigned long)64>>, std::vector<double, autopas::AlignedAllocator<double, (unsigned long)64>>, std::vector<unsigned long, autopas::AlignedAllocator<unsigned long, (unsigned long)64>>, std::vector<autopas::OwnershipState, autopas::AlignedAllocator<autopas::OwnershipState, (unsigned long)64>>>&)#1}::operator()<std::vector<mdLib::MoleculeLJ*, autopas::AlignedAllocator<mdLib::MoleculeLJ*, (unsigned long)64>> const>(signed char, std::tuple<std::vector<mdLib::MoleculeLJ*, autopas::AlignedAllocator<mdLib::MoleculeLJ*, (unsigned long)64>>, std::vector<unsigned long, autopas::AlignedAllocator<unsigned long, (unsigned long)64>>, std::vector<double, autopas::AlignedAllocator<double, (unsigned long)64>>, std::vector<double, autopas::AlignedAllocator<double, (unsigned long)64>>, std::vector<double, autopas::AlignedAllocator<double, (unsigned long)64>>, std::vector<double, autopas::AlignedAllocator<double, (unsigned long)64>>, std::vector<double, autopas::AlignedAllocator<double, (unsigned long)64>>, std::vector<double, autopas::AlignedAllocator<double, (unsigned long)64>>, std::vector<double, autopas::AlignedAllocator<double, (unsigned long)64>>, std::vector<double, autopas::AlignedAllocator<double, (unsigned long)64>>, std::vector<double, autopas::AlignedAllocator<double, (unsigned long)64>>, std::vector<double, autopas::AlignedAllocator<double, (unsigned long)64>>, std::vector<double, autopas::AlignedAllocator<double, (unsigned long)64>>, std::vector<double, autopas::AlignedAllocator<double, (unsigned long)64>>, std::vector<unsigned long, autopas::AlignedAllocator<unsigned long, (unsigned long)64>>, std::vector<autopas::OwnershipState, autopas::AlignedAllocator<autopas::OwnershipState, (unsigned long)64>>>&) const",SoA.h,0x54c117
                          std::max<unsigned long>,0.077522,0.077683,0.0,,0.0,,,,,,,,0.012008,0.012008,0.0,0.0,0.0,0.0,0.0,0.0,0.0,0.0,0.0,0.0,md-flexible,"std::max<unsigned long>(unsigned long const&, unsigned long const&)",stl_algobase.h,0x54c117
                         "autopas::SoA<std::tuple<std::vector<mdLib::MoleculeLJ*, autopas::AlignedAllocator<mdLib::MoleculeLJ*, (unsigned long)64>>, std::vector<unsigned long, autopas::AlignedAllocator<unsigned long, (unsigned long)64>>, std::vector<double, autopas::AlignedAllocator<double, (unsigned long)64>>, std::vector<double, autopas::AlignedAllocator<double, (unsigned long)64>>, std::vector<double, autopas::AlignedAllocator<double, (unsigned long)64>>, std::vector<double, autopas::AlignedAllocator<double, (unsigned long)64>>, std::vector<double, autopas::AlignedAllocator<double, (unsigned long)64>>, std::vector<double, autopas::AlignedAllocator<double, (unsigned long)64>>, std::vector<double, autopas::AlignedAllocator<double, (unsigned long)64>>, std::vector<double, autopas::AlignedAllocator<double, (unsigned long)64>>, std::vector<double, autopas::AlignedAllocator<double, (unsigned long)64>>, std::vector<double, autopas::AlignedAllocator<double, (unsigned long)64>>, std::vector<double, autopas::AlignedAllocator<double, (unsigned long)64>>, std::vector<double, autopas::AlignedAllocator<double, (unsigned long)64>>, std::vector<unsigned long, autopas::AlignedAllocator<unsigned long, (unsigned long)64>>, std::vector<autopas::OwnershipState, autopas::AlignedAllocator<autopas::OwnershipState, (unsigned long)64>>>>::size(void) const::{lambda(std::tuple<std::vector<mdLib::MoleculeLJ*, autopas::AlignedAllocator<mdLib::MoleculeLJ*, (unsigned long)64>>, std::vector<unsigned long, autopas::AlignedAllocator<unsigned long, (unsigned long)64>>, std::vector<double, autopas::AlignedAllocator<double, (unsigned long)64>>, std::vector<double, autopas::AlignedAllocator<double, (unsigned long)64>>, std::vector<double, autopas::AlignedAllocator<double, (unsigned long)64>>, std::vector<double, autopas::AlignedAllocator<double, (unsigned long)64>>, std::vector<double, autopas::AlignedAllocator<double, (unsigned long)64>>, std::vector<double, autopas::AlignedAllocator<double, (unsigned long)64>>, std::vector<double, autopas::AlignedAllocator<double, (unsigned long)64>>, std::vector<double, autopas::AlignedAllocator<double, (unsigned long)64>>, std::vector<double, autopas::AlignedAllocator<double, (unsigned long)64>>, std::vector<double, autopas::AlignedAllocator<double, (unsigned long)64>>, std::vector<double, autopas::AlignedAllocator<double, (unsigned long)64>>, std::vector<double, autopas::AlignedAllocator<double, (unsigned long)64>>, std::vector<unsigned long, autopas::AlignedAllocator<unsigned long, (unsigned long)64>>, std::vector<autopas::OwnershipState, autopas::AlignedAllocator<autopas::OwnershipState, (unsigned long)64>>>&)#1}::operator()<std::vector<double, autopas::AlignedAllocator<double, (unsigned long)64>> const>",0.051557,0.051664,0.0,,0.0,,,,,,,,0.0,0.0,0.0,0.0,0.0,0.0,0.0,0.0,0.0,0.0,0.0,0.0,md-flexible,"autopas::SoA<std::tuple<std::vector<mdLib::MoleculeLJ*, autopas::AlignedAllocator<mdLib::MoleculeLJ*, (unsigned long)64>>, std::vector<unsigned long, autopas::AlignedAllocator<unsigned long, (unsigned long)64>>, std::vector<double, autopas::AlignedAllocator<double, (unsigned long)64>>, std::vector<double, autopas::AlignedAllocator<double, (unsigned long)64>>, std::vector<double, autopas::AlignedAllocator<double, (unsigned long)64>>, std::vector<double, autopas::AlignedAllocator<double, (unsigned long)64>>, std::vector<double, autopas::AlignedAllocator<double, (unsigned long)64>>, std::vector<double, autopas::AlignedAllocator<double, (unsigned long)64>>, std::vector<double, autopas::AlignedAllocator<double, (unsigned long)64>>, std::vector<double, autopas::AlignedAllocator<double, (unsigned long)64>>, std::vector<double, autopas::AlignedAllocator<double, (unsigned long)64>>, std::vector<double, autopas::AlignedAllocator<double, (unsigned long)64>>, std::vector<double, autopas::AlignedAllocator<double, (unsigned long)64>>, std::vector<double, autopas::AlignedAllocator<double, (unsigned long)64>>, std::vector<unsigned long, autopas::AlignedAllocator<unsigned long, (unsigned long)64>>, std::vector<autopas::OwnershipState, autopas::AlignedAllocator<autopas::OwnershipState, (unsigned long)64>>>>::size(void) const::{lambda(std::tuple<std::vector<mdLib::MoleculeLJ*, autopas::AlignedAllocator<mdLib::MoleculeLJ*, (unsigned long)64>>, std::vector<unsigned long, autopas::AlignedAllocator<unsigned long, (unsigned long)64>>, std::vector<double, autopas::AlignedAllocator<double, (unsigned long)64>>, std::vector<double, autopas::AlignedAllocator<double, (unsigned long)64>>, std::vector<double, autopas::AlignedAllocator<double, (unsigned long)64>>, std::vector<double, autopas::AlignedAllocator<double, (unsigned long)64>>, std::vector<double, autopas::AlignedAllocator<double, (unsigned long)64>>, std::vector<double, autopas::AlignedAllocator<double, (unsigned long)64>>, std::vector<double, autopas::AlignedAllocator<double, (unsigned long)64>>, std::vector<double, autopas::AlignedAllocator<double, (unsigned long)64>>, std::vector<double, autopas::AlignedAllocator<double, (unsigned long)64>>, std::vector<double, autopas::AlignedAllocator<double, (unsigned long)64>>, std::vector<double, autopas::AlignedAllocator<double, (unsigned long)64>>, std::vector<double, autopas::AlignedAllocator<double, (unsigned long)64>>, std::vector<unsigned long, autopas::AlignedAllocator<unsigned long, (unsigned long)64>>, std::vector<autopas::OwnershipState, autopas::AlignedAllocator<autopas::OwnershipState, (unsigned long)64>>>&)#1}::operator()<std::vector<double, autopas::AlignedAllocator<double, (unsigned long)64>> const>(signed char, std::tuple<std::vector<mdLib::MoleculeLJ*, autopas::AlignedAllocator<mdLib::MoleculeLJ*, (unsigned long)64>>, std::vector<unsigned long, autopas::AlignedAllocator<unsigned long, (unsigned long)64>>, std::vector<double, autopas::AlignedAllocator<double, (unsigned long)64>>, std::vector<double, autopas::AlignedAllocator<double, (unsigned long)64>>, std::vector<double, autopas::AlignedAllocator<double, (unsigned long)64>>, std::vector<double, autopas::AlignedAllocator<double, (unsigned long)64>>, std::vector<double, autopas::AlignedAllocator<double, (unsigned long)64>>, std::vector<double, autopas::AlignedAllocator<double, (unsigned long)64>>, std::vector<double, autopas::AlignedAllocator<double, (unsigned long)64>>, std::vector<double, autopas::AlignedAllocator<double, (unsigned long)64>>, std::vector<double, autopas::AlignedAllocator<double, (unsigned long)64>>, std::vector<double, autopas::AlignedAllocator<double, (unsigned long)64>>, std::vector<double, autopas::AlignedAllocator<double, (unsigned long)64>>, std::vector<double, autopas::AlignedAllocator<double, (unsigned long)64>>, std::vector<unsigned long, autopas::AlignedAllocator<unsigned long, (unsigned long)64>>, std::vector<autopas::OwnershipState, autopas::AlignedAllocator<autopas::OwnershipState, (unsigned long)64>>>&) const",SoA.h,0x54c15c
                          "std::vector<double, autopas::AlignedAllocator<double, (unsigned long)64>>::size",0.051557,0.051664,0.0,,0.0,,,,,,,,0.007986,0.007986,0.0,0.0,0.0,0.0,0.0,0.0,0.0,0.0,0.0,0.0,md-flexible,"std::vector<double, autopas::AlignedAllocator<double, (unsigned long)64>>::size(void) const",stl_vector.h,0x54c15c
              "std::unordered_map<mdLib::MoleculeLJ*, std::vector<mdLib::MoleculeLJ*, std::allocator<mdLib::MoleculeLJ*>>, std::hash<mdLib::MoleculeLJ*>, std::equal_to<mdLib::MoleculeLJ*>, std::allocator<std::pair<mdLib::MoleculeLJ* const, std::vector<mdLib::MoleculeLJ*, std::allocator<mdLib::MoleculeLJ*>>>>>::clear",0.335934,0.336630,0.0,,0.0,,,,,,,,0.052036,0.052036,0.0,0.0,0.0,0.0,0.0,0.0,0.0,0.0,0.0,0.0,md-flexible,"std::unordered_map<mdLib::MoleculeLJ*, std::vector<mdLib::MoleculeLJ*, std::allocator<mdLib::MoleculeLJ*>>, std::hash<mdLib::MoleculeLJ*>, std::equal_to<mdLib::MoleculeLJ*>, std::allocator<std::pair<mdLib::MoleculeLJ* const, std::vector<mdLib::MoleculeLJ*, std::allocator<mdLib::MoleculeLJ*>>>>>::clear(void)",unordered_map.h,0x542740
              "autopas::VerletLists<mdLib::MoleculeLJ, autopas::VerletListsLinkedReferencesBase>::generateAoSNeighborLists",0.232369,0.232851,0.0,,0.0,,,,,,,,0.0,0.0,0.0,0.0,0.0,0.0,0.0,0.0,0.0,0.0,0.0,0.0,md-flexible,"autopas::VerletLists<mdLib::MoleculeLJ, autopas::VerletListsLinkedReferencesBase>::generateAoSNeighborLists(void)",VerletLists.h,0x542740
               "std::unordered_map<mdLib::MoleculeLJ*, std::vector<mdLib::MoleculeLJ*, std::allocator<mdLib::MoleculeLJ*>>, std::hash<mdLib::MoleculeLJ*>, std::equal_to<mdLib::MoleculeLJ*>, std::allocator<std::pair<mdLib::MoleculeLJ* const, std::vector<mdLib::MoleculeLJ*, std::allocator<mdLib::MoleculeLJ*>>>>>::operator[]",0.232369,0.232851,0.0,,0.0,,,,,,,,0.035994,0.035994,0.0,0.0,0.0,0.0,0.0,0.0,0.0,0.0,0.0,0.0,md-flexible,"std::unordered_map<mdLib::MoleculeLJ*, std::vector<mdLib::MoleculeLJ*, std::allocator<mdLib::MoleculeLJ*>>, std::hash<mdLib::MoleculeLJ*>, std::equal_to<mdLib::MoleculeLJ*>, std::allocator<std::pair<mdLib::MoleculeLJ* const, std::vector<mdLib::MoleculeLJ*, std::allocator<mdLib::MoleculeLJ*>>>>>::operator[](mdLib::MoleculeLJ*&&)",unordered_map.h,0x542810
     autopas::AutoPas<mdLib::MoleculeLJ>::updateContainer,5.268045,5.071697,100.000000,,100.000000,,,,,,,,0.0,0.0,0.0,0.0,0.0,0.0,0.0,0.0,0.0,0.0,0.0,0.0,md-flexible,autopas::AutoPas<mdLib::MoleculeLJ>::updateContainer(void),AutoPasImpl.h,0x51bf10
      autopas::LogicHandler<mdLib::MoleculeLJ>::updateContainer,5.268045,5.071697,100.000000,,100.000000,,,,,,,,0.0,0.0,0.0,0.0,0.0,0.0,0.0,0.0,0.0,0.0,0.0,0.0,md-flexible,autopas::LogicHandler<mdLib::MoleculeLJ>::updateContainer(void),LogicHandler.h,0x51bc90
       autopas::VerletListsLinkedReferencesBase<mdLib::MoleculeLJ>::updateContainer,4.854488,4.657282,100.000000,,100.000000,,,,,,,,0.0,0.0,0.0,0.0,0.0,0.0,0.0,0.0,0.0,0.0,0.0,0.0,md-flexible,autopas::VerletListsLinkedReferencesBase<mdLib::MoleculeLJ>::updateContainer(bool),VerletListsLinkedReferencesBase.h,0x547330
        autopas::VerletListsLinkedReferencesBase<mdLib::MoleculeLJ>::sortParticlesByConfiguredKey,4.776976,4.579610,100.000000,,100.000000,,,,,,,,0.0,0.0,0.0,0.0,0.0,0.0,0.0,0.0,0.0,0.0,0.0,0.0,md-flexible,autopas::VerletListsLinkedReferencesBase<mdLib::MoleculeLJ>::sortParticlesByConfiguredKey(void),VerletListsLinkedReferencesBase.h,0x5474db
         autopas::LinkedCellsReferences<mdLib::MoleculeLJ>::sortParticlesAndUpdateReferences<autopas::VerletListsLinkedReferencesBase<mdLib::MoleculeLJ>::sortParticlesByConfiguredKey(void)::{lambda(mdLib::MoleculeLJ const&mdLib::MoleculeLJ const&)#1}>,4.776976,4.579610,100.000000,,100.000000,,,,,,,,0.0,0.0,0.0,0.0,0.0,0.0,0.0,0.0,0.0,0.0,0.0,0.0,md-flexible,autopas::LinkedCellsReferences<mdLib::MoleculeLJ>::sortParticlesAndUpdateReferences<autopas::VerletListsLinkedReferencesBase<mdLib::MoleculeLJ>::sortParticlesByConfiguredKey(void)::{lambda(mdLib::MoleculeLJ const&mdLib::MoleculeLJ const&)#1}>(autopas::VerletListsLinkedReferencesBase<mdLib::MoleculeLJ>::sortParticlesByConfiguredKey(void)::{lambda(mdLib::MoleculeLJ const&mdLib::MoleculeLJ const&)#1}),LinkedCellsReferences.h,0x5474db
          ParticleVector<mdLib::MoleculeLJ>::sortParticles<autopas::VerletListsLinkedReferencesBase<mdLib::MoleculeLJ>::sortParticlesByConfiguredKey(void)::{lambda(mdLib::MoleculeLJ const&mdLib::MoleculeLJ const&)#1}>,4.518405,4.527770,0.0,,0.0,,,,,,,,0.0,0.0,0.0,0.0,0.0,0.0,0.0,0.0,0.0,0.0,0.0,0.0,md-flexible,ParticleVector<mdLib::MoleculeLJ>::sortParticles<autopas::VerletListsLinkedReferencesBase<mdLib::MoleculeLJ>::sortParticlesByConfiguredKey(void)::{lambda(mdLib::MoleculeLJ const&mdLib::MoleculeLJ const&)#1}>(autopas::VerletListsLinkedReferencesBase<mdLib::MoleculeLJ>::sortParticlesByConfiguredKey(void)::{lambda(mdLib::MoleculeLJ const&mdLib::MoleculeLJ const&)#1}),ParticleVector.h,0x5474db
           "std::sort<__gnu_cxx::__normal_iterator<mdLib::MoleculeLJ*, std::vector<mdLib::MoleculeLJ, std::allocator<mdLib::MoleculeLJ>>>, autopas::VerletListsLinkedReferencesBase<mdLib::MoleculeLJ>::sortParticlesByConfiguredKey(void)::{lambda(mdLib::MoleculeLJ const&mdLib::MoleculeLJ const&)#1}>",4.518405,4.527770,0.0,,0.0,,,,,,,,0.007987,0.007987,0.0,0.0,0.0,0.0,0.0,0.0,0.0,0.0,0.0,0.0,md-flexible,"std::sort<__gnu_cxx::__normal_iterator<mdLib::MoleculeLJ*, std::vector<mdLib::MoleculeLJ, std::allocator<mdLib::MoleculeLJ>>>, autopas::VerletListsLinkedReferencesBase<mdLib::MoleculeLJ>::sortParticlesByConfiguredKey(void)::{lambda(mdLib::MoleculeLJ const&mdLib::MoleculeLJ const&)#1}>(__gnu_cxx::__normal_iterator<mdLib::MoleculeLJ*, std::vector<mdLib::MoleculeLJ, std::allocator<mdLib::MoleculeLJ>>>, __gnu_cxx::__normal_iterator<mdLib::MoleculeLJ*, std::vector<mdLib::MoleculeLJ, std::allocator<mdLib::MoleculeLJ>>>, autopas::VerletListsLinkedReferencesBase<mdLib::MoleculeLJ>::sortParticlesByConfiguredKey(void)::{lambda(mdLib::MoleculeLJ const&mdLib::MoleculeLJ const&)#1})",stl_algo.h,0x5474ee
            "__gnu_cxx::__ops::_Iter_comp_iter<autopas::VerletListsLinkedReferencesBase<mdLib::MoleculeLJ>::sortParticlesByConfiguredKey(void)::{lambda(mdLib::MoleculeLJ const&mdLib::MoleculeLJ const&)#1}>::operator()<__gnu_cxx::__normal_iterator<mdLib::MoleculeLJ*, std::vector<mdLib::MoleculeLJ, std::allocator<mdLib::MoleculeLJ>>>, __gnu_cxx::__normal_iterator<mdLib::MoleculeLJ*, std::vector<mdLib::MoleculeLJ, std::allocator<mdLib::MoleculeLJ>>>>",2.452905,2.457989,0.0,,0.0,,,,,,,,0.0,0.0,0.0,0.0,0.0,0.0,0.0,0.0,0.0,0.0,0.0,0.0,md-flexible,"__gnu_cxx::__ops::_Iter_comp_iter<autopas::VerletListsLinkedReferencesBase<mdLib::MoleculeLJ>::sortParticlesByConfiguredKey(void)::{lambda(mdLib::MoleculeLJ const&mdLib::MoleculeLJ const&)#1}>::operator()<__gnu_cxx::__normal_iterator<mdLib::MoleculeLJ*, std::vector<mdLib::MoleculeLJ, std::allocator<mdLib::MoleculeLJ>>>, __gnu_cxx::__normal_iterator<mdLib::MoleculeLJ*, std::vector<mdLib::MoleculeLJ, std::allocator<mdLib::MoleculeLJ>>>>(__gnu_cxx::__normal_iterator<mdLib::MoleculeLJ*, std::vector<mdLib::MoleculeLJ, std::allocator<mdLib::MoleculeLJ>>>, __gnu_cxx::__normal_iterator<mdLib::MoleculeLJ*, std::vector<mdLib::MoleculeLJ, std::allocator<mdLib::MoleculeLJ>>>)",predefined_ops.h,0x547010
             autopas::VerletListsLinkedReferencesBase<mdLib::MoleculeLJ>::sortParticlesByConfiguredKey(void)::{lambda(mdLib::MoleculeLJ const&mdLib::MoleculeLJ const&)#1}::operator(),2.452905,2.457989,0.0,,0.0,,,,,,,,0.007999,0.007999,0.0,0.0,0.0,0.0,0.0,0.0,0.0,0.0,0.0,0.0,md-flexible,"autopas::VerletListsLinkedReferencesBase<mdLib::MoleculeLJ>::sortParticlesByConfiguredKey(void)::{lambda(mdLib::MoleculeLJ const&mdLib::MoleculeLJ const&)#1}::operator()(mdLib::MoleculeLJ const&, mdLib::MoleculeLJ const&) const",VerletListsLinkedReferencesBase.h,0x547010
              autopas::VerletListsLinkedReferencesBase<mdLib::MoleculeLJ>::sortingKeyForParticle,2.401267,2.406244,0.0,,0.0,,,,,,,,0.039996,0.039996,0.0,0.0,0.0,0.0,0.0,0.0,0.0,0.0,0.0,0.0,md-flexible,autopas::VerletListsLinkedReferencesBase<mdLib::MoleculeLJ>::sortingKeyForParticle(mdLib::MoleculeLJ const&) const,VerletListsLinkedReferencesBase.h,0x538840
               autopas::VerletListsLinkedReferencesBase<mdLib::MoleculeLJ>::mortonKey,1.161759,1.164167,0.0,,0.0,,,,,,,,0.179955,0.179955,0.0,0.0,0.0,0.0,0.0,0.0,0.0,0.0,0.0,0.0,md-flexible,"autopas::VerletListsLinkedReferencesBase<mdLib::MoleculeLJ>::mortonKey(std::array<unsigned long, (unsigned long)3> const&, unsigned int) const",VerletListsLinkedReferencesBase.h,0x538c1d
               autopas::VerletListsLinkedReferencesBase<mdLib::MoleculeLJ>::getParticleCoordinateForPosition,0.981299,0.983333,0.0,,0.0,,,,,,,,0.152002,0.152002,0.0,0.0,0.0,0.0,0.0,0.0,0.0,0.0,0.0,0.0,md-flexible,"autopas::VerletListsLinkedReferencesBase<mdLib::MoleculeLJ>::getParticleCoordinateForPosition(std::array<double, (unsigned long)3> const&) const",VerletListsLinkedReferencesBase.h,0x5388c0
            "__gnu_cxx::__ops::_Iter_comp_iter<autopas::VerletListsLinkedReferencesBase<mdLib::MoleculeLJ>::sortParticlesByConfiguredKey(void)::{lambda(mdLib::MoleculeLJ const&mdLib::MoleculeLJ const&)#1}>::operator()<__gnu_cxx::__normal_iterator<mdLib::MoleculeLJ*, std::vector<mdLib::MoleculeLJ, std::allocator<mdLib::MoleculeLJ>>>, __gnu_cxx::__normal_iterator<mdLib::MoleculeLJ*, std::vector<mdLib::MoleculeLJ, std::allocator<mdLib::MoleculeLJ>>>>",1.497560,1.500664,0.0,,0.0,,,,,,,,0.0,0.0,0.0,0.0,0.0,0.0,0.0,0.0,0.0,0.0,0.0,0.0,md-flexible,"__gnu_cxx::__ops::_Iter_comp_iter<autopas::VerletListsLinkedReferencesBase<mdLib::MoleculeLJ>::sortParticlesByConfiguredKey(void)::{lambda(mdLib::MoleculeLJ const&mdLib::MoleculeLJ const&)#1}>::operator()<__gnu_cxx::__normal_iterator<mdLib::MoleculeLJ*, std::vector<mdLib::MoleculeLJ, std::allocator<mdLib::MoleculeLJ>>>, __gnu_cxx::__normal_iterator<mdLib::MoleculeLJ*, std::vector<mdLib::MoleculeLJ, std::allocator<mdLib::MoleculeLJ>>>>(__gnu_cxx::__normal_iterator<mdLib::MoleculeLJ*, std::vector<mdLib::MoleculeLJ, std::allocator<mdLib::MoleculeLJ>>>, __gnu_cxx::__normal_iterator<mdLib::MoleculeLJ*, std::vector<mdLib::MoleculeLJ, std::allocator<mdLib::MoleculeLJ>>>)",predefined_ops.h,0x546fc8
             autopas::VerletListsLinkedReferencesBase<mdLib::MoleculeLJ>::sortParticlesByConfiguredKey(void)::{lambda(mdLib::MoleculeLJ const&mdLib::MoleculeLJ const&)#1}::operator(),1.497560,1.500664,0.0,,0.0,,,,,,,,0.0,0.0,0.0,0.0,0.0,0.0,0.0,0.0,0.0,0.0,0.0,0.0,md-flexible,"autopas::VerletListsLinkedReferencesBase<mdLib::MoleculeLJ>::sortParticlesByConfiguredKey(void)::{lambda(mdLib::MoleculeLJ const&mdLib::MoleculeLJ const&)#1}::operator()(mdLib::MoleculeLJ const&, mdLib::MoleculeLJ const&) const",VerletListsLinkedReferencesBase.h,0x546fc8
              autopas::VerletListsLinkedReferencesBase<mdLib::MoleculeLJ>::sortingKeyForParticle,1.497560,1.500664,0.0,,0.0,,,,,,,,0.023999,0.023999,0.0,0.0,0.0,0.0,0.0,0.0,0.0,0.0,0.0,0.0,md-flexible,autopas::VerletListsLinkedReferencesBase<mdLib::MoleculeLJ>::sortingKeyForParticle(mdLib::MoleculeLJ const&) const,VerletListsLinkedReferencesBase.h,0x538840
               autopas::VerletListsLinkedReferencesBase<mdLib::MoleculeLJ>::getParticleCoordinateForPosition,0.852215,0.853982,0.0,,0.0,,,,,,,,0.132007,0.132007,0.0,0.0,0.0,0.0,0.0,0.0,0.0,0.0,0.0,0.0,md-flexible,"autopas::VerletListsLinkedReferencesBase<mdLib::MoleculeLJ>::getParticleCoordinateForPosition(std::array<double, (unsigned long)3> const&) const",VerletListsLinkedReferencesBase.h,0x5388c0
               autopas::VerletListsLinkedReferencesBase<mdLib::MoleculeLJ>::mortonKey,0.490414,0.491431,0.0,,0.0,,,,,,,,0.075965,0.075965,0.0,0.0,0.0,0.0,0.0,0.0,0.0,0.0,0.0,0.0,md-flexible,"autopas::VerletListsLinkedReferencesBase<mdLib::MoleculeLJ>::mortonKey(std::array<unsigned long, (unsigned long)3> const&, unsigned int) const",VerletListsLinkedReferencesBase.h,0x538c1d
            "__gnu_cxx::__ops::_Val_comp_iter<autopas::VerletListsLinkedReferencesBase<mdLib::MoleculeLJ>::sortParticlesByConfiguredKey(void)::{lambda(mdLib::MoleculeLJ const&mdLib::MoleculeLJ const&)#1}>::operator()<mdLib::MoleculeLJ, __gnu_cxx::__normal_iterator<mdLib::MoleculeLJ*, std::vector<mdLib::MoleculeLJ, std::allocator<mdLib::MoleculeLJ>>>>",0.464759,0.465723,0.0,,0.0,,,,,,,,0.0,0.0,0.0,0.0,0.0,0.0,0.0,0.0,0.0,0.0,0.0,0.0,md-flexible,"__gnu_cxx::__ops::_Val_comp_iter<autopas::VerletListsLinkedReferencesBase<mdLib::MoleculeLJ>::sortParticlesByConfiguredKey(void)::{lambda(mdLib::MoleculeLJ const&mdLib::MoleculeLJ const&)#1}>::operator()<mdLib::MoleculeLJ, __gnu_cxx::__normal_iterator<mdLib::MoleculeLJ*, std::vector<mdLib::MoleculeLJ, std::allocator<mdLib::MoleculeLJ>>>>(mdLib::MoleculeLJ&, __gnu_cxx::__normal_iterator<mdLib::MoleculeLJ*, std::vector<mdLib::MoleculeLJ, std::allocator<mdLib::MoleculeLJ>>>)",predefined_ops.h,0x547716
             autopas::VerletListsLinkedReferencesBase<mdLib::MoleculeLJ>::sortParticlesByConfiguredKey(void)::{lambda(mdLib::MoleculeLJ const&mdLib::MoleculeLJ const&)#1}::operator(),0.464759,0.465723,0.0,,0.0,,,,,,,,0.0,0.0,0.0,0.0,0.0,0.0,0.0,0.0,0.0,0.0,0.0,0.0,md-flexible,"autopas::VerletListsLinkedReferencesBase<mdLib::MoleculeLJ>::sortParticlesByConfiguredKey(void)::{lambda(mdLib::MoleculeLJ const&mdLib::MoleculeLJ const&)#1}::operator()(mdLib::MoleculeLJ const&, mdLib::MoleculeLJ const&) const",VerletListsLinkedReferencesBase.h,0x547716
              autopas::VerletListsLinkedReferencesBase<mdLib::MoleculeLJ>::sortingKeyForParticle,0.464759,0.465723,0.0,,0.0,,,,,,,,0.0,0.0,0.0,0.0,0.0,0.0,0.0,0.0,0.0,0.0,0.0,0.0,md-flexible,autopas::VerletListsLinkedReferencesBase<mdLib::MoleculeLJ>::sortingKeyForParticle(mdLib::MoleculeLJ const&) const,VerletListsLinkedReferencesBase.h,0x538840
               autopas::VerletListsLinkedReferencesBase<mdLib::MoleculeLJ>::mortonKey,0.387308,0.388111,0.0,,0.0,,,,,,,,0.059994,0.059994,0.0,0.0,0.0,0.0,0.0,0.0,0.0,0.0,0.0,0.0,md-flexible,"autopas::VerletListsLinkedReferencesBase<mdLib::MoleculeLJ>::mortonKey(std::array<unsigned long, (unsigned long)3> const&, unsigned int) const",VerletListsLinkedReferencesBase.h,0x538c1d
               autopas::VerletListsLinkedReferencesBase<mdLib::MoleculeLJ>::getParticleCoordinateForPosition,0.077451,0.077612,0.0,,0.0,,,,,,,,0.011997,0.011997,0.0,0.0,0.0,0.0,0.0,0.0,0.0,0.0,0.0,0.0,md-flexible,"autopas::VerletListsLinkedReferencesBase<mdLib::MoleculeLJ>::getParticleCoordinateForPosition(std::array<double, (unsigned long)3> const&) const",VerletListsLinkedReferencesBase.h,0x5388c0
            "__gnu_cxx::__ops::_Iter_comp_iter<autopas::VerletListsLinkedReferencesBase<mdLib::MoleculeLJ>::sortParticlesByConfiguredKey(void)::{lambda(mdLib::MoleculeLJ const&mdLib::MoleculeLJ const&)#1}>::operator()<__gnu_cxx::__normal_iterator<mdLib::MoleculeLJ*, std::vector<mdLib::MoleculeLJ, std::allocator<mdLib::MoleculeLJ>>>, __gnu_cxx::__normal_iterator<mdLib::MoleculeLJ*, std::vector<mdLib::MoleculeLJ, std::allocator<mdLib::MoleculeLJ>>>>",0.051616,0.051723,0.0,,0.0,,,,,,,,0.0,0.0,0.0,0.0,0.0,0.0,0.0,0.0,0.0,0.0,0.0,0.0,md-flexible,"__gnu_cxx::__ops::_Iter_comp_iter<autopas::VerletListsLinkedReferencesBase<mdLib::MoleculeLJ>::sortParticlesByConfiguredKey(void)::{lambda(mdLib::MoleculeLJ const&mdLib::MoleculeLJ const&)#1}>::operator()<__gnu_cxx::__normal_iterator<mdLib::MoleculeLJ*, std::vector<mdLib::MoleculeLJ, std::allocator<mdLib::MoleculeLJ>>>, __gnu_cxx::__normal_iterator<mdLib::MoleculeLJ*, std::vector<mdLib::MoleculeLJ, std::allocator<mdLib::MoleculeLJ>>>>(__gnu_cxx::__normal_iterator<mdLib::MoleculeLJ*, std::vector<mdLib::MoleculeLJ, std::allocator<mdLib::MoleculeLJ>>>, __gnu_cxx::__normal_iterator<mdLib::MoleculeLJ*, std::vector<mdLib::MoleculeLJ, std::allocator<mdLib::MoleculeLJ>>>)",predefined_ops.h,0x546f5d
             autopas::VerletListsLinkedReferencesBase<mdLib::MoleculeLJ>::sortParticlesByConfiguredKey(void)::{lambda(mdLib::MoleculeLJ const&mdLib::MoleculeLJ const&)#1}::operator(),0.051616,0.051723,0.0,,0.0,,,,,,,,0.0,0.0,0.0,0.0,0.0,0.0,0.0,0.0,0.0,0.0,0.0,0.0,md-flexible,"autopas::VerletListsLinkedReferencesBase<mdLib::MoleculeLJ>::sortParticlesByConfiguredKey(void)::{lambda(mdLib::MoleculeLJ const&mdLib::MoleculeLJ const&)#1}::operator()(mdLib::MoleculeLJ const&, mdLib::MoleculeLJ const&) const",VerletListsLinkedReferencesBase.h,0x546f5d
              autopas::VerletListsLinkedReferencesBase<mdLib::MoleculeLJ>::sortingKeyForParticle,0.051616,0.051723,0.0,,0.0,,,,,,,,0.0,0.0,0.0,0.0,0.0,0.0,0.0,0.0,0.0,0.0,0.0,0.0,md-flexible,autopas::VerletListsLinkedReferencesBase<mdLib::MoleculeLJ>::sortingKeyForParticle(mdLib::MoleculeLJ const&) const,VerletListsLinkedReferencesBase.h,0x538840
               autopas::VerletListsLinkedReferencesBase<mdLib::MoleculeLJ>::getParticleCoordinateForPosition,0.051616,0.051723,0.0,,0.0,,,,,,,,0.007995,0.007995,0.0,0.0,0.0,0.0,0.0,0.0,0.0,0.0,0.0,0.0,md-flexible,"autopas::VerletListsLinkedReferencesBase<mdLib::MoleculeLJ>::getParticleCoordinateForPosition(std::array<double, (unsigned long)3> const&) const",VerletListsLinkedReferencesBase.h,0x5388c0
          autopas::LinkedCellsReferences<mdLib::MoleculeLJ>::updateDirtyParticleReferences,0.258572,0.051840,100.000000,,100.000000,,,,,,,,0.0,0.0,0.0,0.0,0.0,0.0,0.0,0.0,0.0,0.0,0.0,0.0,md-flexible,autopas::LinkedCellsReferences<mdLib::MoleculeLJ>::updateDirtyParticleReferences(void),LinkedCellsReferences.h,0x54781e
           autopas::LinkedCellsReferences<mdLib::MoleculeLJ>::updateDirtyParticleReferences,0.258572,0.051840,100.000000,,100.000000,,,,,,,,0.0,0.0,0.0,0.0,0.0,0.0,0.0,0.0,0.0,0.0,0.0,0.0,md-flexible,autopas::LinkedCellsReferences<mdLib::MoleculeLJ>::updateDirtyParticleReferences(void),LinkedCellsReferences.h,0x41b450
            autopas::ReferenceParticleCell<mdLib::MoleculeLJ>::addParticleReference,0.258572,0.051840,100.000000,,100.000000,,,,,,,,0.0,0.0,0.0,0.0,0.0,0.0,0.0,0.0,0.0,0.0,0.0,0.0,md-flexible,autopas::ReferenceParticleCell<mdLib::MoleculeLJ>::addParticleReference(mdLib::MoleculeLJ*),ReferenceParticleCell.h,0x41b450
             std::lock_guard<autopas::AutoPasLock>::lock_guard,0.206839,0.0,100.000000,,100.000000,,,,,,,,0.0,0.0,0.0,0.0,0.0,0.0,0.0,0.0,0.0,0.0,0.0,0.0,md-flexible,std::lock_guard<autopas::AutoPasLock>::lock_guard(autopas::AutoPasLock&),std_mutex.h,0x50147d
              autopas::AutoPasLock::lock,0.206839,0.0,100.000000,,100.000000,,,,,,,,0.0,0.0,0.0,0.0,0.0,0.0,0.0,0.0,0.0,0.0,0.0,0.0,md-flexible,autopas::AutoPasLock::lock(void),WrapOpenMP.h,0x50147d
               gomp_set_lock_30,0.206839,0.0,100.000000,,100.000000,,,,,,,,0.032039,0.0,0.032039,0.0,0.032039,0.0,0.0,0.0,0.0,0.0,0.0,0.0,libgomp.so.1,gomp_set_lock_30,lock.c,0x23dc0
             std::lock_guard<autopas::AutoPasLock>::~lock_guard,0.051733,0.051840,0.0,,0.0,,,,,,,,0.0,0.0,0.0,0.0,0.0,0.0,0.0,0.0,0.0,0.0,0.0,0.0,md-flexible,std::lock_guard<autopas::AutoPasLock>::~lock_guard(void),std_mutex.h,0x5014a2
              autopas::AutoPasLock::unlock,0.051733,0.051840,0.0,,0.0,,,,,,,,0.0,0.0,0.0,0.0,0.0,0.0,0.0,0.0,0.0,0.0,0.0,0.0,md-flexible,autopas::AutoPasLock::unlock(void),WrapOpenMP.h,0x5014a2
               gomp_unset_lock_30,0.051733,0.051840,0.0,,0.0,,,,,,,,0.008013,0.008013,0.0,0.0,0.0,0.0,0.0,0.0,0.0,0.0,0.0,0.0,libgomp.so.1,gomp_unset_lock_30,lock.c,0x23de0
        autopas::LeavingParticleCollector::collectParticlesAndMarkNonOwnedAsDummy<autopas::LinkedCellsReferences<mdLib::MoleculeLJ>>,0.077511,0.077672,0.0,,0.0,,,,,,,,0.0,0.0,0.0,0.0,0.0,0.0,0.0,0.0,0.0,0.0,0.0,0.0,md-flexible,autopas::LeavingParticleCollector::collectParticlesAndMarkNonOwnedAsDummy<autopas::LinkedCellsReferences<mdLib::MoleculeLJ>>(autopas::LinkedCellsReferences<mdLib::MoleculeLJ>&),LeavingParticleCollector.h,0x52ff50
         GOMP_parallel,0.077511,0.077672,0.0,,0.0,,,,,,,,0.0,0.0,0.0,0.0,0.0,0.0,0.0,0.0,0.0,0.0,0.0,0.0,libgomp.so.1,GOMP_parallel,parallel.c,0x18260
          autopas::LeavingParticleCollector::collectParticlesAndMarkNonOwnedAsDummy<autopas::LinkedCellsReferences<mdLib::MoleculeLJ>>._omp_fn.0,0.077511,0.077672,0.0,,0.0,,,,,,,,0.0,0.0,0.0,0.0,0.0,0.0,0.0,0.0,0.0,0.0,0.0,0.0,md-flexible,autopas::LeavingParticleCollector::collectParticlesAndMarkNonOwnedAsDummy<autopas::LinkedCellsReferences<mdLib::MoleculeLJ>>._omp_fn.0,LeavingParticleCollector.h,0x521fa0
           "autopas::ContainerIterator<mdLib::MoleculeLJ, (bool)1, (bool)1>::fetchParticleAtCurrentIndex",0.077511,0.077672,0.0,,0.0,,,,,,,,0.0,0.0,0.0,0.0,0.0,0.0,0.0,0.0,0.0,0.0,0.0,0.0,md-flexible,"autopas::ContainerIterator<mdLib::MoleculeLJ, (bool)1, (bool)1>::fetchParticleAtCurrentIndex(void)",ContainerIterator.h,0x4f20e0
            autopas::ParticleContainerInterface<mdLib::MoleculeLJ>::getParticle,0.077511,0.077672,0.0,,0.0,,,,,,,,0.0,0.0,0.0,0.0,0.0,0.0,0.0,0.0,0.0,0.0,0.0,0.0,md-flexible,"autopas::ParticleContainerInterface<mdLib::MoleculeLJ>::getParticle(unsigned long, unsigned long, autopas::options::IteratorBehavior, std::array<double, (unsigned long)3> const&, std::array<double, (unsigned long)3> const&)",ParticleContainerInterface.h,0x4f224f
             autopas::LinkedCellsReferences<mdLib::MoleculeLJ>::getParticle,0.077511,0.077672,0.0,,0.0,,,,,,,,0.0,0.0,0.0,0.0,0.0,0.0,0.0,0.0,0.0,0.0,0.0,0.0,md-flexible,"autopas::LinkedCellsReferences<mdLib::MoleculeLJ>::getParticle(unsigned long, unsigned long, autopas::options::IteratorBehavior, std::array<double, (unsigned long)3> const&, std::array<double, (unsigned long)3> const&) const",LinkedCellsReferences.h,0x53a950
              autopas::LinkedCellsReferences<mdLib::MoleculeLJ>::getParticleImpl<(bool)1>,0.077511,0.077672,0.0,,0.0,,,,,,,,0.0,0.0,0.0,0.0,0.0,0.0,0.0,0.0,0.0,0.0,0.0,0.0,md-flexible,"autopas::LinkedCellsReferences<mdLib::MoleculeLJ>::getParticleImpl<(bool)1>(unsigned long, unsigned long, autopas::options::IteratorBehavior, std::array<double, (unsigned long)3> const&, std::array<double, (unsigned long)3> const&) const",LinkedCellsReferences.h,0x53a510
               autopas::LinkedCellsReferences<mdLib::MoleculeLJ>::advanceIteratorIndices<(bool)1>,0.077511,0.077672,0.0,,0.0,,,,,,,,0.0,0.0,0.0,0.0,0.0,0.0,0.0,0.0,0.0,0.0,0.0,0.0,md-flexible,"autopas::LinkedCellsReferences<mdLib::MoleculeLJ>::advanceIteratorIndices<(bool)1>(unsigned long, unsigned long, autopas::options::IteratorBehavior, std::array<double, (unsigned long)3> const&, std::array<double, (unsigned long)3> const&, std::array<double, (unsigned long)3> const&, std::array<double, (unsigned long)3> const&, unsigned long) const",LinkedCellsReferences.h,0x53a080
                "autopas::LinkedCellsReferences<mdLib::MoleculeLJ>::advanceIteratorIndices<(bool)1>(unsigned long, unsigned long, autopas::options::IteratorBehavior, std::array<double, (unsigned long)3> const&, std::array<double, (unsigned long)3> const&, std::array<double, (unsigned long)3> const&, std::array<double, (unsigned long)3> const&, unsigned long) const::{lambda()#1}::operator()",0.077511,0.077672,0.0,,0.0,,,,,,,,0.0,0.0,0.0,0.0,0.0,0.0,0.0,0.0,0.0,0.0,0.0,0.0,md-flexible,"autopas::LinkedCellsReferences<mdLib::MoleculeLJ>::advanceIteratorIndices<(bool)1>(unsigned long, unsigned long, autopas::options::IteratorBehavior, std::array<double, (unsigned long)3> const&, std::array<double, (unsigned long)3> const&, std::array<double, (unsigned long)3> const&, std::array<double, (unsigned long)3> const&, unsigned long) const::{lambda()#1}::operator()(void) const",LinkedCellsReferences.h,0x53a0ba
                 "autopas::LinkedCellsReferences<mdLib::MoleculeLJ>::advanceIteratorIndices<(bool)1>(unsigned long, unsigned long, autopas::options::IteratorBehavior, std::array<double, (unsigned long)3> const&, std::array<double, (unsigned long)3> const&, std::array<double, (unsigned long)3> const&, std::array<double, (unsigned long)3> const&, unsigned long) const::{lambda()#1}::operator()",0.077511,0.077672,0.0,,0.0,,,,,,,,0.0,0.0,0.0,0.0,0.0,0.0,0.0,0.0,0.0,0.0,0.0,0.0,md-flexible,"autopas::LinkedCellsReferences<mdLib::MoleculeLJ>::advanceIteratorIndices<(bool)1>(unsigned long, unsigned long, autopas::options::IteratorBehavior, std::array<double, (unsigned long)3> const&, std::array<double, (unsigned long)3> const&, std::array<double, (unsigned long)3> const&, std::array<double, (unsigned long)3> const&, unsigned long) const::{lambda()#1}::operator()(void) const",LinkedCellsReferences.h,0x53a187
                  autopas::internal::CellBlock3D<autopas::ReferenceParticleCell<mdLib::MoleculeLJ>>::getCellBoundingBox,0.077511,0.077672,0.0,,0.0,,,,,,,,0.0,0.0,0.0,0.0,0.0,0.0,0.0,0.0,0.0,0.0,0.0,0.0,md-flexible,autopas::internal::CellBlock3D<autopas::ReferenceParticleCell<mdLib::MoleculeLJ>>::getCellBoundingBox(unsigned long) const,CellBlock3D.h,0x53a187
                   autopas::internal::CellBlock3D<autopas::ReferenceParticleCell<mdLib::MoleculeLJ>>::getCellBoundingBox,0.077511,0.077672,0.0,,0.0,,,,,,,,0.012006,0.012006,0.0,0.0,0.0,0.0,0.0,0.0,0.0,0.0,0.0,0.0,md-flexible,"autopas::internal::CellBlock3D<autopas::ReferenceParticleCell<mdLib::MoleculeLJ>>::getCellBoundingBox(std::array<unsigned long, (unsigned long)3> const&) const",CellBlock3D.h,0x53a18d
       autopas::LogicHandler<mdLib::MoleculeLJ>::checkNeighborListsInvalidDoDynamicRebuild,0.413558,0.414415,0.0,,0.0,,,,,,,,0.0,0.0,0.0,0.0,0.0,0.0,0.0,0.0,0.0,0.0,0.0,0.0,md-flexible,autopas::LogicHandler<mdLib::MoleculeLJ>::checkNeighborListsInvalidDoDynamicRebuild(void),LogicHandler.h,0x51bca2
        GOMP_parallel,0.413558,0.414415,0.0,,0.0,,,,,,,,0.0,0.0,0.0,0.0,0.0,0.0,0.0,0.0,0.0,0.0,0.0,0.0,libgomp.so.1,GOMP_parallel,parallel.c,0x18260
         autopas::LogicHandler<mdLib::MoleculeLJ>::checkNeighborListsInvalidDoDynamicRebuild._omp_fn.0,0.413558,0.414415,0.0,,0.0,,,,,,,,0.036000,0.036000,0.0,0.0,0.0,0.0,0.0,0.0,0.0,0.0,0.0,0.0,md-flexible,autopas::LogicHandler<mdLib::MoleculeLJ>::checkNeighborListsInvalidDoDynamicRebuild._omp_fn.0,LogicHandler.h,0x514b60
          autopas::LinkedCellsReferences<mdLib::MoleculeLJ>::getParticle,0.181150,0.181525,0.0,,0.0,,,,,,,,0.008001,0.008001,0.0,0.0,0.0,0.0,0.0,0.0,0.0,0.0,0.0,0.0,md-flexible,"autopas::LinkedCellsReferences<mdLib::MoleculeLJ>::getParticle(unsigned long, unsigned long, autopas::options::IteratorBehavior) const",LinkedCellsReferences.h,0x50e640
           autopas::LinkedCellsReferences<mdLib::MoleculeLJ>::getParticleImpl<(bool)0>,0.129494,0.129763,0.0,,0.0,,,,,,,,0.011998,0.011998,0.0,0.0,0.0,0.0,0.0,0.0,0.0,0.0,0.0,0.0,md-flexible,"autopas::LinkedCellsReferences<mdLib::MoleculeLJ>::getParticleImpl<(bool)0>(unsigned long, unsigned long, autopas::options::IteratorBehavior, std::array<double, (unsigned long)3> const&, std::array<double, (unsigned long)3> const&) const",LinkedCellsReferences.h,0x50e651
            autopas::ReferenceParticleCell<mdLib::MoleculeLJ>::operator[],0.052036,0.052144,0.0,,0.0,,,,,,,,0.008060,0.008060,0.0,0.0,0.0,0.0,0.0,0.0,0.0,0.0,0.0,0.0,md-flexible,autopas::ReferenceParticleCell<mdLib::MoleculeLJ>::operator[](unsigned long) const,ReferenceParticleCell.h,0x50e748
     Simulation::updatePositionsAndResetForces,0.670976,0.672367,0.0,,0.0,,,,,,,,0.0,0.0,0.0,0.0,0.0,0.0,0.0,0.0,0.0,0.0,0.0,0.0,md-flexible,Simulation::updatePositionsAndResetForces(void),Simulation.cpp,0x40a1c4
      TimeDiscretization::calculatePositionsAndResetForces,0.670976,0.672367,0.0,,0.0,,,,,,,,0.0,0.0,0.0,0.0,0.0,0.0,0.0,0.0,0.0,0.0,0.0,0.0,md-flexible,"TimeDiscretization::calculatePositionsAndResetForces(autopas::AutoPas<mdLib::MoleculeLJ>&, ParticlePropertiesLibrary<double, unsigned long> const&, double const&, std::array<double, (unsigned long)3> const&, bool)",TimeDiscretization.cpp,0x459a40
       GOMP_parallel,0.670976,0.672367,0.0,,0.0,,,,,,,,0.0,0.0,0.0,0.0,0.0,0.0,0.0,0.0,0.0,0.0,0.0,0.0,libgomp.so.1,GOMP_parallel,parallel.c,0x18260
        TimeDiscretization::calculatePositionsAndResetForces._omp_fn.0,0.670976,0.672367,0.0,,0.0,,,,,,,,0.060000,0.060000,0.0,0.0,0.0,0.0,0.0,0.0,0.0,0.0,0.0,0.0,md-flexible,TimeDiscretization::calculatePositionsAndResetForces._omp_fn.0,TimeDiscretization.cpp,0x4593c0
         autopas::LinkedCellsReferences<mdLib::MoleculeLJ>::getParticle,0.180495,0.180870,0.0,,0.0,,,,,,,,0.012006,0.012006,0.0,0.0,0.0,0.0,0.0,0.0,0.0,0.0,0.0,0.0,md-flexible,"autopas::LinkedCellsReferences<mdLib::MoleculeLJ>::getParticle(unsigned long, unsigned long, autopas::options::IteratorBehavior) const",LinkedCellsReferences.h,0x50e640
          autopas::LinkedCellsReferences<mdLib::MoleculeLJ>::getParticleImpl<(bool)0>,0.102989,0.103203,0.0,,0.0,,,,,,,,0.0,0.0,0.0,0.0,0.0,0.0,0.0,0.0,0.0,0.0,0.0,0.0,md-flexible,"autopas::LinkedCellsReferences<mdLib::MoleculeLJ>::getParticleImpl<(bool)0>(unsigned long, unsigned long, autopas::options::IteratorBehavior, std::array<double, (unsigned long)3> const&, std::array<double, (unsigned long)3> const&) const",LinkedCellsReferences.h,0x50e651
           autopas::LinkedCellsReferences<mdLib::MoleculeLJ>::advanceIteratorIndices<(bool)0>,0.102989,0.103203,0.0,,0.0,,,,,,,,0.015953,0.015953,0.0,0.0,0.0,0.0,0.0,0.0,0.0,0.0,0.0,0.0,md-flexible,"autopas::LinkedCellsReferences<mdLib::MoleculeLJ>::advanceIteratorIndices<(bool)0>(unsigned long, unsigned long, autopas::options::IteratorBehavior, std::array<double, (unsigned long)3> const&, std::array<double, (unsigned long)3> const&, std::array<double, (unsigned long)3> const&, std::array<double, (unsigned long)3> const&, unsigned long) const",LinkedCellsReferences.h,0x4fe180
         mdLib::MoleculeLJ::setOldF,0.103131,0.103345,0.0,,0.0,,,,,,,,0.015975,0.015975,0.0,0.0,0.0,0.0,0.0,0.0,0.0,0.0,0.0,0.0,md-flexible,"mdLib::MoleculeLJ::setOldF(std::array<double, (unsigned long)3> const&)",MoleculeLJ.cpp,0x692390
     Simulation::updateVelocities,0.465124,0.466088,0.0,,0.0,,,,,,,,0.0,0.0,0.0,0.0,0.0,0.0,0.0,0.0,0.0,0.0,0.0,0.0,md-flexible,Simulation::updateVelocities(void),Simulation.cpp,0x40a1d8
      TimeDiscretization::calculateVelocities,0.465124,0.466088,0.0,,0.0,,,,,,,,0.0,0.0,0.0,0.0,0.0,0.0,0.0,0.0,0.0,0.0,0.0,0.0,md-flexible,"TimeDiscretization::calculateVelocities(autopas::AutoPas<mdLib::MoleculeLJ>&, ParticlePropertiesLibrary<double, unsigned long> const&, double const&)",TimeDiscretization.cpp,0x459aa0
       GOMP_parallel,0.465124,0.466088,0.0,,0.0,,,,,,,,0.0,0.0,0.0,0.0,0.0,0.0,0.0,0.0,0.0,0.0,0.0,0.0,libgomp.so.1,GOMP_parallel,parallel.c,0x18260
        TimeDiscretization::calculateVelocities._omp_fn.0,0.465124,0.466088,0.0,,0.0,,,,,,,,0.020003,0.020003,0.0,0.0,0.0,0.0,0.0,0.0,0.0,0.0,0.0,0.0,md-flexible,TimeDiscretization::calculateVelocities._omp_fn.0,TimeDiscretization.cpp,0x459720
         autopas::LinkedCellsReferences<mdLib::MoleculeLJ>::getParticle,0.335990,0.336686,0.0,,0.0,,,,,,,,0.020000,0.020000,0.0,0.0,0.0,0.0,0.0,0.0,0.0,0.0,0.0,0.0,md-flexible,"autopas::LinkedCellsReferences<mdLib::MoleculeLJ>::getParticle(unsigned long, unsigned long, autopas::options::IteratorBehavior) const",LinkedCellsReferences.h,0x50e640
          autopas::LinkedCellsReferences<mdLib::MoleculeLJ>::getParticleImpl<(bool)0>,0.206873,0.207302,0.0,,0.0,,,,,,,,0.012016,0.012016,0.0,0.0,0.0,0.0,0.0,0.0,0.0,0.0,0.0,0.0,md-flexible,"autopas::LinkedCellsReferences<mdLib::MoleculeLJ>::getParticleImpl<(bool)0>(unsigned long, unsigned long, autopas::options::IteratorBehavior, std::array<double, (unsigned long)3> const&, std::array<double, (unsigned long)3> const&) const",LinkedCellsReferences.h,0x50e651
           "autopas::containerIteratorUtils::particleFulfillsIteratorRequirements<(bool)0, mdLib::MoleculeLJ, std::array<double, (unsigned long)3>>",0.077467,0.077628,0.0,,0.0,,,,,,,,0.012000,0.012000,0.0,0.0,0.0,0.0,0.0,0.0,0.0,0.0,0.0,0.0,md-flexible,"autopas::containerIteratorUtils::particleFulfillsIteratorRequirements<(bool)0, mdLib::MoleculeLJ, std::array<double, (unsigned long)3>>(mdLib::MoleculeLJ const&, autopas::options::IteratorBehavior, std::array<double, (unsigned long)3> const&, std::array<double, (unsigned long)3> const&)",ContainerIterator.h,0x50e71f
           autopas::ReferenceParticleCell<mdLib::MoleculeLJ>::size,0.051835,0.051943,0.0,,0.0,,,,,,,,0.0,0.0,0.0,0.0,0.0,0.0,0.0,0.0,0.0,0.0,0.0,0.0,md-flexible,autopas::ReferenceParticleCell<mdLib::MoleculeLJ>::size(void) const,ReferenceParticleCell.h,0x50e6f8
            "std::vector<mdLib::MoleculeLJ*, std::allocator<mdLib::MoleculeLJ*>>::size",0.051835,0.051943,0.0,,0.0,,,,,,,,0.008029,0.008029,0.0,0.0,0.0,0.0,0.0,0.0,0.0,0.0,0.0,0.0,md-flexible,"std::vector<mdLib::MoleculeLJ*, std::allocator<mdLib::MoleculeLJ*>>::size(void) const",stl_vector.h,0x50e6f8
     RegularGridDecomposition::reflectParticlesAtBoundaries,0.387406,0.388209,0.0,,0.0,,,,,,,,0.0,0.0,0.0,0.0,0.0,0.0,0.0,0.0,0.0,0.0,0.0,0.0,md-flexible,"RegularGridDecomposition::reflectParticlesAtBoundaries(autopas::AutoPas<mdLib::MoleculeLJ>&, ParticlePropertiesLibrary<double, unsigned long>&)",RegularGridDecomposition.cpp,0x4ed760
      "RegularGridDecomposition::reflectParticlesAtBoundaries(autopas::AutoPas<mdLib::MoleculeLJ>&, ParticlePropertiesLibrary<double, unsigned long>&)::{lambda(bool)#1}::operator()",0.387406,0.388209,0.0,,0.0,,,,,,,,0.0,0.0,0.0,0.0,0.0,0.0,0.0,0.0,0.0,0.0,0.0,0.0,md-flexible,"RegularGridDecomposition::reflectParticlesAtBoundaries(autopas::AutoPas<mdLib::MoleculeLJ>&, ParticlePropertiesLibrary<double, unsigned long>&)::{lambda(bool)#1}::operator()(bool) const",RegularGridDecomposition.cpp,0x4ed440
       autopas::VerletListsLinkedReferencesBase<mdLib::MoleculeLJ>::getRegionIterator,0.387406,0.388209,0.0,,0.0,,,,,,,,0.0,0.0,0.0,0.0,0.0,0.0,0.0,0.0,0.0,0.0,0.0,0.0,md-flexible,"autopas::VerletListsLinkedReferencesBase<mdLib::MoleculeLJ>::getRegionIterator(std::array<double, (unsigned long)3> const&, std::array<double, (unsigned long)3> const&, autopas::options::IteratorBehavior, std::optional<std::reference_wrapper<std::vector<std::vector<mdLib::MoleculeLJ, std::allocator<mdLib::MoleculeLJ>>*, std::allocator<std::vector<mdLib::MoleculeLJ, std::allocator<mdLib::MoleculeLJ>>*>>>>)",VerletListsLinkedReferencesBase.h,0x523980
        autopas::LinkedCellsReferences<mdLib::MoleculeLJ>::getRegionIterator,0.387406,0.388209,0.0,,0.0,,,,,,,,0.0,0.0,0.0,0.0,0.0,0.0,0.0,0.0,0.0,0.0,0.0,0.0,md-flexible,"autopas::LinkedCellsReferences<mdLib::MoleculeLJ>::getRegionIterator(std::array<double, (unsigned long)3> const&, std::array<double, (unsigned long)3> const&, autopas::options::IteratorBehavior, std::optional<std::reference_wrapper<std::vector<std::vector<mdLib::MoleculeLJ, std::allocator<mdLib::MoleculeLJ>>*, std::allocator<std::vector<mdLib::MoleculeLJ, std::allocator<mdLib::MoleculeLJ>>*>>>>)",LinkedCellsReferences.h,0x523981
         "autopas::ContainerIterator<mdLib::MoleculeLJ, (bool)1, (bool)1>::ContainerIterator",0.387406,0.388209,0.0,,0.0,,,,,,,,0.0,0.0,0.0,0.0,0.0,0.0,0.0,0.0,0.0,0.0,0.0,0.0,md-flexible,"autopas::ContainerIterator<mdLib::MoleculeLJ, (bool)1, (bool)1>::ContainerIterator(autopas::ParticleContainerInterface<mdLib::MoleculeLJ>&, autopas::options::IteratorBehavior, std::optional<std::reference_wrapper<std::vector<std::vector<mdLib::MoleculeLJ, std::allocator<mdLib::MoleculeLJ>>*, std::allocator<std::vector<mdLib::MoleculeLJ, std::allocator<mdLib::MoleculeLJ>>*>>>>, std::array<double, (unsigned long)3> const&, std::array<double, (unsigned long)3> const&)",ContainerIterator.h,0x5239a8
          "autopas::ContainerIterator<mdLib::MoleculeLJ, (bool)1, (bool)1>::ContainerIterator",0.387406,0.388209,0.0,,0.0,,,,,,,,0.0,0.0,0.0,0.0,0.0,0.0,0.0,0.0,0.0,0.0,0.0,0.0,md-flexible,"autopas::ContainerIterator<mdLib::MoleculeLJ, (bool)1, (bool)1>::ContainerIterator(void*, autopas::ParticleContainerInterface<mdLib::MoleculeLJ>&, autopas::options::IteratorBehavior, std::optional<std::reference_wrapper<std::vector<std::vector<mdLib::MoleculeLJ, std::allocator<mdLib::MoleculeLJ>>*, std::allocator<std::vector<mdLib::MoleculeLJ, std::allocator<mdLib::MoleculeLJ>>*>>>>, std::array<double, (unsigned long)3> const&, std::array<double, (unsigned long)3> const&)",ContainerIterator.h,0x5239a8
           "autopas::ContainerIterator<mdLib::MoleculeLJ, (bool)1, (bool)1>::fetchParticleAtCurrentIndex",0.387406,0.388209,0.0,,0.0,,,,,,,,0.0,0.0,0.0,0.0,0.0,0.0,0.0,0.0,0.0,0.0,0.0,0.0,md-flexible,"autopas::ContainerIterator<mdLib::MoleculeLJ, (bool)1, (bool)1>::fetchParticleAtCurrentIndex(void)",ContainerIterator.h,0x4f20e0
            autopas::ParticleContainerInterface<mdLib::MoleculeLJ>::getParticle,0.387406,0.388209,0.0,,0.0,,,,,,,,0.0,0.0,0.0,0.0,0.0,0.0,0.0,0.0,0.0,0.0,0.0,0.0,md-flexible,"autopas::ParticleContainerInterface<mdLib::MoleculeLJ>::getParticle(unsigned long, unsigned long, autopas::options::IteratorBehavior, std::array<double, (unsigned long)3> const&, std::array<double, (unsigned long)3> const&)",ParticleContainerInterface.h,0x4f224f
             autopas::LinkedCellsReferences<mdLib::MoleculeLJ>::getParticle,0.387406,0.388209,0.0,,0.0,,,,,,,,0.0,0.0,0.0,0.0,0.0,0.0,0.0,0.0,0.0,0.0,0.0,0.0,md-flexible,"autopas::LinkedCellsReferences<mdLib::MoleculeLJ>::getParticle(unsigned long, unsigned long, autopas::options::IteratorBehavior, std::array<double, (unsigned long)3> const&, std::array<double, (unsigned long)3> const&) const",LinkedCellsReferences.h,0x53a950
              autopas::LinkedCellsReferences<mdLib::MoleculeLJ>::getParticleImpl<(bool)1>,0.387406,0.388209,0.0,,0.0,,,,,,,,0.0,0.0,0.0,0.0,0.0,0.0,0.0,0.0,0.0,0.0,0.0,0.0,md-flexible,"autopas::LinkedCellsReferences<mdLib::MoleculeLJ>::getParticleImpl<(bool)1>(unsigned long, unsigned long, autopas::options::IteratorBehavior, std::array<double, (unsigned long)3> const&, std::array<double, (unsigned long)3> const&) const",LinkedCellsReferences.h,0x53a510
               autopas::LinkedCellsReferences<mdLib::MoleculeLJ>::advanceIteratorIndices<(bool)1>,0.387406,0.388209,0.0,,0.0,,,,,,,,0.0,0.0,0.0,0.0,0.0,0.0,0.0,0.0,0.0,0.0,0.0,0.0,md-flexible,"autopas::LinkedCellsReferences<mdLib::MoleculeLJ>::advanceIteratorIndices<(bool)1>(unsigned long, unsigned long, autopas::options::IteratorBehavior, std::array<double, (unsigned long)3> const&, std::array<double, (unsigned long)3> const&, std::array<double, (unsigned long)3> const&, std::array<double, (unsigned long)3> const&, unsigned long) const",LinkedCellsReferences.h,0x53a080
                "autopas::LinkedCellsReferences<mdLib::MoleculeLJ>::advanceIteratorIndices<(bool)1>(unsigned long, unsigned long, autopas::options::IteratorBehavior, std::array<double, (unsigned long)3> const&, std::array<double, (unsigned long)3> const&, std::array<double, (unsigned long)3> const&, std::array<double, (unsigned long)3> const&, unsigned long) const::{lambda()#1}::operator()",0.387406,0.388209,0.0,,0.0,,,,,,,,0.0,0.0,0.0,0.0,0.0,0.0,0.0,0.0,0.0,0.0,0.0,0.0,md-flexible,"autopas::LinkedCellsReferences<mdLib::MoleculeLJ>::advanceIteratorIndices<(bool)1>(unsigned long, unsigned long, autopas::options::IteratorBehavior, std::array<double, (unsigned long)3> const&, std::array<double, (unsigned long)3> const&, std::array<double, (unsigned long)3> const&, std::array<double, (unsigned long)3> const&, unsigned long) const::{lambda()#1}::operator()(void) const",LinkedCellsReferences.h,0x53a0ba
                 autopas::internal::CellBlock3D<autopas::ReferenceParticleCell<mdLib::MoleculeLJ>>::getCellBoundingBox,0.232477,0.232959,0.0,,0.0,,,,,,,,0.0,0.0,0.0,0.0,0.0,0.0,0.0,0.0,0.0,0.0,0.0,0.0,md-flexible,autopas::internal::CellBlock3D<autopas::ReferenceParticleCell<mdLib::MoleculeLJ>>::getCellBoundingBox(unsigned long) const,CellBlock3D.h,0x53a187
                  autopas::internal::CellBlock3D<autopas::ReferenceParticleCell<mdLib::MoleculeLJ>>::getCellBoundingBox,0.232477,0.232959,0.0,,0.0,,,,,,,,0.0,0.0,0.0,0.0,0.0,0.0,0.0,0.0,0.0,0.0,0.0,0.0,md-flexible,"autopas::internal::CellBlock3D<autopas::ReferenceParticleCell<mdLib::MoleculeLJ>>::getCellBoundingBox(std::array<unsigned long, (unsigned long)3> const&) const",CellBlock3D.h,0x53a18d
                   "std::pair<std::array<double, (unsigned long)3>, std::array<double, (unsigned long)3>>::pair<std::array<double, (unsigned long)3>&, std::array<double, (unsigned long)3>&>",0.232477,0.232959,0.0,,0.0,,,,,,,,0.036010,0.036010,0.0,0.0,0.0,0.0,0.0,0.0,0.0,0.0,0.0,0.0,md-flexible,"std::pair<std::array<double, (unsigned long)3>, std::array<double, (unsigned long)3>>::pair<std::array<double, (unsigned long)3>&, std::array<double, (unsigned long)3>&>(std::array<double, (unsigned long)3>&&&, std::array<double, (unsigned long)3>&&&)",stl_pair.h,0x53a258
                 "autopas::LinkedCellsReferences<mdLib::MoleculeLJ>::advanceIteratorIndices<(bool)1>(unsigned long, unsigned long, autopas::options::IteratorBehavior, std::array<double, (unsigned long)3> const&, std::array<double, (unsigned long)3> const&, std::array<double, (unsigned long)3> const&, std::array<double, (unsigned long)3> const&, unsigned long) const::{lambda()#1}::operator()",0.154929,0.155250,0.0,,0.0,,,,,,,,0.0,0.0,0.0,0.0,0.0,0.0,0.0,0.0,0.0,0.0,0.0,0.0,md-flexible,"autopas::LinkedCellsReferences<mdLib::MoleculeLJ>::advanceIteratorIndices<(bool)1>(unsigned long, unsigned long, autopas::options::IteratorBehavior, std::array<double, (unsigned long)3> const&, std::array<double, (unsigned long)3> const&, std::array<double, (unsigned long)3> const&, std::array<double, (unsigned long)3> const&, unsigned long) const::{lambda()#1}::operator()(void) const",LinkedCellsReferences.h,0x53a187
                  autopas::internal::CellBlock3D<autopas::ReferenceParticleCell<mdLib::MoleculeLJ>>::getCellBoundingBox,0.154929,0.155250,0.0,,0.0,,,,,,,,0.0,0.0,0.0,0.0,0.0,0.0,0.0,0.0,0.0,0.0,0.0,0.0,md-flexible,autopas::internal::CellBlock3D<autopas::ReferenceParticleCell<mdLib::MoleculeLJ>>::getCellBoundingBox(unsigned long) const,CellBlock3D.h,0x53a187
                   autopas::internal::CellBlock3D<autopas::ReferenceParticleCell<mdLib::MoleculeLJ>>::getCellBoundingBox,0.154929,0.155250,0.0,,0.0,,,,,,,,0.023998,0.023998,0.0,0.0,0.0,0.0,0.0,0.0,0.0,0.0,0.0,0.0,md-flexible,"autopas::internal::CellBlock3D<autopas::ReferenceParticleCell<mdLib::MoleculeLJ>>::getCellBoundingBox(std::array<unsigned long, (unsigned long)3> const&) const",CellBlock3D.h,0x53a18d
    Simulation::~Simulation,0.129117,0.129384,0.0,,0.0,,,,,,,,0.0,0.0,0.0,0.0,0.0,0.0,0.0,0.0,0.0,0.0,0.0,0.0,md-flexible,Simulation::~Simulation(void),Simulation.h,0x4faed0
     std::shared_ptr<autopas::AutoPas<mdLib::MoleculeLJ>>::~shared_ptr,0.129117,0.129384,0.0,,0.0,,,,,,,,0.0,0.0,0.0,0.0,0.0,0.0,0.0,0.0,0.0,0.0,0.0,0.0,md-flexible,std::shared_ptr<autopas::AutoPas<mdLib::MoleculeLJ>>::~shared_ptr(void),shared_ptr.h,0x4fb1b9
      autopas::AutoPas<mdLib::MoleculeLJ>::~AutoPas,0.129117,0.129384,0.0,,0.0,,,,,,,,0.0,0.0,0.0,0.0,0.0,0.0,0.0,0.0,0.0,0.0,0.0,0.0,md-flexible,autopas::AutoPas<mdLib::MoleculeLJ>::~AutoPas(void),AutoPasImpl.h,0x513d30
       "std::unique_ptr<autopas::LogicHandler<mdLib::MoleculeLJ>, std::default_delete<autopas::LogicHandler<mdLib::MoleculeLJ>>>::~unique_ptr",0.129117,0.129384,0.0,,0.0,,,,,,,,0.0,0.0,0.0,0.0,0.0,0.0,0.0,0.0,0.0,0.0,0.0,0.0,md-flexible,"std::unique_ptr<autopas::LogicHandler<mdLib::MoleculeLJ>, std::default_delete<autopas::LogicHandler<mdLib::MoleculeLJ>>>::~unique_ptr(void)",unique_ptr.h,0x513d6d
        autopas::LogicHandler<mdLib::MoleculeLJ>::~LogicHandler,0.129117,0.129384,0.0,,0.0,,,,,,,,0.0,0.0,0.0,0.0,0.0,0.0,0.0,0.0,0.0,0.0,0.0,0.0,md-flexible,autopas::LogicHandler<mdLib::MoleculeLJ>::~LogicHandler(void),LogicHandler.h,0x4ffc80
         "std::unique_ptr<autopas::ParticleContainerInterface<mdLib::MoleculeLJ>, std::default_delete<autopas::ParticleContainerInterface<mdLib::MoleculeLJ>>>::~unique_ptr",0.129117,0.129384,0.0,,0.0,,,,,,,,0.0,0.0,0.0,0.0,0.0,0.0,0.0,0.0,0.0,0.0,0.0,0.0,md-flexible,"std::unique_ptr<autopas::ParticleContainerInterface<mdLib::MoleculeLJ>, std::default_delete<autopas::ParticleContainerInterface<mdLib::MoleculeLJ>>>::~unique_ptr(void)",unique_ptr.h,0x4ffe16
          "autopas::VerletLists<mdLib::MoleculeLJ, autopas::VerletListsLinkedReferencesBase>::~VerletLists",0.129117,0.129384,0.0,,0.0,,,,,,,,0.0,0.0,0.0,0.0,0.0,0.0,0.0,0.0,0.0,0.0,0.0,0.0,md-flexible,"autopas::VerletLists<mdLib::MoleculeLJ, autopas::VerletListsLinkedReferencesBase>::~VerletLists(void)",VerletLists.h,0x525050
           "autopas::VerletLists<mdLib::MoleculeLJ, autopas::VerletListsLinkedReferencesBase>::~VerletLists",0.129117,0.129384,0.0,,0.0,,,,,,,,0.0,0.0,0.0,0.0,0.0,0.0,0.0,0.0,0.0,0.0,0.0,0.0,md-flexible,"autopas::VerletLists<mdLib::MoleculeLJ, autopas::VerletListsLinkedReferencesBase>::~VerletLists(void)",VerletLists.h,0x525050
            "std::unordered_map<mdLib::MoleculeLJ*, std::vector<mdLib::MoleculeLJ*, std::allocator<mdLib::MoleculeLJ*>>, std::hash<mdLib::MoleculeLJ*>, std::equal_to<mdLib::MoleculeLJ*>, std::allocator<std::pair<mdLib::MoleculeLJ* const, std::vector<mdLib::MoleculeLJ*, std::allocator<mdLib::MoleculeLJ*>>>>>::~unordered_map",0.129117,0.129384,0.0,,0.0,,,,,,,,0.020000,0.020000,0.0,0.0,0.0,0.0,0.0,0.0,0.0,0.0,0.0,0.0,md-flexible,"std::unordered_map<mdLib::MoleculeLJ*, std::vector<mdLib::MoleculeLJ*, std::allocator<mdLib::MoleculeLJ*>>, std::hash<mdLib::MoleculeLJ*>, std::equal_to<mdLib::MoleculeLJ*>, std::allocator<std::pair<mdLib::MoleculeLJ* const, std::vector<mdLib::MoleculeLJ*, std::allocator<mdLib::MoleculeLJ*>>>>>::~unordered_map(void)",unordered_map.h,0x525143
    Simulation::Simulation,0.128863,0.129130,0.0,,0.0,,,,,,,,0.0,0.0,0.0,0.0,0.0,0.0,0.0,0.0,0.0,0.0,0.0,0.0,md-flexible,"Simulation::Simulation(MDFlexConfig const&, std::shared_ptr<RegularGridDecomposition>&)",Simulation.cpp,0x40abda
     Simulation::loadParticles,0.128863,0.129130,0.0,,0.0,,,,,,,,0.0,0.0,0.0,0.0,0.0,0.0,0.0,0.0,0.0,0.0,0.0,0.0,md-flexible,Simulation::loadParticles(void),Simulation.cpp,0x40a894
      "addParticlesIf<std::vector<mdLib::MoleculeLJ>&, Simulation::loadParticles()::<lambda(auto:195&)> >",0.128863,0.129130,0.0,,0.0,,,,,,,,0.0,0.0,0.0,0.0,0.0,0.0,0.0,0.0,0.0,0.0,0.0,0.0,md-flexible,"addParticlesIf<std::vector<mdLib::MoleculeLJ>&, Simulation::loadParticles()::<lambda(auto:195&)> >",AutoPasImpl.h,0x40a894
       "addParticlesAux<autopas::AutoPas<mdLib::MoleculeLJ>::addParticlesIf<std::vector<mdLib::MoleculeLJ>&, Simulation::loadParticles()::<lambda(auto:195&)> >(std::vector<mdLib::MoleculeLJ>&, Simulation::loadParticles()::<lambda(auto:195&)>)::<lambda(auto:186)> >",0.128863,0.129130,0.0,,0.0,,,,,,,,0.0,0.0,0.0,0.0,0.0,0.0,0.0,0.0,0.0,0.0,0.0,0.0,md-flexible,"addParticlesAux<autopas::AutoPas<mdLib::MoleculeLJ>::addParticlesIf<std::vector<mdLib::MoleculeLJ>&, Simulation::loadParticles()::<lambda(auto:195&)> >(std::vector<mdLib::MoleculeLJ>&, Simulation::loadParticles()::<lambda(auto:195&)>)::<lambda(auto:186)> >",AutoPasImpl.h,0x43a68c
        GOMP_parallel,0.128863,0.129130,0.0,,0.0,,,,,,,,0.0,0.0,0.0,0.0,0.0,0.0,0.0,0.0,0.0,0.0,0.0,0.0,libgomp.so.1,GOMP_parallel,parallel.c,0x18260
         _ZN7autopas7AutoPasIN5mdLib10MoleculeLJEE15addParticlesAuxIZNS3_14addParticlesIfIRSt6vectorIS2_SaIS2_EEZN10Simulation13loadParticlesEvEUlRT_E_EEvOSB_T0_EUlSB_E_EEvmmmSB_._omp_fn.0,0.128863,0.129130,0.0,,0.0,,,,,,,,0.0,0.0,0.0,0.0,0.0,0.0,0.0,0.0,0.0,0.0,0.0,0.0,md-flexible,_ZN7autopas7AutoPasIN5mdLib10MoleculeLJEE15addParticlesAuxIZNS3_14addParticlesIfIRSt6vectorIS2_SaIS2_EEZN10Simulation13loadParticlesEvEUlRT_E_EEvOSB_T0_EUlSB_E_EEvmmmSB_._omp_fn.0,AutoPasImpl.h,0x4337a0
          autopas::LogicHandler<mdLib::MoleculeLJ>::addParticle,0.128863,0.129130,0.0,,0.0,,,,,,,,0.0,0.0,0.0,0.0,0.0,0.0,0.0,0.0,0.0,0.0,0.0,0.0,md-flexible,autopas::LogicHandler<mdLib::MoleculeLJ>::addParticle(mdLib::MoleculeLJ const&),LogicHandler.h,0x4f3a30
           autopas::ParticleContainerInterface<mdLib::MoleculeLJ>::addParticle<(bool)0>,0.128863,0.129130,0.0,,0.0,,,,,,,,0.0,0.0,0.0,0.0,0.0,0.0,0.0,0.0,0.0,0.0,0.0,0.0,md-flexible,autopas::ParticleContainerInterface<mdLib::MoleculeLJ>::addParticle<(bool)0>(mdLib::MoleculeLJ const&),ParticleContainerInterface.h,0x4f3c31
            autopas::VerletListsLinkedReferencesBase<mdLib::MoleculeLJ>::addParticleImpl,0.128863,0.129130,0.0,,0.0,,,,,,,,0.0,0.0,0.0,0.0,0.0,0.0,0.0,0.0,0.0,0.0,0.0,0.0,md-flexible,autopas::VerletListsLinkedReferencesBase<mdLib::MoleculeLJ>::addParticleImpl(mdLib::MoleculeLJ const&),VerletListsLinkedReferencesBase.h,0x51cca0
             autopas::LinkedCellsReferences<mdLib::MoleculeLJ>::addParticleImpl,0.128863,0.129130,0.0,,0.0,,,,,,,,0.0,0.0,0.0,0.0,0.0,0.0,0.0,0.0,0.0,0.0,0.0,0.0,md-flexible,autopas::LinkedCellsReferences<mdLib::MoleculeLJ>::addParticleImpl(mdLib::MoleculeLJ const&),LinkedCellsReferences.h,0x51cca4
              autopas::LinkedCellsReferences<mdLib::MoleculeLJ>::updateDirtyParticleReferences,0.077388,0.077548,0.0,,0.0,,,,,,,,0.0,0.0,0.0,0.0,0.0,0.0,0.0,0.0,0.0,0.0,0.0,0.0,md-flexible,autopas::LinkedCellsReferences<mdLib::MoleculeLJ>::updateDirtyParticleReferences(void),LinkedCellsReferences.h,0x51cd8b
               autopas::LinkedCellsReferences<mdLib::MoleculeLJ>::updateDirtyParticleReferences,0.077388,0.077548,0.0,,0.0,,,,,,,,0.0,0.0,0.0,0.0,0.0,0.0,0.0,0.0,0.0,0.0,0.0,0.0,md-flexible,autopas::LinkedCellsReferences<mdLib::MoleculeLJ>::updateDirtyParticleReferences(void),LinkedCellsReferences.h,0x41b450
                autopas::ReferenceParticleCell<mdLib::MoleculeLJ>::addParticleReference,0.077388,0.077548,0.0,,0.0,,,,,,,,0.0,0.0,0.0,0.0,0.0,0.0,0.0,0.0,0.0,0.0,0.0,0.0,md-flexible,autopas::ReferenceParticleCell<mdLib::MoleculeLJ>::addParticleReference(mdLib::MoleculeLJ*),ReferenceParticleCell.h,0x41b450
                 std::lock_guard<autopas::AutoPasLock>::~lock_guard,0.077388,0.077548,0.0,,0.0,,,,,,,,0.0,0.0,0.0,0.0,0.0,0.0,0.0,0.0,0.0,0.0,0.0,0.0,md-flexible,std::lock_guard<autopas::AutoPasLock>::~lock_guard(void),std_mutex.h,0x5014a2
                  autopas::AutoPasLock::unlock,0.077388,0.077548,0.0,,0.0,,,,,,,,0.0,0.0,0.0,0.0,0.0,0.0,0.0,0.0,0.0,0.0,0.0,0.0,md-flexible,autopas::AutoPasLock::unlock(void),WrapOpenMP.h,0x5014a2
                   gomp_unset_lock_30,0.077388,0.077548,0.0,,0.0,,,,,,,,0.011987,0.011987,0.0,0.0,0.0,0.0,0.0,0.0,0.0,0.0,0.0,0.0,libgomp.so.1,gomp_unset_lock_30,lock.c,0x23de0
              ParticleVector<mdLib::MoleculeLJ>::push_back,0.051475,0.051581,0.0,,0.0,,,,,,,,0.0,0.0,0.0,0.0,0.0,0.0,0.0,0.0,0.0,0.0,0.0,0.0,md-flexible,ParticleVector<mdLib::MoleculeLJ>::push_back(mdLib::MoleculeLJ const&),ParticleVector.h,0x51ccaf
               "std::vector<mdLib::MoleculeLJ, std::allocator<mdLib::MoleculeLJ>>::push_back",0.051475,0.051581,0.0,,0.0,,,,,,,,0.0,0.0,0.0,0.0,0.0,0.0,0.0,0.0,0.0,0.0,0.0,0.0,md-flexible,"std::vector<mdLib::MoleculeLJ, std::allocator<mdLib::MoleculeLJ>>::push_back(mdLib::MoleculeLJ const&)",stl_vector.h,0x51ccf0
                _ZSt12construct_atIN5mdLib10MoleculeLJEJRKS1_EEDTgsnwcvPvLi0E_T_pispcl7declvalIT0_EEEEPS5_DpOS6_,0.051475,0.051581,0.0,,0.0,,,,,,,,0.0,0.0,0.0,0.0,0.0,0.0,0.0,0.0,0.0,0.0,0.0,0.0,md-flexible,_ZSt12construct_atIN5mdLib10MoleculeLJEJRKS1_EEDTgsnwcvPvLi0E_T_pispcl7declvalIT0_EEEEPS5_DpOS6_,stl_construct.h,0x51ccf0
                 mdLib::MoleculeLJ::MoleculeLJ,0.051475,0.051581,0.0,,0.0,,,,,,,,0.0,0.0,0.0,0.0,0.0,0.0,0.0,0.0,0.0,0.0,0.0,0.0,md-flexible,mdLib::MoleculeLJ::MoleculeLJ(mdLib::MoleculeLJ const&),MoleculeLJ.h,0x51ccf0
                  "autopas::ParticleBase<double, unsigned long>::ParticleBase",0.051475,0.051581,0.0,,0.0,,,,,,,,0.007973,0.007973,0.0,0.0,0.0,0.0,0.0,0.0,0.0,0.0,0.0,0.0,md-flexible,"autopas::ParticleBase<double, unsigned long>::ParticleBase(autopas::ParticleBase<double, unsigned long> const&)",ParticleBase.h,0x51ccf0
    MDFlexConfig::MDFlexConfig,0.077821,0.077983,0.0,,0.0,,,,,,,,0.0,0.0,0.0,0.0,0.0,0.0,0.0,0.0,0.0,0.0,0.0,0.0,md-flexible,"MDFlexConfig::MDFlexConfig(int, char**)",MDFlexConfig.cpp,0x415e7c
     MDFlexConfig::initializeObjects,0.077821,0.077983,0.0,,0.0,,,,,,,,0.0,0.0,0.0,0.0,0.0,0.0,0.0,0.0,0.0,0.0,0.0,0.0,md-flexible,MDFlexConfig::initializeObjects(void),MDFlexConfig.cpp,0x415042
      CubeGrid::generate,0.077821,0.077983,0.0,,0.0,,,,,,,,0.0,0.0,0.0,0.0,0.0,0.0,0.0,0.0,0.0,0.0,0.0,0.0,md-flexible,"CubeGrid::generate(std::vector<mdLib::MoleculeLJ, std::allocator<mdLib::MoleculeLJ>>&) const",CubeGrid.h,0x443250
       "autopasTools::generators::GridGenerator::fillWithParticles<autopasTools::PseudoContainer<std::vector<mdLib::MoleculeLJ, std::allocator<mdLib::MoleculeLJ>>>>",0.077821,0.077983,0.0,,0.0,,,,,,,,0.0,0.0,0.0,0.0,0.0,0.0,0.0,0.0,0.0,0.0,0.0,0.0,md-flexible,"autopasTools::generators::GridGenerator::fillWithParticles<autopasTools::PseudoContainer<std::vector<mdLib::MoleculeLJ, std::allocator<mdLib::MoleculeLJ>>>>(autopasTools::PseudoContainer<std::vector<mdLib::MoleculeLJ, std::allocator<mdLib::MoleculeLJ>>>&, std::array<unsigned long, (unsigned long)3> const&, autopas::utils::ParticleTypeTrait<autopasTools::PseudoContainer<std::vector<mdLib::MoleculeLJ, std::allocator<mdLib::MoleculeLJ>>>>::value const&, std::array<double, (unsigned long)3> const&, std::array<double, (unsigned long)3> const&)",GridGenerator.h,0x443363
        "autopasTools::PseudoContainer<std::vector<mdLib::MoleculeLJ, std::allocator<mdLib::MoleculeLJ>>>::addParticle",0.077821,0.077983,0.0,,0.0,,,,,,,,0.0,0.0,0.0,0.0,0.0,0.0,0.0,0.0,0.0,0.0,0.0,0.0,md-flexible,"autopasTools::PseudoContainer<std::vector<mdLib::MoleculeLJ, std::allocator<mdLib::MoleculeLJ>>>::addParticle(mdLib::MoleculeLJ const&)",PseudoContainer.h,0x443408
         "std::vector<mdLib::MoleculeLJ, std::allocator<mdLib::MoleculeLJ>>::push_back",0.077821,0.077983,0.0,,0.0,,,,,,,,0.0,0.0,0.0,0.0,0.0,0.0,0.0,0.0,0.0,0.0,0.0,0.0,md-flexible,"std::vector<mdLib::MoleculeLJ, std::allocator<mdLib::MoleculeLJ>>::push_back(mdLib::MoleculeLJ const&)",stl_vector.h,0x443408
          _ZSt12construct_atIN5mdLib10MoleculeLJEJRKS1_EEDTgsnwcvPvLi0E_T_pispcl7declvalIT0_EEEEPS5_DpOS6_,0.077821,0.077983,0.0,,0.0,,,,,,,,0.0,0.0,0.0,0.0,0.0,0.0,0.0,0.0,0.0,0.0,0.0,0.0,md-flexible,_ZSt12construct_atIN5mdLib10MoleculeLJEJRKS1_EEDTgsnwcvPvLi0E_T_pispcl7declvalIT0_EEEEPS5_DpOS6_,stl_construct.h,0x443408
           mdLib::MoleculeLJ::MoleculeLJ,0.077821,0.077983,0.0,,0.0,,,,,,,,0.0,0.0,0.0,0.0,0.0,0.0,0.0,0.0,0.0,0.0,0.0,0.0,md-flexible,mdLib::MoleculeLJ::MoleculeLJ(mdLib::MoleculeLJ const&),MoleculeLJ.h,0x443408
            "autopas::ParticleBase<double, unsigned long>::ParticleBase",0.077821,0.077983,0.0,,0.0,,,,,,,,0.012054,0.012054,0.0,0.0,0.0,0.0,0.0,0.0,0.0,0.0,0.0,0.0,md-flexible,"autopas::ParticleBase<double, unsigned long>::ParticleBase(autopas::ParticleBase<double, unsigned long> const&)",ParticleBase.h,0x443408
